Rank,TeamId,TeamName,LastSubmissionDate,Score,SubmissionCount,TeamMemberUserNames
1,15648364,bowwowforeach,"2026-05-11 12:51:55",1682.9,2,bowwowforeach
2,15635910,flg,"2026-05-07 15:28:44",1598.6,2,ferdinandlimburg
3,15635790,Vadasz,"2026-05-11 15:26:30",1556.3,2,vadasz
4,15654628,"Isaiah @ Tufa Labs","2026-05-07 22:18:34",1553.3,2,pressman1
5,15642431,Ebi,"2026-05-11 10:01:26",1548.8,2,ebinan92
6,15637383,Shun_PI,"2026-05-11 15:52:06",1525.3,2,shunrcn
7,15639635,"Erfan Eshratifar","2026-05-11 18:26:43",1485.0,2,erfaneshrati
8,15649172,kovi,"2026-05-11 08:15:16",1468.2,2,kovi22
9,15638126,sash,"2026-05-09 07:10:52",1440.9,2,sash2104
10,15634434,3Comets,"2026-05-11 02:18:21",1439.5,2,"javelin1991,lightmk"
11,15647145,"Galatea of the Spheres","2026-05-11 13:10:53",1425.4,2,"jademonk,salvadordali"
12,15638796,ShunkiKyoya,"2026-05-07 05:29:43",1418.1,2,shunkikyoya
13,15633806,lookaside,"2026-05-07 17:13:47",1397.6,2,lookaside
14,15636346,Ousagi,"2026-05-10 20:14:43",1397.1,2,enzowalter
15,15634084,klog,"2026-05-10 13:29:07",1381.3,2,mhrzmmhrzm
16,15736670,dnish,"2026-05-10 12:53:43",1379.0,2,dnishio
17,15736604,赵云龙,"2026-05-08 03:59:34",1377.3,2,zhao1122
18,15634389,ymg_aq,"2026-05-09 06:13:00",1374.4,2,ymgpalaqs
19,15831180,"Erik Kvanli","2026-05-11 14:53:40",1366.3,2,illedan
20,15751642,"jack gell","2026-05-11 17:11:10",1363.2,2,jackgell
21,15634995,HY2017,"2026-05-06 22:49:12",1359.5,2,hy2017
22,15671930,Ezra,"2026-05-10 23:55:18",1347.6,2,ezberch
23,15736823,"Tommy Barnes","2026-05-11 17:31:04",1334.8,2,tommybarnes
24,15772876,"Aidan P5","2026-05-11 12:59:39",1332.2,2,"aidanp5,sirhc47"
25,15633688,Artem,"2026-05-09 16:47:27",1323.1,2,veshkinartem
26,15633381,"Roche Overflow","2026-05-11 09:13:09",1322.5,2,"markorupnik,woosungyoon"
27,15708539,"Wenchong Huang","2026-05-09 02:38:54",1317.9,2,wenchonghuang
28,15633574,"Orbital Occle","2026-04-27 15:38:51",1289.9,2,milanpeelman
29,15636683,if_else_wins,"2026-05-11 18:54:08",1286.5,2,"abdoubenromdhane,iadhjarray,truthminer"
30,15654425,typeIIIfairy,"2026-05-11 13:05:49",1280.8,2,typeiiifairy
31,15636087,skalermo,"2026-05-08 19:28:45",1279.6,2,skalermo
32,15642124,skuro0315,"2026-05-11 19:58:21",1278.4,2,skuro0315
33,15703789,"Klgv Klgv","2026-05-08 18:50:51",1266.7,2,klgvklgv
34,15646227,ra5anchor,"2026-05-10 14:48:40",1265.8,2,junmitsui
35,15649441,mtmr_s1,"2026-05-07 15:41:42",1262.9,2,mtmrs1
36,15743609,bomac1,"2026-05-11 04:07:39",1259.7,2,bomac1
37,15665575,"Slawek Biel","2026-05-10 19:51:07",1248.9,2,slawekbiel
38,15634791,Claws,"2026-05-11 13:22:23",1244.9,2,"hweowe,kimura0415,timmecom"
39,15637607,Naoism,"2026-05-05 19:34:32",1244.4,2,naoism
40,15717471,unosss,"2026-05-10 18:49:55",1244.2,2,unosss
41,15733507,Boey,"2026-05-09 16:08:45",1236.4,2,boeychenjun
42,15768179,"Viltrum Empire","2026-05-11 17:08:48",1230.6,2,hocop1
43,15642031,"Son Pham","2026-05-11 03:47:28",1227.2,2,sonphamorg
44,15649057,"Jake Will","2026-05-10 22:06:30",1223.9,1,jakewwill
45,15708412,"Audun Ljone Henriksen","2026-05-11 06:45:45",1215.8,2,"audunljonehenriksen,eiriktorp"
46,15764969,"Kevin Cao","2026-05-11 16:28:05",1215.7,2,kevincao2
47,15671804,Hailstorm,"2026-05-11 11:56:37",1215.6,2,gestalt
48,15634664,glass_256,"2026-05-01 16:18:08",1211.8,2,glass256
49,15644467,"sary sary","2026-05-11 00:52:59",1211.8,2,sarysary
50,15669797,ichiro_9023,"2026-05-08 13:19:21",1211.5,2,ichiro9023
51,15822979,koh,"2026-05-11 15:53:08",1209.5,2,koheiuno
52,15644512,fgwiebfaoish,"2026-04-29 17:36:23",1209.1,2,fgwiebfaoish
53,15708470,monnu,"2026-05-11 16:28:37",1208.9,2,fuumin621
54,15660477,"Hober Malloc","2026-05-11 13:09:53",1203.3,2,simjeg
55,15671546,ush,"2026-05-05 13:50:30",1200.3,2,kusuha
56,15644708,"Vincent Schuler","2026-05-08 09:44:39",1198.0,2,vincentschuler
57,15670626,TensorFlower,"2026-05-11 13:48:48",1194.9,2,dzdatasci
58,15641635,penguin46,"2026-05-06 03:13:05",1183.8,2,ryotayoshinobu
59,15634383,Himeno,"2026-05-11 02:26:46",1179.2,2,lepidon
60,15634574,Nandodemo,"2026-05-03 15:19:56",1179.0,2,llkh0a
61,15645724,Yunioshi,"2026-05-10 13:55:53",1168.8,2,yunioshi
62,15709872,DONJYARAHOI,"2026-05-11 12:48:29",1168.7,2,donjyarahoi
63,15644679,Forrest,"2026-05-11 10:46:58",1166.9,2,yinxiaogang
64,15634218,c-number,"2026-04-28 03:19:06",1164.8,2,cnumber
65,15694267,DustyRusty,"2026-05-10 08:34:48",1162.9,2,davezwieback
66,15638274,istinetz,"2026-05-01 06:01:11",1161.9,2,istinetz
67,15885796,mrmvrey,"2026-05-09 14:22:41",1161.1,2,mrmvrey
68,15645361,YUYUTA,"2026-05-11 04:25:31",1158.3,2,yuyuta
69,15928279,"mason McClintic","2026-05-11 14:35:05",1156.6,2,masonmcclintic
70,15704750,COSMIC,"2026-05-10 09:22:56",1154.4,2,myotterspace
71,15659385,shilehaoduomingzile,"2026-05-11 08:07:24",1153.6,2,shilehaoduomingzile
72,15650340,Qixiu,"2026-04-24 05:10:38",1151.5,2,lantingguo
73,15643331,ktr,"2026-05-04 07:26:21",1151.0,2,kcotton21
74,15664074,"Ryan Tuosto","2026-05-11 01:40:24",1146.1,2,ryantuosto
75,15633447,aDg4b,"2026-05-01 16:31:15",1145.1,2,egrehbbt
76,15651656,耶✌,"2026-05-11 14:11:49",1144.1,2,qifeihhh666
77,15663258,K_ChanHo,"2026-04-25 14:46:58",1143.5,2,kchanho
78,15685584,"Caiden Matthews","2026-05-07 17:32:50",1143.2,2,caidenmatthews
79,15636360,"Roy Wei","2026-05-06 03:58:01",1142.3,2,renyiwei
80,15657173,"HassenHamdi Winning InchaAllah","2026-04-28 18:32:51",1139.2,2,hassenhamdi
81,15658630,siman,"2026-05-10 01:05:24",1137.0,2,simann
82,15634093,SonOfNike,"2026-05-04 14:29:33",1134.6,2,sonofnike
83,15641591,montplusa,"2026-05-11 14:09:18",1133.8,2,montplusa
84,15734988,"Sukjae Cho","2026-05-11 17:46:27",1133.8,2,jandjenter
85,15843274,"Scotty B","2026-05-10 22:59:33",1132.4,2,scottbedwell
86,15650205,burgundy,"2026-05-11 11:12:22",1132.1,2,burgundy
87,15677187,keyrox,"2026-05-06 22:38:18",1130.4,2,keyrox
88,15637090,"Kha Vo","2026-05-11 04:54:36",1128.5,2,khahuras
89,15645152,Dapp,"2026-05-11 11:21:30",1127.5,2,lgloria
90,15654920,linrock,"2026-05-07 16:27:51",1124.2,2,linrock
91,15688518,"Ethan Tang","2026-05-10 18:34:59",1122.8,2,ethantang999
92,15671063,"Leszek Góra","2026-05-11 14:39:49",1120.4,2,leonixis
93,15658026,arcobi,"2026-04-25 15:46:58",1119.9,2,bossaertsvincent
94,15637428,寿!,"2026-05-09 13:40:23",1119.8,2,taka3776toshi
95,15637792,gasin,"2026-04-20 13:47:04",1115.8,2,gascin
96,15753526,nesya,"2026-05-08 12:22:20",1115.0,2,nesyaru
97,15634758,"Mille Initiate","2026-05-11 06:42:41",1113.7,2,milleinitiate
98,15651246,"Rasmus Larsen","2026-04-30 13:38:35",1112.0,2,synquid
99,15637591,"🛰️ Low-Orbit Losers","2026-05-09 22:32:03",1108.6,2,"michaellist,oneupkiwi,wilhelmberghammer"
100,15800616,"Takuya Inoue","2026-05-07 22:38:19",1104.0,2,takuyainoue
101,15639040,frizzerdk,"2026-05-03 21:54:25",1103.3,2,frizzerdk
102,15658566,"Hung Nguyen","2026-05-06 15:15:31",1103.3,2,hungquoc03
103,15665592,apat1n,"2026-05-04 07:49:16",1100.7,2,grennwolf
104,15634841,senkin13,"2026-05-11 14:26:39",1094.9,2,senkin13
105,15740653,"Bryan Gregory","2026-05-10 02:59:42",1091.8,2,bryangregory
106,15643453,ohkawa3,"2026-05-06 12:52:58",1086.1,2,chack3
107,15693813,LMaldaz,"2026-05-10 22:18:50",1084.7,2,lmaldaz
108,15654879,NealDarkDarkDark,"2026-05-08 10:40:20",1079.9,2,wklyb1
109,15644315,"Komil Parmar","2026-05-11 14:00:55",1079.9,2,komilparmar
110,15820552,Jack,"2026-05-07 12:31:02",1079.6,2,jackvd
111,15636724,c0sm1c,"2026-05-11 15:18:46",1076.2,2,"emtovo,tanghao111,zenosga"
112,15642898,amoshyc,"2026-05-01 15:43:16",1072.9,1,amoshuangyc
113,15641139,Kronki,"2026-05-11 10:40:27",1070.2,2,kronki
114,15650087,lolzPPO,"2026-05-09 03:45:13",1068.0,2,lolzpo
115,15634388,没落者,"2026-05-11 14:21:41",1063.9,2,needless090
116,15662799,"Yiheng (Ethan) Cai","2026-04-23 17:42:32",1062.2,2,ethanyihengcai
117,15673145,"Sean Jones","2026-05-06 03:03:36",1061.0,2,seanjones444
118,15634727,mmath2,"2026-05-11 06:44:50",1058.2,2,mmath2
119,15637860,JeremyH43,"2026-05-05 15:33:54",1057.2,2,jeremyh43
120,15634855,Zacchaeus,"2026-05-08 06:46:49",1056.6,2,zacchaeus
121,15651544,kei-sho,"2026-05-10 08:09:12",1056.0,2,keisukecl
122,15718789,simmons1025,"2026-05-10 13:38:19",1054.8,2,simmons1025
123,15692729,vkhydras,"2026-05-11 17:09:46",1049.8,2,vickimar
124,15664022,Bangrocket,"2026-05-10 05:38:02",1049.7,2,joshuaheidorn
125,15820174,CRV5230,"2026-05-11 10:47:44",1049.6,2,crv5230
126,15652957,Ascalon,"2026-05-04 21:29:20",1049.6,2,ascalon
127,15839336,NANACHI,"2026-05-07 15:49:28",1049.0,2,wadakoki
128,15797030,"Alexander Gremyakov","2026-05-11 17:24:04",1048.8,2,alexandergremyakov
129,15639083,"OrbitalDominator 🚀","2026-05-10 17:49:47",1048.4,2,aleksanderhan
130,15644292,"Ha Quang Minh","2026-05-11 16:47:05",1048.1,2,haaminh
131,15724548,"Anh Phát Tô","2026-05-08 09:25:27",1047.8,2,anhphtt
132,15878160,"Maxs 7003","2026-05-11 15:55:25",1047.4,2,maxs7003
133,15676897,"Theo Le Gall","2026-05-01 08:19:44",1045.4,2,theolegall
134,15663027,dekaineko,"2026-05-10 13:19:13",1045.3,2,dekaineko
135,15756533,"Jun Peng #2","2026-05-04 16:39:42",1044.2,2,pengjun
136,15719329,OlivierS,"2026-05-11 01:14:46",1043.3,2,oliviers
137,15652069,"Oskar Seweryn","2026-04-24 04:44:48",1042.8,2,oskarseweryn
138,15642902,Álvaro,"2026-05-11 06:50:13",1041.4,2,alvaroborras
139,15843339,"Matt Hods","2026-05-11 03:15:36",1041.2,2,matthods
140,15635004,"Joe Bishop","2026-05-02 00:31:55",1040.5,2,ebjdoe
141,15671286,"Meetbels (Eric Wu)","2026-04-28 16:14:15",1039.0,1,meetbelsericwu
142,15651486,saihyou,"2026-05-11 12:55:11",1038.1,2,saihyou
143,15642265,Hossein,"2026-05-01 18:50:27",1038.0,2,tomi85
144,15727574,"Avas Gaire","2026-05-08 10:23:56",1037.6,2,avasgaire
145,15925216,李治磊,"2026-05-11 08:01:40",1036.9,2,virginialakewood
146,15659430,"Longkun Shi (Candyman)","2026-05-11 12:53:25",1035.8,2,"jacksonhuang666,longkunshicandyman"
147,15905421,"fan yanbing","2026-05-11 14:31:59",1035.4,2,jackpudding
148,15658619,SamaReddy94,"2026-05-11 14:21:52",1033.9,2,samareddy94
149,15796200,"Ruslan Raupov","2026-05-11 16:31:42",1033.0,2,ruslanraupoff
150,15651013,Akimichi,"2026-04-29 10:43:29",1032.6,2,michihiroakimatsu
151,15805158,Rudra9439,"2026-05-10 06:20:34",1031.6,2,rudrabhaskar
152,15653847,"Xiangyu Liu","2026-05-07 21:19:15",1031.1,2,xiangyuliu007
153,15663577,thiendangnn63,"2026-04-28 23:23:27",1030.7,2,thiendangnn63
154,15654971,Vish,"2026-05-11 16:43:58",1029.2,2,vishhvaksrinivasan
155,15809052,"Cameron Magari","2026-05-02 22:05:54",1028.7,2,cameronmagari
156,15759713,"Druzhin Timofei","2026-05-07 03:27:20",1027.0,2,icetol
157,15750816,Gilwonka,"2026-05-11 16:55:22",1026.6,2,gilwonka
158,15784431,"Anirudh K","2026-05-11 17:05:53",1025.5,2,anirudhk
159,15787394,bndoss,"2026-05-08 04:23:55",1025.5,2,bndoss
160,15650052,breso,"2026-05-05 08:58:13",1024.5,2,breso6
161,15643475,"Hit Imai","2026-05-11 03:53:35",1024.4,2,hitimai
162,15832610,Keanan,"2026-05-11 10:12:27",1024.1,2,citerne
163,15746362,"Mahdieh Rezaie","2026-05-07 13:54:41",1023.6,2,mahdiehrezaie
164,15689584,claudex,"2026-05-05 10:11:14",1023.3,2,binhdth
165,15649802,Maruichi01,"2026-05-07 03:45:53",1022.9,2,maruichi01
166,15852242,chenyfsusjje,"2026-05-11 10:17:25",1021.1,2,chenyfdws
167,15720119,nor,"2026-05-09 12:50:14",1019.8,2,nor33855
168,15704431,XiaokangWang,"2026-05-11 03:21:27",1019.6,2,xiaokangwang
169,15646524,kishizaki-sci,"2026-05-10 17:16:05",1019.4,2,superstringdev
170,15664575,NewTechMitch,"2026-05-11 02:08:30",1017.3,2,newtechmitch
171,15817191,"A. R. SEKKAT","2026-05-11 16:39:33",1016.8,2,arsekkat
172,15697082,"Shuntaro Tanaka","2026-05-09 23:10:43",1015.8,2,shuntarotanaka
173,15659472,"Hiiro Uchiyama","2026-05-11 15:32:36",1015.7,2,hiirouchiyama
174,15665256,Alvin,"2026-04-30 04:32:45",1015.6,2,alvinhoang
175,15661874,"Sliver Legion","2026-05-11 02:52:43",1014.0,2,"huntertiner,tmaxxer"
176,15813774,"Ceshine Lee","2026-05-11 15:18:10",1013.0,2,ceshine
177,15645196,"Aatif Fraz","2026-05-04 23:26:13",1012.9,2,aatiffraz
178,15633611,automatylicza,"2026-05-10 08:42:28",1012.8,2,automatylicza
179,15641466,"Van-Phuc Huynh","2026-05-10 16:23:12",1012.7,2,hvanphucs112
180,15636655,"Shamil Yagiyayev","2026-05-06 19:46:12",1012.5,2,thegrey
181,15654765,shigeria,"2026-05-11 08:37:21",1012.5,1,shigeria
182,15859813,corky,"2026-05-11 15:46:42",1012.3,2,corky08
183,15654560,"Zachary Maronek","2026-05-11 18:32:49",1010.8,2,zacharymaronek
184,15729388,"Lucas Boesen","2026-05-10 20:28:18",1010.6,2,lucasboesen
185,15635839,lingyu07,"2026-05-11 01:55:06",1009.9,2,lingyu07
186,15651186,"Marco DG","2026-05-11 13:37:56",1007.9,2,marcodg
187,15706867,"Amin Ebrahimzadeh","2026-05-09 12:23:14",1007.7,2,aminebrahimzadeh68
188,15693375,xixi,"2026-05-11 18:23:50",1007.4,2,lsdeeplearning
189,15635747,"Mathurin Ache","2026-05-11 05:55:15",1006.7,2,mathurinache
190,15718979,"Mykola Nelin","2026-05-11 14:27:14",1006.1,2,mykolanelin
191,15909625,ChrisLeiteScha,"2026-05-11 17:00:06",1005.7,2,chrisleitescha
192,15647855,Thomas,"2026-05-10 12:49:09",1005.4,2,thomasdubail
193,15637435,0STG0T,"2026-05-11 19:13:47",1005.4,2,oostg0t
194,15662816,24601,"2026-05-03 22:21:16",1005.1,2,jftripp
195,15734046,"Vojtech Franc","2026-05-06 13:15:37",1004.9,2,thevtm
196,15905151,Eda,"2026-05-11 12:03:38",1004.9,2,edagram
197,15662435,Maximiliano,"2026-05-11 11:13:58",1003.7,2,maximim
198,15851029,TAKMADA,"2026-05-11 15:08:57",1003.6,2,takmada
199,15660206,"Illimar Kirss","2026-05-11 19:34:45",1003.5,2,illimarkirss
200,15637503,ksew364,"2026-05-07 17:55:29",1003.5,2,ksew364
201,15700727,"T. Sri Vallabh","2026-04-27 16:12:30",1001.5,2,tsrivallabh
202,15895551,Chalyx,"2026-05-11 17:03:56",1000.7,2,chalyx
203,15693184,N0maD,"2026-05-11 06:11:29",999.3,4,"kindasomethin,thisisn0mad"
204,15641178,lucasdeoferreira,"2026-05-10 13:31:50",999.2,2,lucasdeoferreira
205,15903824,HilalElusive,"2026-05-11 15:16:37",998.3,2,hilalelmehdi
206,15719773,"[Deleted] 99262de5-02e8-402e-bb87-1cb3f2e93528","2026-04-29 06:11:13",998.1,2,del=4326cb61a9d48773
207,15634947,Thinker,"2026-04-30 14:47:00",998.1,2,"dgaodiao,kirakoko,lemomew,linkinpony"
208,15699270,K2.Tokyo,"2026-05-10 14:43:03",997.9,2,learningbeastkk
209,15877790,eiheychan,"2026-05-11 18:19:11",997.0,2,eiheychan
210,15730647,"Alexey Yurasov","2026-05-11 18:24:16",996.4,2,format37
211,15703677,"Oleh Patsan","2026-05-09 03:10:34",996.2,2,olehpatsan
212,15678763,Mooegi,"2026-05-08 06:19:14",995.6,2,mooegi
213,15657228,SKYisSKYisSKY,"2026-04-29 09:54:41",993.7,2,skyisskyissky
214,15859936,"Karan Singh Bisht","2026-05-10 06:36:23",992.4,2,karansinghbisht
215,15670705,MartinZiserman,"2026-05-07 07:57:28",991.0,2,zarmii
216,15642016,PxlPau,"2026-05-10 12:28:50",990.3,2,studybeetutoring
217,15682914,kgrou0,"2026-05-11 09:24:07",990.2,2,kgrou0
218,15864400,SQLRockstar,"2026-05-06 19:18:27",990.1,2,sqlrockstar
219,15647811,Orbit_flexer,"2026-05-11 08:42:16",989.2,2,"alexandrutkov,asdasdsadasdsasdasd,glebantonevich"
220,15919468,"Saidgani Dadajanov","2026-05-11 12:45:58",989.0,2,saidganidadajanov
221,15634535,"Jeki Wan Taufik","2026-05-10 13:50:50",988.2,2,jek1wantaufik
222,15809537,galaxy2025,"2026-05-10 10:52:13",985.3,2,galaxy2025
223,15856236,"Naveen Nimalan","2026-05-11 10:42:27",985.3,2,naveen512345
224,15647142,"Djenk Ivanov","2026-05-11 19:28:35",985.0,2,djenkivanov
225,15643560,Sitoa,"2026-05-03 13:14:01",985.0,2,torumitsutake
226,15797051,saeNeko,"2026-05-10 14:27:28",984.8,2,sae20gorilla
227,15648596,hongan,"2026-05-11 05:13:00",984.3,2,honganzhu
228,15926093,"Diptyajit Das","2026-05-11 12:20:59",983.9,2,diptyajitdas
229,15636550,winstonton,"2026-05-08 12:22:51",983.2,2,winstonton
230,15633953,kglctf,"2026-05-11 12:11:42",982.5,2,kglctf
231,15822707,MarcusGunn,"2026-05-08 16:02:06",982.2,2,marcusgunn123
232,15661401,Md_Abdul_Basith,"2026-05-11 19:32:18",982.0,2,mdabdulbasith14
233,15775764,"Om Chimurkar","2026-05-10 21:50:00",981.5,2,omchimurkar
234,15638363,AkiraIshikawa,"2026-05-09 04:53:57",981.5,2,akiraishikawa
235,15651842,"Shunsuke Hayashi","2026-05-10 12:34:09",980.9,2,shunsukehayashi1993
236,15637415,MarkDjadchenko,"2026-05-10 15:40:04",980.7,2,markdjadchenko
237,15636458,"WenCan You","2026-04-25 12:43:28",980.4,2,datafun
238,15657398,"Simon Rüba","2026-05-09 13:14:57",980.4,2,simonrba
239,15752595,"Jin Niu","2026-05-10 01:18:17",979.9,2,gufanmingmie
240,15637292,"Gregor Samsa","2026-05-10 05:41:31",978.5,2,ivankuc
241,15833598,"Mendrika Ramarlina","2026-05-11 16:10:18",978.3,2,ramarlina
242,15870709,Praxel,"2026-05-11 10:27:48",977.5,2,praxel
243,15662952,Deobot,"2026-04-22 20:40:19",977.4,2,"deobot,zeneswe"
244,15810544,marc2825,"2026-05-11 14:24:58",977.2,2,marc2825
245,15802481,"Efrain Garay","2026-05-10 18:05:08",976.3,2,efraingaray7
246,15901963,"Devaansh Pathak","2026-05-11 07:22:13",973.4,2,devaanshpa
247,15874153,tyuyoshi,"2026-05-09 02:10:46",972.8,2,hasegawatsuyoshi
248,15662109,"David Goldrajch","2026-05-10 16:54:13",972.3,2,elie2003
249,15648559,SebastianGil00,"2026-05-07 18:38:06",972.2,2,"kimberleyduran,sebastiangil00"
250,15893499,cmmc27,"2026-05-09 08:14:48",972.1,2,cmmc27
251,15732319,Lookwhat,"2026-05-08 04:23:18",971.8,2,"aidemartin,lookwhat"
252,15828829,"jatan sanghvi","2026-05-10 20:07:36",969.8,2,jatansanghvi
253,15732221,Aizaki,"2026-05-11 14:48:36",969.7,2,izktmys
254,15664052,"Masashi Nishimoto","2026-05-10 08:00:12",969.3,2,masashinishimoto
255,15641453,AnRyisReal,"2026-04-19 15:52:02",968.8,2,anryisreal
256,15881017,Junlaii,"2026-05-11 06:05:30",968.7,2,junlaii
257,15921691,Flamadesombra,"2026-05-11 06:48:05",968.6,1,flamadesombra
258,15637588,mogura2.0,"2026-05-11 15:07:34",968.0,2,mogura20
259,15632761,"AlphaOrbit [prize ineligible]","2026-04-20 02:16:33",967.8,2,inversion
260,15644281,"SHENGHUI SONG","2026-05-11 17:06:59",967.6,2,shenghuisong
261,15734995,uedy12,"2026-04-29 13:51:24",967.3,1,uedy12
262,15665541,ISM,"2026-05-11 03:33:02",966.3,2,len8487
263,15685648,nejineji,"2026-04-29 03:31:31",966.3,2,nejineji
264,15704495,"Greg Kontos","2026-05-11 01:59:48",966.0,2,gregkontos
265,15658486,"yamao shoki","2026-05-07 11:23:51",965.8,2,yamaoshoki
266,15904649,"Dr Chandrasen Pandey","2026-05-11 07:36:19",965.6,2,devchandra
267,15740587,PavelYanson,"2026-05-11 08:49:21",965.2,2,gr3shn1k
268,15862442,"Addison Howard (ineligible)","2026-05-09 11:59:36",964.8,2,addisonhoward
269,15634584,suki5050,"2026-05-06 05:01:36",963.6,2,suki5050
270,15742359,"Максим Опілат","2026-04-27 14:48:34",963.1,2,maksymopilat
271,15903692,"Raphaël Caloz","2026-05-10 03:20:00",962.4,2,raphaelcaloz
272,15806993,"Victor Postonogov","2026-05-11 05:06:51",962.2,1,victorpostonogov
273,15853919,"Pavlo Ivanin","2026-05-08 23:06:06",961.8,2,pavloivanin
274,15748041,"Hayato Matsuzawa","2026-05-11 17:01:12",961.6,2,matsuzawahayato
275,15651922,"YG JH","2026-05-09 11:30:11",960.1,2,ygjh13
276,15885678,GluePickel,"2026-05-11 07:08:32",960.0,2,gluepickel
277,15635059,ykhnkf,"2026-05-09 03:00:13",960.0,2,ykhnkf
278,15832904,motono0223,"2026-05-08 10:25:17",959.8,2,motono0223
279,15701783,Sammymatik,"2026-05-11 03:10:51",959.8,2,sammymatik
280,15677797,mudesteven,"2026-05-10 22:59:23",959.7,2,"fastlight2007,noobanot"
281,15790632,Malespero,"2026-05-08 17:19:33",959.4,2,malespero
282,15644323,hanwudi,"2026-05-06 07:03:23",958.5,2,hykunnnn
283,15788445,Nakanishi,"2026-05-10 23:39:22",958.4,2,naka84
284,15634588,aaa,"2026-05-11 02:39:00",958.1,2,liuyuq
285,15663469,KaizaburoChubachi,"2026-04-26 07:15:31",958.1,2,zaburo
286,15634457,"Yuta Tomimasu","2026-05-06 12:41:03",958.0,2,yutatomimasu
287,15701128,MaelMnr,"2026-05-08 15:37:55",957.7,2,maelmnr
288,15708120,tttlll030713,"2026-05-11 16:14:50",957.7,2,tttlll030713
289,15634946,Pascal,"2026-05-11 10:49:33",957.5,2,pascalledesma
290,15662119,bengle,"2026-05-08 04:05:55",957.2,2,bengle
291,15785506,giacomovin,"2026-05-07 20:31:09",956.8,2,giacomovin
292,15645195,onick_man,"2026-05-11 16:07:14",956.0,2,ftakahas
293,15773696,新米エンジニア十一号,"2026-05-11 10:41:14",955.2,2,newriceengineer11th
294,15674726,Troups,"2026-05-10 16:13:41",955.0,2,"hervrenard,trottefox"
295,15858796,ardentaegis,"2026-05-10 14:10:14",954.1,2,ardentaegis
296,15893866,soso,"2026-05-11 07:41:06",953.7,2,suminshim
297,15747188,c_fxy,"2026-05-07 15:46:50",952.1,2,cfxyai
298,15637135,"W & K","2026-05-11 05:38:27",951.5,2,"kurisew,peilwang"
299,15645686,"Adrián Melic","2026-05-11 08:09:06",951.3,2,adrianmelic
300,15662624,Fishman97,"2026-05-08 22:05:15",951.2,2,fishman97
301,15654196,Jenai,"2026-05-10 14:28:50",950.8,2,evgeniyadm
302,15722840,"RISHAV KUMAR","2026-05-09 12:30:12",950.0,2,atomstack001
303,15659230,"Felipe Ferreira","2026-05-11 16:59:13",949.5,2,felipeporcher
304,15721788,"Saicharan Ramineni","2026-04-29 02:43:54",949.3,2,"akshaygupta7777,godlydonuts"
305,15860698,Pazuzu,"2026-05-11 05:36:28",948.7,2,"manojkumarreddyuytd,shaikhuzaifaa"
306,15633567,DECEM,"2026-04-28 01:38:13",948.3,2,zy1343930734
307,15666505,"Pedro FG Soares","2026-05-08 08:30:17",947.7,2,pedrofgsoares
308,15658272,"Arshad Shemil k","2026-05-11 17:47:28",947.5,2,arshadshemilk
309,15649118,kta_jpn,"2026-04-28 00:21:48",947.3,2,ktajpn
310,15679979,RicardoLópez,"2026-05-11 19:10:02",947.3,2,richi2489
311,15654226,"Martin Szerment","2026-05-11 10:09:56",947.2,2,martinszerment
312,15639698,"Gordeev Max","2026-05-11 14:12:56",946.8,2,gordeevmax
313,15738155,"Zhengxu Yu","2026-05-07 18:57:39",946.5,2,zhengxuyu
314,15924306,LuckyXC,"2026-05-11 15:36:19",946.1,2,luckyxc
315,15825111,02,"2026-05-09 05:42:21",946.1,2,avik090
316,15837371,"Surabhi veda","2026-05-09 09:51:26",946.0,2,surabhiveda
317,15871505,zorac,"2026-05-11 15:52:21",945.3,2,zoracmobilis
318,15832472,alexstedev,"2026-05-08 16:21:41",944.1,2,alexstedev
319,15651201,DWF,"2026-05-11 18:40:51",943.8,2,davefrank419
320,15638410,Howlite,"2026-05-10 04:26:23",943.7,2,"gorordo,kazuwhite"
321,15830480,"Pasha Burnyshev","2026-05-08 02:30:26",943.5,2,burnyshev
322,15844522,"Lei Wang","2026-05-07 11:45:28",943.3,2,cherylwang
323,15703549,"Mikayil Yusubov","2026-05-04 12:58:29",942.9,2,mikayil
324,15806560,BIZEN250,"2026-05-11 06:14:22",942.8,2,bizen250
325,15654987,"Abdul wahab Khan","2026-05-11 09:37:01",942.4,2,abdulwahab2321
326,15634773,"Lakhindar Pal","2026-04-26 04:36:25",942.1,2,lakhindarpal
327,15703182,Blu3s,"2026-05-10 22:04:55",941.6,2,atteincueo
328,15633932,datnt114,"2026-05-09 17:08:22",940.8,2,kingkong153
329,15787628,LCD,"2026-05-06 12:17:53",940.6,2,akarix
330,15915144,Malcom123,"2026-05-11 12:59:49",939.8,2,malcom123
331,15660364,restricteur,"2026-05-08 00:44:38",939.6,2,restricteur
332,15680068,"Azat Akhtyamov","2026-04-28 17:26:11",939.4,2,azakhtyamov
333,15750433,"jiashuo Ma","2026-05-10 02:52:35",939.1,2,ooo876
334,15833949,"Venkat reddy Enaganti","2026-05-08 02:36:48",938.9,2,venkatreddyenaganti
335,15753621,hibinari,"2026-05-07 20:23:24",938.5,2,hibinari
336,15663082,hazy_viper,"2026-05-09 01:19:48",938.3,2,ttsuyaogawa
337,15731426,"Jazzbo z","2026-04-27 20:46:04",938.1,2,jazzboz
338,15796798,MR.h,"2026-05-11 14:03:18",937.0,2,hyh273279
339,15675260,Prit_44421,"2026-05-10 12:51:01",936.5,2,prit44421
340,15775649,Osku,"2026-05-10 04:53:16",936.5,2,oskutee
341,15723227,"Maher el Ouahabi","2026-05-09 10:53:40",936.3,2,maherelouahabi
342,15899882,"Master Teo","2026-05-10 22:45:48",936.2,2,sirteo
343,15693793,"Ignacio Martín Sánchez","2026-04-29 19:19:28",936.1,2,ignaciomartnsnchez
344,15810981,"Alexandru Cirjan","2026-05-09 23:15:03",935.9,2,alexandrucirjan
345,15930203,"Beskar Player","2026-05-11 16:50:38",934.9,1,beskarplayer
346,15718907,takumina,"2026-05-11 03:48:35",934.5,2,takuminakamatsu
347,15746615,imakn0907,"2026-05-08 13:51:38",934.3,2,imakn0907
348,15638239,cgrlkc,"2026-05-11 03:19:16",934.1,2,cgrlkc
349,15638581,"Quoc Tran Anh Le","2026-05-11 16:45:44",933.2,2,anhlquctrn
350,15737232,"Briag Rehel","2026-05-01 09:33:35",932.9,2,briagrehel
351,15925653,Quinn,"2026-05-11 14:19:27",932.7,2,fooboy
352,15640442,"HIDEYO CHIBA","2026-05-11 02:48:13",932.6,2,hideyochiba
353,15843902,"Muzayyan Rauf Rana","2026-05-07 06:09:01",930.3,2,muzayyanraufrana786
354,15638653,Hermengardo,"2026-05-10 20:40:12",930.2,2,hermengardo
355,15735819,"Hu Xingyu","2026-05-07 03:41:20",930.1,2,huxingyu
356,15738377,kaede2020,"2026-05-08 12:26:55",928.3,2,kaede2020
357,15719704,Lazyman,"2026-05-06 05:07:06",928.2,2,lazyman
358,15652916,Orion,"2026-05-08 07:41:38",927.3,2,fastthanh78
359,15643371,Ali,"2026-05-08 19:46:28",925.6,2,asalhi
360,15663557,"Ted K","2026-05-11 18:13:38",925.6,2,socated
361,15767892,"Deonis Deonnis","2026-05-11 17:17:31",924.4,2,deonisdeonnis
362,15721967,Pirhosseinlou,"2026-05-11 16:43:01",924.4,2,pirhosseinlou
363,15703345,"AHMED EL YOUSSEFI","2026-05-11 02:47:58",924.3,2,ahmedelyoussefi
364,15703595,"Karan Bhatti","2026-05-10 05:18:33",923.7,1,sircausticmail
365,15650911,parijit,"2026-05-09 10:38:51",922.6,2,parijit
366,15894820,"Basu Hela","2026-05-11 09:29:34",922.6,2,basu1999
367,15893291,"Shota Shibata","2026-05-09 12:21:11",922.6,2,shotashiba
368,15634338,akmr,"2026-05-09 12:55:20",922.1,2,akimaru
369,15663115,"Galactic Pirate Krewe","2026-04-22 20:34:31",921.2,2,williamabel
370,15744594,"Mengfei Li","2026-05-11 17:24:28",919.6,2,meli19
371,15640953,dia,"2026-05-11 18:51:39",918.5,2,adkasd
372,15699213,KenO14146,"2026-05-11 14:06:11",918.2,2,keno14146
373,15767757,schanitater,"2026-05-11 02:55:55",918.1,2,schanitater
374,15734012,"Time go fishing👎","2026-05-11 16:14:59",917.8,2,nihilisticneuralnet
375,15634053,"Cosmin Budeanu","2026-05-09 18:36:03",917.8,2,cosmicbe
376,15704660,konbu17,"2026-05-11 06:04:52",917.6,2,konbu17
377,15823934,001,"2026-05-11 13:26:34",916.5,2,"calebchandrasekar,rister101,stharundhatri"
378,15778392,tomo0608,"2026-05-09 09:21:55",916.2,2,tomo0608
379,15661738,"Giovanny Rodríguez","2026-05-05 22:50:04",916.1,2,giovannyrodrguez
380,15662191,ngondi,"2026-05-07 04:07:44",915.7,2,"belladsagar,ngondi"
381,15641866,yktori,"2026-05-11 12:31:23",914.2,2,yktori
382,15635335,Tshithihi.,"2026-05-07 11:48:09",913.2,2,nawfeelrahman1124444
383,15669001,BlastingAway,"2026-05-11 15:03:26",913.1,2,ayodejiibrahimlateef
384,15925903,Nadeem,"2026-05-11 08:46:40",913.0,1,nadeembinshajahan
385,15663156,"Vijay Krishna Lanka","2026-05-05 05:01:47",912.6,2,vijaykrishnalanka
386,15690611,w0t0,"2026-05-08 21:31:54",911.9,2,ffw0t0
387,15770404,duumvirato,"2026-05-09 19:55:32",910.8,2,"yufrankz,zihanhu88"
388,15704047,"Mohamed El-Nageeb","2026-05-11 17:16:13",910.6,2,thelastsmilodon
389,15634651,"wsc-MISX 🏆","2026-04-22 09:20:48",910.4,2,wscmisx
390,15739076,"jcg web","2026-05-11 08:54:49",910.0,2,jcgweb
391,15697788,"Skallis Squad","2026-05-07 06:53:26",909.7,2,jmohr91
392,15670408,"Akira Hirohashi","2026-05-11 03:43:34",909.4,2,akirahirohashi
393,15720907,"michael faucher","2026-05-02 07:28:08",909.2,2,michaelfaucher
394,15750131,Fanch,"2026-05-07 06:22:33",908.5,2,fanch123
395,15752863,"alex chilton","2026-05-07 07:11:27",908.5,2,alexchilton
396,15649089,uta_ccc,"2026-05-07 12:31:53",907.9,2,utaccc
397,15640507,test_orbit-wars,"2026-05-05 11:14:57",907.9,2,michaelsemenoff
398,15643205,"planets conqueror","2026-05-11 09:10:51",907.8,2,ravi123a321at
399,15814197,brthyyjp,"2026-05-02 10:34:23",907.5,2,brthyyjp
400,15908394,Reexel,"2026-05-11 00:03:47",907.1,2,ky7240
401,15744969,RomanNechaev,"2026-05-11 09:14:14",906.8,2,romannechaev
402,15858656,Anti,"2026-05-08 13:01:55",906.8,2,antimatter543
403,15730197,MiranCZ,"2026-04-29 16:09:52",906.3,2,mirancz
404,15651723,SuppliLion,"2026-05-09 12:34:22",906.3,2,supplilion
405,15658717,B1,"2026-05-11 15:04:04",905.5,2,hong111111
406,15649614,TIU,"2026-05-06 17:13:47",905.4,2,"barakuga,nguyenminhtric"
407,15742923,"Adarsh Sharma","2026-05-11 14:29:08",904.6,2,adarsh5harma
408,15857121,"Khoi Tuan Nguyen","2026-05-10 03:49:44",904.6,2,khoingt
409,15740232,"Kun Zhang","2026-05-09 02:46:07",904.1,2,beicicc
410,15645882,(´･_･`),"2026-05-07 08:39:46",903.6,2,tanakh
411,15699306,CurveCowboy,"2026-05-11 09:59:05",903.2,2,curvecowboy
412,15852320,"just is test","2026-05-07 10:14:55",903.0,2,namlephuong
413,15690334,Monica,"2026-04-24 04:20:57",902.8,2,sor4chi
414,15670629,ACoder,"2026-05-07 10:43:07",902.3,2,july7p
415,15678630,"MartinS Brezauckis","2026-04-24 00:23:30",901.9,2,martinsbrezauckis
416,15635643,"THUNDER THUNDER","2026-04-28 08:16:24",900.6,2,thunderthunder
417,15652997,"C R Suthikshn Kumar","2026-05-10 16:09:05",900.4,2,crsuthikshnkumar
418,15747265,nmnm64,"2026-05-05 08:05:35",900.3,2,nmnm64
419,15730042,"Oliver Wang","2026-05-06 01:42:07",900.1,2,oliverwang15
420,15637248,Pizzaboi,"2026-05-02 19:18:35",900.1,2,asimandia
421,15643998,Cyrus,"2026-05-08 21:16:19",900.1,1,jamalsaeedi
422,15694157,"GIVE ME A JOB","2026-05-11 08:38:24",899.9,2,tarokogawa
423,15636184,Mahog,"2026-04-24 09:02:33",899.6,2,mahoganybuttstrings
424,15645395,Alfaxad,"2026-05-06 23:48:22",899.4,2,alfaxadeyembe
425,15880093,Ant,"2026-05-11 07:10:09",897.9,2,anthonytrevino
426,15805212,"Jack Su","2026-05-07 05:49:00",897.8,2,jacksu0
427,15737281,"Gupta Brothers","2026-05-06 20:55:06",897.1,2,"mewtwo7,uddiptgupta"
428,15777183,"Savan Javia","2026-05-09 06:58:01",896.9,2,savanjaviya
429,15776247,"Danila Lapokin","2026-05-05 16:47:19",896.8,2,danilalapokin
430,15885256,SmithyAlan,"2026-05-09 14:30:34",896.3,2,smithyalan
431,15661100,Reinhard,"2026-05-11 15:05:52",895.8,2,trainhard
432,15839896,"Roland Luethy","2026-05-05 18:12:39",895.6,2,rluethy
433,15648865,Siqi_Li,"2026-05-11 05:38:26",895.0,2,"tyliii,weilinxiao1,wenzixuan1"
434,15655207,"Seungmin Ha","2026-05-11 05:24:01",895.0,2,seungmin2987
435,15634350,keithtyser,"2026-05-11 01:31:38",895.0,2,keithtyser
436,15663249,Superspork,"2026-05-02 17:40:40",894.8,2,superspork
437,15811087,AI-Cat,"2026-05-10 21:03:37",894.7,1,konstantinboyko
438,15708291,"David Foster","2026-05-11 06:08:41",893.9,2,davidfoster
439,15916420,"Vasil Yordanov","2026-05-11 13:08:55",892.4,2,vyordanov
440,15665801,MightyK,"2026-05-10 19:24:18",892.4,2,anhhkhoi
441,15792369,Irfan,"2026-05-11 11:24:45",891.4,2,irfan2005
442,15635096,Or4k2!,"2026-05-11 16:07:53",890.1,2,orecord
443,15929874,"lujan zeng","2026-05-11 16:04:31",889.3,1,lujanzeng
444,15730217,"Brendan Carlin","2026-05-09 04:53:11",889.1,2,brendancarlin
445,15640975,"Ray Kagué","2026-05-10 08:48:01",888.9,2,biostars
446,15855358,"Yen Wee Lim","2026-05-11 12:34:08",888.0,2,limyenwee
447,15793792,Googler,"2026-05-09 14:39:33",887.3,2,hisanai
448,15653913,daulettoibazar,"2026-04-28 20:05:16",886.7,2,daulettoibazar
449,15742652,soso687,"2026-05-11 01:13:47",886.2,2,soso687
450,15647944,Phenanthrene86,"2026-05-11 10:47:09",884.5,2,cocoamilky
451,15652703,LukasM1,"2026-04-24 20:47:47",884.0,2,lukasm1
452,15829191,"Giacomo Piatelli","2026-05-05 21:03:43",883.9,2,giacomopiatelli
453,15910691,yellowleaf,"2026-05-10 14:29:30",881.8,2,wcqyfly
454,15637534,KTakashina,"2026-05-11 07:14:50",881.7,2,koheitakashina
455,15638484,"Howler One","2026-05-11 19:01:19",881.5,2,nomadninja
456,15635546,FOYSAL,"2026-05-08 08:52:29",881.0,2,foysalemonshanto
457,15699377,"Kavsik YVS","2026-05-11 19:10:07",881.0,2,kavsiku0512
458,15763806,Mohib,"2026-05-11 06:23:19",880.9,2,mohib94
459,15637521,"Andrei Asanau","2026-05-06 21:57:22",880.9,2,ikimura57
460,15711695,"Shigeru Kondou","2026-05-10 12:43:18",880.8,2,shigerukondou
461,15729350,matsu997,"2026-05-11 10:07:42",880.0,2,mastu997
462,15640509,"Katasonov Eugene","2026-05-11 13:43:26",879.8,2,katasonoveugene
463,15728872,Lemons,"2026-05-11 02:47:46",879.7,2,takahiromatoba
464,15829924,"Serge Francis","2026-05-05 04:24:12",879.4,2,sergefrancis
465,15664183,"Amir Tavasoli","2026-05-10 19:54:07",879.3,2,amircs
466,15811612,PyCamperos,"2026-05-06 18:55:19",879.1,2,"ebernatene,manucalop"
467,15814016,wack_wack,"2026-05-07 06:57:50",879.1,2,qunhvthxun
468,15737737,lmao3322,"2026-05-11 14:13:10",878.9,2,lmao3322
469,15638666,chiikawa&hachiware,"2026-05-09 08:17:09",878.5,2,"marynaborovska,yuriygreben"
470,15670697,SeaEag1e,"2026-05-11 14:52:32",878.2,2,seaeag1e
471,15889497,"Lidor Foguel","2026-05-09 14:32:36",876.1,2,foguellidor
472,15636548,"Vladislav Lavrentev","2026-04-28 22:10:51",875.8,2,lightningv08
473,15667804,"Raj Gupta","2026-04-22 18:25:44",875.6,2,darkprime01
474,15906832,"Akira Yasuda","2026-05-11 14:42:36",874.9,2,akirayasuda
475,15854126,Isar,"2026-05-11 19:42:59",874.3,2,isarns
476,15654376,o_O,"2026-05-11 19:53:40",873.4,2,kegelkaggle
477,15653725,"Thomas Greissler","2026-04-20 01:10:18",872.5,2,thomasg22202020
478,15732887,"W Squared","2026-05-11 19:33:05",872.0,2,"hbfhlkb,novazh"
479,15661437,"Kerem Ali AVCIOĞLU","2026-05-06 20:13:24",871.7,2,keremaliavciolu
480,15659506,"Artem Dzhalilov","2026-04-30 09:22:20",871.7,2,artemdzhalilov
481,15722962,Boladi,"2026-05-11 18:57:28",871.5,2,boladi
482,15861798,"TJ Carino","2026-05-11 17:39:00",871.4,2,tjcarino
483,15664063,shion,"2026-05-08 07:12:05",871.0,2,k0tame
484,15634178,"Udit Jain","2026-05-05 03:54:22",870.3,2,uditjain13
485,15912693,Artem1410,"2026-05-11 10:41:03",870.1,2,anazemcev
486,15653976,mbundy1237,"2026-05-02 22:00:44",869.1,2,mbund1237
487,15822564,EthanL67,"2026-05-11 18:05:02",868.5,2,ethanl67
488,15851624,r3m3c3,"2026-05-11 19:25:51",868.1,2,r3m3c3
489,15838410,Ynnk,"2026-05-11 18:49:28",867.7,2,yieldsmarter
490,15673253,LUKEx76,"2026-04-27 20:49:14",867.3,2,lukex76
491,15731258,"Croft Adams","2026-05-11 16:48:17",866.6,2,croftadams
492,15670546,Kenzo,"2026-04-25 11:27:47",866.2,2,kenzotange
493,15704001,"Logan Parker","2026-05-09 19:24:23",866.2,2,loganparker
494,15742044,opdo,"2026-04-28 14:15:33",865.6,2,lokeshpeketi
495,15634114,"Kamal Das","2026-05-09 18:18:22",865.4,2,kmldas
496,15653881,"Dmitry Kozlov","2026-05-06 01:42:20",865.3,2,dkozlov
497,15637533,wala,"2026-05-11 07:51:43",865.3,2,walafr
498,15918824,"Adam Vajda","2026-05-11 19:02:03",865.1,2,vajdad4m
499,15747004,lyx0217,"2026-05-11 01:52:26",864.8,2,bojackkk
500,15762288,Xiiiiiin,"2026-05-06 09:31:32",864.5,2,"jidaobu,xiiiiiin"
501,15733209,"Louie Z","2026-04-28 06:56:59",864.0,2,lz123456789
502,15637179,"sarvasva khare","2026-04-17 16:10:47",864.0,2,sarvasvakhare
503,15664401,"Adyanth M","2026-05-07 08:22:33",863.5,2,adyanthm
504,15638406,"Marco Ledda","2026-04-30 20:47:59",862.7,2,marcoledda29
505,15723446,My_Full_Name3,"2026-05-09 14:13:32",862.2,2,myfullname3
506,15651436,fishcat,"2026-05-11 09:59:02",862.0,2,fishcat37
507,15833736,genius_monky,"2026-05-07 06:57:39",860.4,2,geniusmonky
508,15902813,TRC,"2026-05-11 19:19:09",860.0,2,"alejandroordonana,manuelgarciapea"
509,15634552,"samuel tan","2026-05-08 16:08:44",859.9,2,simingtan
510,15916376,"Valorant Aim","2026-05-10 07:42:02",859.7,1,valorantaim
511,15672567,AnthonyTherrien,"2026-05-03 15:05:46",859.5,2,anthonytherrien
512,15836839,JLiu24,"2026-05-03 21:17:10",858.7,2,jliu24
513,15876316,"Clark Kitchen","2026-05-09 19:40:16",858.5,2,clarkkitchen
514,15635135,TakamaruEX,"2026-05-11 00:03:16",858.0,2,takamaruex
515,15856477,"sidong king","2026-05-11 09:27:38",857.9,2,"sidongking,yangwuliao"
516,15823148,"Rubia Kaslana","2026-05-11 03:46:52",857.7,2,rubiakaslana
517,15705134,"artin Sophia","2026-05-05 06:32:36",857.5,2,artinsophia
518,15679991,greySnow,"2026-05-01 19:30:13",856.9,2,shlomoron
519,15734243,"Jiri Prudky","2026-05-10 17:32:29",856.3,2,jiprud
520,15643543,"Sudhir Sude","2026-05-03 19:59:04",856.1,2,sudhirsude
521,15670555,Keiku,"2026-04-30 13:58:07",855.7,2,keiku322
522,15667160,"Baseer Shah","2026-04-28 11:53:02",855.1,2,baseershah
523,15639580,yama_nashi,"2026-04-23 14:51:36",854.9,2,yamagatas
524,15633396,"Surya milenial","2026-04-29 07:39:43",854.8,2,suryamilenial
525,15672330,Justus,"2026-05-11 10:34:26",854.5,2,justus0
526,15641516,"Svanik Kolli","2026-05-10 15:36:11",854.2,2,svanikkolli
527,15742207,"Pranav A","2026-05-02 05:03:57",854.1,2,pranava2458
528,15634931,"Charismatic Pizza Party🍕","2026-05-10 04:01:28",853.5,2,debugendless
529,15696778,"Khawar Ali","2026-05-10 16:03:32",853.4,2,sneakyscientist
530,15634781,"Orbital Cat","2026-04-19 04:41:31",852.0,2,amonkizawa
531,15658046,"Anti Wars Agent","2026-05-07 04:37:14",851.8,2,phucthaiv02
532,15662545,pbdpbd123,"2026-05-03 21:27:26",851.7,2,panbindu
533,15903539,"Yassine Ben Zekri","2026-05-08 22:54:42",851.5,1,yassinebenzekri
534,15662552,kseebaldt,"2026-04-26 21:44:52",851.4,2,kseebaldt
535,15786753,"Kyle Smith","2026-05-08 18:34:39",851.2,2,kylejsmith
536,15732318,nybbler,"2026-05-04 03:23:21",851.1,2,nybbler
537,15760550,Sivic,"2026-04-30 13:12:19",850.9,2,thanhnghiadk
538,15655932,WBF_USA_NYC,"2026-05-11 04:04:25",849.6,2,wbfranci
539,15827746,Umershehzad63,"2026-05-10 08:19:13",848.8,2,umershehzad63
540,15700286,"Elvis Bui","2026-05-07 07:42:08",848.7,2,elvisbui
541,15651159,yuto083,"2026-05-10 18:30:28",848.2,2,yuto0712
542,15731880,"Deepesh Ahlawat","2026-04-29 11:38:39",847.7,2,deepeshahlawat001
543,15739741,Kalyan,"2026-05-11 05:27:21",847.7,2,kalyankkr
544,15640991,"SeshuRaju 🧘‍♂️","2026-05-07 16:34:22",847.5,2,seshurajup
545,15745272,"Whyme Labs","2026-05-10 02:48:06",846.8,2,whymelabs
546,15639170,"Sebastian Mateus","2026-05-04 19:56:47",846.1,2,sebastianmateus
547,15765299,"RanJeet Gupta","2026-05-09 19:56:20",845.7,1,ranjeet258
548,15634565,"Ikki Katsuyama","2026-05-11 10:55:00",845.6,2,kacchanwriting
549,15876708,David02775,"2026-05-11 05:56:31",845.1,2,david02775
550,15737010,"DiJia Zhan","2026-05-06 12:14:17",845.1,2,dijiazhan
551,15662984,"Robert Cheah","2026-05-08 21:46:04",844.9,2,robertcheah
552,15911638,SERG4NT,"2026-05-09 16:39:44",844.8,2,serg4nt
553,15653853,"Emre Cirak","2026-05-10 09:43:27",844.4,2,biohack44
554,15651200,Arpit1Bansal,"2026-05-07 19:47:19",844.0,2,arpit1bansal
555,15633824,biubiubiu,"2026-05-01 00:17:13",843.7,2,ljjsfe
556,15692913,Onelux,"2026-04-24 08:25:39",843.6,2,leehomhuang
557,15815379,"Karnakbayev Artur","2026-05-07 19:08:17",843.3,2,karnakbaevarthur
558,15637771,Alehandreus,"2026-04-18 07:49:11",843.1,2,alehandreus
559,15633690,sigmaborov,"2026-05-01 07:35:49",842.5,2,sigmaborov
560,15652493,"Adel Nurutdinov","2026-05-02 08:52:41",842.1,2,adelnurutdinov
561,15846526,"rose purple","2026-05-04 20:02:57",841.3,2,rosepurple
562,15734805,Fran2026,"2026-05-09 03:49:30",841.0,2,fran2026
563,15696982,sawasawasawa,"2026-05-10 16:55:20",840.5,2,yukisawamura
564,15724365,TheBlitterLesson,"2026-05-09 23:48:29",840.3,2,maxgibson
565,15653928,"Atharv Santosh","2026-05-11 04:16:20",840.0,2,atharvsantosh
566,15664505,Gingsong,"2026-05-10 06:15:48",840.0,2,gingsong
567,15633461,"Darshan Makwana","2026-05-06 17:49:52",838.7,2,ellipticaloranges
568,15750394,Kohaku,"2026-05-07 22:34:50",838.0,2,hinarishimada
569,15703220,"Andrey Yunoshev","2026-05-11 12:42:20",837.3,2,andreyyunoshev
570,15740094,Alvaro,"2026-05-11 18:11:49",837.2,2,alvaroma
571,15738810,sail,"2026-05-10 15:25:59",836.9,2,pengyangfan
572,15638411,"Kyotaro Izumi","2026-04-28 15:04:09",836.6,2,kyotaroizumi
573,15636218,"RITTWIK BHOWMICK","2026-05-11 19:32:46",836.6,2,rittwikbhowmick
574,15865008,"Luciano Peralta","2026-05-07 07:47:54",836.3,2,lucianobastidas
575,15642309,Jett,"2026-05-06 17:42:43",836.1,2,drkongvis
576,15888277,aura,"2026-05-09 21:32:57",835.7,2,yijue1
577,15663458,leventilo,"2026-04-21 01:47:29",835.6,1,leventilo
578,15878300,ETO5656,"2026-05-11 15:03:26",835.5,2,eto5656
579,15854776,"Justin Bodycomb","2026-05-11 17:50:40",835.1,2,justinbodycomb
580,15751498,rererenore,"2026-05-10 07:03:53",834.1,2,rererenore
581,15662344,"Lucas Henrique Mateo","2026-04-22 17:58:16",833.8,2,lucashmateo
582,15677872,Vanshika,"2026-04-28 21:36:05",833.7,2,"oneshikaaa,rudranshsinghrathore"
583,15637507,"Veniamin Nelin","2026-04-25 20:30:52",833.6,2,veniaminnelin
584,15755070,Karthik,"2026-05-07 20:47:21",833.5,2,karg14
585,15642051,"Alex Li","2026-05-04 00:43:13",833.1,2,alexli1998
586,15662690,Quadruped,"2026-05-04 06:17:56",832.5,2,jaclyndeem
587,15636339,horizen12,"2026-05-11 11:15:37",832.5,2,horizen12
588,15658017,Reece,"2026-04-29 19:25:11",831.8,2,reecejsmith
589,15671270,"Ralph Neumann","2026-05-09 12:53:03",831.1,2,xscripter
590,15730576,e,"2026-05-11 00:54:29",830.7,2,flynnfei
591,15665051,"Birtley Doru (DB)","2026-05-10 00:09:57",830.7,2,hastws
592,15636160,Qiwei,"2026-05-03 20:57:51",830.3,2,qiweiyin
593,15633843,"Md Boktiar Mahbub Murad","2026-05-10 09:30:09",830.2,2,mbmmurad
594,15831261,orf527,"2026-05-11 19:34:14",830.1,2,ercee98
595,15645121,Frank_LH,"2026-04-29 11:34:12",830.0,2,franklh
596,15638569,"Kevin E R MILLE","2026-05-10 23:27:49",829.8,2,kevinermille
597,15662879,Fafn1r,"2026-04-24 16:03:47",829.7,1,fafn1r
598,15648388,"Daniel Mittelman","2026-04-27 08:57:14",829.3,2,danielmittelman
599,15646025,"Stands for one and only","2026-05-10 18:04:44",829.3,2,pearpn25
600,15784048,Tatatos,"2026-04-29 19:17:20",829.1,2,tatatos
601,15739627,"Njabulo Bright","2026-05-04 19:58:36",829.1,2,njabulobright
602,15738581,Lucas_Kasprzak,"2026-04-25 14:33:31",829.0,1,lucaskasprzak
603,15665463,"[ODS] waniz","2026-05-11 18:19:17",828.6,2,wanizz
604,15704781,SpaTaro,"2026-05-10 11:03:23",828.6,2,tarosqrd2
605,15693085,"DaoHe Liu","2026-05-07 08:21:28",828.5,2,daoheliu
606,15642038,alpaka3,"2026-05-10 06:13:13",828.5,2,alpaka3
607,15731322,"Thiago Decnop","2026-04-29 12:41:39",827.7,2,thiagodecnop
608,15657667,"Yelarys Yertaiuly","2026-05-07 17:34:46",827.5,2,yelarysyertaiuly
609,15641614,"Nischay Dhankhar","2026-04-26 23:48:59",827.2,2,nischaydnk
610,15638321,Kendamarron,"2026-04-28 11:32:25",826.9,2,kazuhirokuriyama
611,15670991,sue124,"2026-05-11 07:50:52",826.8,2,ryotasueyoshi
612,15636598,adakoda,"2026-05-06 01:15:25",826.4,2,adakoda
613,15725125,"Iwa Iwa","2026-05-10 18:15:44",825.8,2,iwaiwa
614,15667513,"xuanyu zhou","2026-05-03 01:33:06",825.5,2,scutxuanyu
615,15668021,"Tsuyoshi Chiba","2026-05-11 10:51:23",825.5,2,tsuyoshichiba
616,15645089,half_centuries,"2026-05-07 16:07:10",825.2,2,"tatsuzoosawa,zachleee"
617,15641494,"Yusaku Muroya","2026-05-11 11:22:53",825.2,2,ymuroya47
618,15635066,AidenSong123,"2026-05-03 13:48:50",825.1,2,aidensong123
619,15651916,yasu,"2026-05-10 20:19:42",824.9,2,yasutakababa
620,15823204,csko,"2026-05-04 10:20:09",824.7,2,cskornel
621,15640321,"Shirish Chinchanikar","2026-04-22 04:50:05",824.2,4,"a77ackt1tan,rajdeepdas19,shirishchinchanikar"
622,15818495,Jason_Hu,"2026-05-07 18:15:59",824.2,2,zhehoo
623,15651417,Trisolaris,"2026-05-04 08:30:44",823.8,2,vuk1998
624,15659248,T.zhang,"2026-05-11 09:38:36",822.9,2,hihitzhang
625,15644418,"Baglanov Alikhan","2026-05-09 14:41:59",822.7,2,baglanovalikhan
626,15637019,Kohei,"2026-04-21 06:33:38",821.8,2,confirm
627,15674367,"abdelbasset Basto","2026-05-11 15:51:32",821.8,2,bassetkerouche
628,15731843,"Yash Rathod","2026-05-09 10:57:15",821.7,2,yash02102
629,15648896,"Kaggle Agent","2026-04-26 04:22:11",821.6,2,jiweiliu
630,15708532,PhamThinh31,"2026-05-01 09:49:24",821.6,2,nobita3131
631,15723680,ultrapp007,"2026-05-11 14:28:23",820.9,2,ultrapp007
632,15643787,Schw1Eg0,"2026-05-07 22:59:54",820.4,2,schw1eg0
633,15842481,Shin7jp,"2026-05-04 00:57:57",820.3,2,shin7jp
634,15916929,"Horikita Saku","2026-05-11 05:38:47",820.0,2,horikitasaku
635,15674718,"Quentin Garnier","2026-04-28 10:50:55",820.0,2,ptitmoustique
636,15778761,KalkiAvatar3,"2026-05-11 10:37:00",819.7,2,kalkiavatar3
637,15887512,"Chase Bonfiglio","2026-05-09 00:13:00",819.5,2,chasebonfiglio
638,15718720,"Sudhanshu Tiwari","2026-05-09 11:37:12",818.9,2,sudhanshu1st
639,15749415,"Muhammad Oaun","2026-05-05 09:10:19",817.9,2,muhammadoaun
640,15825955,LEEKANG,"2026-05-04 09:19:29",817.7,2,poby7722
641,15650907,Stitch,"2026-05-10 11:33:47",817.2,2,mitsuaccessjam
642,15741779,kokinnwakashuu,"2026-05-10 12:39:55",817.2,2,kokinnwakashuu
643,15740726,"Aastik Rajan15","2026-05-11 07:54:11",817.0,2,aastikrajan15
644,15742848,"Mohammad Albaddawi","2026-04-26 09:23:13",816.9,2,m7mdalbaddawi
645,15890109,ML00Abdullah,"2026-05-11 00:12:30",816.6,2,ml00abdullah
646,15745071,Abhyuday,"2026-05-06 21:17:23",816.5,2,abhyuday10
647,15643178,"Brothers of Creations","2026-05-02 10:36:38",816.5,2,rahulrathnavel
648,15740474,"blatant warrior","2026-05-08 15:27:39",816.2,2,blatantwarrior
649,15831963,"josh mathers","2026-05-04 19:41:23",816.0,2,joshmathers
650,15652641,Gendaijin,"2026-04-29 08:31:05",815.9,2,gendaijin
651,15735779,Wal8800,"2026-04-25 21:37:44",815.8,2,wal8800
652,15634665,"Shunsuke Shibata","2026-05-07 07:48:52",815.3,2,shunsukeshibata
653,15641420,"jorge fabian avila","2026-04-27 13:09:40",814.8,2,jorgefabianavila
654,15845057,Jmkelliher,"2026-05-11 07:18:11",814.1,2,jmkelliher
655,15751528,"hassan manour","2026-05-02 12:04:22",814.1,2,hassanmanour
656,15888487,"chen Jack12","2026-05-08 02:42:44",813.8,2,chenjack12
657,15665926,"Cyril Vincler","2026-05-02 07:03:42",813.7,2,vincler
658,15827795,itzzomkar,"2026-05-08 08:21:57",813.6,2,itzzomkar
659,15705468,"Shubham Vaghasiya","2026-04-27 10:58:35",813.4,2,shubhamvaghasiya
660,15659475,bgsszsa,"2026-05-10 08:25:26",813.4,2,bgsszsa
661,15787258,"Radek Osmulski","2026-05-10 22:16:57",813.2,2,radek1
662,15759218,goose666,"2026-05-05 15:44:40",813.2,2,goose666
663,15670807,"Wasiq Ali","2026-05-08 17:57:34",813.1,2,wasiqaliyasir
664,15639123,Ko,"2026-05-11 16:59:22",813.1,2,komurase
665,15659973,Andy,"2026-04-20 19:26:41",812.8,2,andrewmedran0
666,15662460,"Zach Lindsey","2026-05-05 15:26:17",812.5,2,zlindsey
667,15745254,neibyr,"2026-05-11 09:22:00",812.5,2,neibyr
668,15635502,"Timmy Juicehouse","2026-05-11 08:22:29",812.4,2,sweetyheehee
669,15634859,"Pawan Rama Mali","2026-05-11 11:05:49",811.7,2,pawanmali
670,15829275,"Miquel Sitges","2026-05-10 20:49:01",811.0,2,miquelsitges
671,15637239,"Kenleung Leung","2026-05-04 03:01:15",810.9,2,kenleungleung
672,15761357,mio7690,"2026-04-28 09:06:23",810.9,1,mio7690
673,15664906,yangyefd,"2026-05-11 07:34:34",810.6,2,yangyefd
674,15655391,Giba,"2026-05-01 00:59:06",810.3,2,titericz
675,15634505,F.A.Nina,"2026-05-07 16:51:20",809.8,2,nina2025
676,15683112,Fault,"2026-05-11 05:18:49",809.6,2,ompatel35231
677,15658057,"Mehmet Özer","2026-04-25 15:55:44",807.7,2,ozermehmet
678,15838674,antimaterial,"2026-05-11 06:41:48",806.2,2,antimaterial
679,15809980,増田幹太,"2026-05-06 15:20:06",804.9,2,masukan
680,15659700,atl132,"2026-05-09 01:23:17",804.9,2,atl132
681,15896191,"Yao Huang","2026-05-11 15:17:20",804.8,2,itshyao
682,15651507,Seshu,"2026-05-04 16:25:45",804.7,2,seshuthota
683,15879287,p00pyd00py,"2026-05-10 17:27:35",804.7,2,p00pyd00py
684,15656560,Kyle,"2026-05-06 09:30:09",804.5,2,kylewang12138
685,15659067,"Hariom Singh","2026-05-07 13:25:06",803.8,2,hariomsingh06112001
686,15878713,0xPAT,"2026-05-11 01:39:28",803.6,2,trevorjacobmathews
687,15892238,OpenCubee,"2026-05-11 15:17:36",803.3,2,"hoangnguyen0625,nguynlngs"
688,15735036,mbandara,"2026-05-03 02:43:02",803.3,2,mbandara
689,15749782,yuki16,"2026-05-10 03:15:17",802.9,2,yuki16
690,15837199,wintermute,"2026-05-09 19:51:03",802.8,2,siraev
691,15741861,"Zhao Liying","2026-05-07 10:37:14",802.6,2,yeohzhonghanervin
692,15635402,wongsakorn.rat,"2026-05-01 02:05:05",802.3,2,wongsakornrat
693,15656692,"Zheng Ming","2026-04-30 05:53:16",801.4,2,mingzhengapple
694,15729353,"Jan Wrobel","2026-05-08 14:07:00",799.9,2,mixedbit
695,15662897,RKQ,"2026-05-10 10:44:04",799.8,2,inuneko
696,15672805,"Marc Meijers","2026-04-30 18:49:24",799.8,2,gardan4
697,15872126,yossi,"2026-05-07 16:54:33",799.8,2,yossithomas
698,15636538,"Bruce Wu","2026-04-20 10:23:34",799.7,2,brucewu1200
699,15651875,"bird 01","2026-04-25 08:52:27",799.6,1,bird01
700,15640117,"Muhammad Haaris 27083","2026-05-10 07:26:53",799.4,2,muhammadhaaris27083
701,15697460,vidyananda,"2026-04-24 16:25:49",799.4,2,vidyananda
702,15841923,"Bishal Lamichhane","2026-05-11 11:17:59",799.2,2,bishallamichhane44
703,15921000,"Knight of Favonius","2026-05-11 14:34:54",799.1,2,ladyfaye
704,15634902,z1s1k1,"2026-04-29 08:47:49",799.1,2,qqqqqqq1111
705,15746489,"suhee sukhee","2026-05-05 03:44:00",798.6,2,suheesukhee
706,15661415,"Cu Spoon","2026-04-24 10:39:48",798.3,2,cuspoon
707,15867846,Carrotato,"2026-05-11 03:50:28",798.3,2,rishigottumukkala
708,15642386,kambarakun,"2026-04-28 05:47:49",798.2,2,kambarakun
709,15694042,"Alexey Dzhevello","2026-05-08 18:46:24",798.2,2,alexeydzhevello
710,15916686,Itong,"2026-05-11 16:57:53",798.0,2,itong1900
711,15671808,"Nishant Singh","2026-05-01 16:24:55",797.2,2,nishso
712,15726984,HojunLee,"2026-05-10 00:48:45",796.6,2,hojuna
713,15639088,Anubisyy,"2026-05-05 02:43:28",796.5,2,anubisyy
714,15756982,yanjixiang,"2026-05-04 02:48:59",796.2,2,yanjixiang
715,15876847,"Nicolas Bridelance","2026-05-11 16:23:15",795.6,2,nbridelancetb
716,15647547,"Smart Manoj","2026-05-02 02:12:44",795.2,2,smartmanoj
717,15907988,ikafly,"2026-05-11 15:04:40",795.2,2,fukushi294
718,15796492,lytCNAORevision2018,"2026-04-30 12:44:14",795.0,2,lytcnaorevision2018
719,15662024,"Agustin Baena","2026-04-26 14:38:40",794.8,2,amazingtiger
720,15637676,XtraLearning,"2026-05-06 11:29:37",794.5,2,xcessivesmash
721,15743158,"Taiki Sato","2026-05-01 23:59:53",793.5,2,taikisato
722,15736569,"Lukasz Kubicki","2026-04-26 13:45:48",793.2,2,lukaszkubicki
723,15795004,"Wander Duck","2026-05-10 04:32:38",793.2,2,wanderduck
724,15741470,"David Lizano","2026-05-11 18:41:25",792.8,2,davidlizano
725,15724685,dddmd,"2026-05-11 00:33:02",792.7,2,dddmdd
726,15671549,"TiGeR STyLe","2026-05-09 19:42:22",792.6,2,kbean413
727,15634245,Ueddy,"2026-05-07 15:31:47",792.5,2,ku0807
728,15634735,Bruce-agent,"2026-04-30 07:09:54",792.2,2,muhammaddanyalmalik
729,15768626,K',"2026-05-11 17:02:06",792.1,2,udadev
730,15777043,"Antonio Avella","2026-04-30 07:20:05",792.0,2,hetman70
731,15646610,"Ochir Dorzhiev","2026-05-06 01:05:59",792.0,2,ochirdorzhiev
732,15648436,zereraz,"2026-05-11 16:52:20",791.3,2,sahebjotsingh
733,15855469,pensukesan,"2026-05-09 00:28:06",790.9,2,pensukesan
734,15650725,newbyy,"2026-04-21 06:22:12",790.9,2,newbyy
735,15729316,"Francis Banda","2026-05-02 10:22:19",790.5,2,francisbanda
736,15669028,rezielux,"2026-05-11 12:55:30",790.2,2,marcoturex
737,15841085,"Matvei Nizovsky","2026-05-03 19:59:02",790.1,2,matveinizovsky
738,15636589,"predlast H of S","2026-05-05 12:43:11",789.5,2,"maxparev,zoli800"
739,15766266,"Carlo Metta","2026-05-01 16:46:15",789.1,2,came86
740,15662670,"Ravi Shah11","2026-05-07 04:20:36",789.0,2,ravishah11
741,15648914,Ken,"2026-05-11 15:07:34",788.8,2,kensuke77
742,15723522,"Battlestar Galactica","2026-05-11 15:03:14",788.7,2,cleynerpereira
743,15752275,Rensyu,"2026-04-27 15:21:23",788.6,2,rensyu
744,15774022,AAElter,"2026-04-30 09:05:07",788.1,2,aaelter
745,15780889,"ahmed achbarou","2026-05-07 13:10:16",788.0,2,ahmedachbarou
746,15671205,"clémentine Malvarosa","2026-04-23 12:49:58",787.9,2,clmentinemalvarosa
747,15640515,"Rui Kamiyama","2026-04-28 06:13:13",787.6,2,ruikamiyama
748,15662115,"Niaz Mahmud","2026-05-09 15:41:51",787.3,2,niazmahmud0201
749,15639821,"Feel The VSOS","2026-05-03 16:25:57",786.9,2,"artemnazemtsev,limprog"
750,15750912,wuhenziguadongnanzhi,"2026-04-28 08:07:27",786.8,2,wuhenziguadongnanzhi
751,15670502,"Mario Nicolae","2026-04-23 16:13:26",786.8,2,marionicolae
752,15776199,Gypaets,"2026-05-10 21:44:49",786.7,2,gypaets
753,15802928,MudassarPAPI,"2026-05-02 00:50:36",786.7,2,mudassarpapi
754,15688456,"nadhir hasan","2026-05-11 03:14:58",786.5,2,nadhirhasan
755,15742183,"Nakanishi Wataru","2026-05-11 14:02:02",786.4,2,nakanishiwataru
756,15826373,"Nat Bel ML Fun","2026-05-06 06:34:50",786.2,2,natbel4ml
757,15662653,Nephorion,"2026-05-07 22:35:06",785.9,2,museofnephorion
758,15638742,colt,"2026-05-02 12:25:32",785.6,2,xiaomaguo
759,15646046,"HUN UUNNN","2026-05-07 02:57:33",785.3,2,hunuunnn
760,15735199,hhuanghhao,"2026-05-07 09:01:09",784.8,2,hhuanghhao
761,15643715,dan,"2026-04-23 13:05:20",784.0,2,dannywu375
762,15643065,fremen,"2026-04-26 16:26:52",783.8,2,salmanhabeeb
763,15739793,"Giovanni Marco Dall'Olio","2026-04-25 18:32:44",783.7,1,dalloliogm
764,15750822,"minghao mei","2026-05-07 02:41:28",783.6,2,minghaomei
765,15832750,Oshbocker,"2026-05-10 22:20:45",783.6,2,oshbocker
766,15714767,khursani,"2026-05-01 00:03:15",783.5,2,khursani8
767,15638640,Yusuraume,"2026-05-11 14:15:13",783.5,2,sugitatomohiko
768,15744884,"Nadeev Alam","2026-05-07 22:08:02",783.0,2,nadeevalam
769,15640955,Trackko,"2026-05-09 20:00:30",782.9,2,trackko
770,15678577,"Dustin L","2026-05-11 05:35:47",782.9,2,lidstone
771,15662312,"Boning Cui","2026-04-20 21:39:11",782.8,1,smilyaiiscoolgubby
772,15832024,"late night snack","2026-05-11 04:11:10",782.7,2,jackyvo
773,15651935,"kwon yong deuk","2026-05-10 21:08:52",782.6,2,kwonyongdeuk
774,15855423,"Esabelle Chen","2026-05-11 09:08:29",781.8,2,esabellechen
775,15636465,"Raunak Dey","2026-04-30 13:25:28",781.7,2,raunakdey07
776,15669352,NineThree,"2026-05-10 16:58:22",781.0,2,xiaoazuzong
777,15886797,"Anakin PILATRE","2026-05-10 10:16:36",780.8,2,anakinpilatre
778,15735755,"Rahul Kumar Raman","2026-05-06 07:17:01",780.8,2,rahulkumarraman
779,15659889,胡老大,"2026-05-07 15:01:47",780.8,2,huoldbig
780,15640867,phantom2059,"2026-04-23 07:10:31",780.8,2,phantom2059
781,15719952,team-mlab,"2026-05-09 18:04:27",780.6,2,"aluceyyym,chameichi,tokku0119"
782,15638298,AlexisGri,"2026-04-22 14:56:43",780.2,2,alexisgri
783,15731736,"Jiale Lin","2026-04-28 07:57:10",780.1,2,jialelinwestlake
784,15637035,"Octavi Grau","2026-05-11 13:40:22",780.0,2,octaviograu
785,15908509,"Zheng Xu","2026-05-11 12:25:15",780.0,2,xuzheng0114
786,15745106,"Nguyễn Vũ Luân","2026-05-01 04:27:21",779.9,2,nguynvlun
787,15665218,Hikari_30,"2026-05-05 13:55:45",779.8,2,hikari30
788,15695208,"Polyakova Elizaveta","2026-04-30 08:46:03",779.5,2,polyakovaelizaveta
789,15872294,"Chenyu Wang","2026-05-11 15:31:52",779.2,2,ataraxyyeah
790,15852980,"Fahan Kaudeer","2026-05-11 16:57:27",778.5,2,fahankaudeer
791,15641404,"Kumar Abhijeet","2026-04-25 16:26:51",778.3,2,krabhijeet
792,15684825,ikki1111,"2026-05-05 05:38:26",778.3,2,kani23
793,15645481,"bogdan janson","2026-05-09 08:53:11",778.3,2,johnjanson
794,15907910,"Vasiliy Tyutvinov","2026-05-11 18:31:24",778.3,2,gol0vachlena
795,15902877,cocoaAI,"2026-05-10 00:21:22",778.2,2,cocoaai
796,15677184,PAMO12,"2026-05-11 18:31:33",778.2,2,pamo12
797,15829268,Stepwise,"2026-05-11 11:43:47",778.1,2,sankalp
798,15812269,"ren toda","2026-05-02 11:54:43",778.1,2,rentoda
799,15650285,"[Nam Ne DANO] Roman Tamrazov","2026-04-25 08:16:46",777.9,2,romantamrazov
800,15640408,"Ashu Rajput","2026-05-10 11:22:08",777.8,2,ashurajput08
801,15641307,"Vishwas Mishra","2026-05-06 07:41:32",777.5,2,vishwasmishra1234
802,15768722,KickStart57,"2026-05-06 15:13:21",776.8,2,kickstart57
803,15650949,"Gromozeka 400 Drops","2026-05-11 11:13:40",776.8,2,samvelkoch
804,15651112,"BNBU LONG Yuxin","2026-04-19 10:56:30",776.5,1,bnbulongyuxin
805,15638203,"Martynas Džiugas","2026-05-02 17:03:52",776.4,2,martynasdiugas
806,15852339,"Ivan Bobyshkin","2026-05-09 17:24:16",775.9,2,vnchk23
807,15724741,"Koustubh B Kulkarni","2026-04-27 19:12:17",775.8,2,koustubhbkulkarni
808,15636614,"Avinash Pathak","2026-05-11 05:50:34",775.6,2,avipathak99
809,15638296,tetsu2131,"2026-05-10 04:19:42",775.6,2,tetsutani
810,15915517,"haonan zhengh","2026-05-11 12:10:46",775.2,2,haonanzhengh
811,15836510,OrbitX,"2026-05-09 17:42:13",775.1,2,jonaspetzke
812,15670873,LvBingrong,"2026-05-02 09:49:03",774.8,2,lvbingrong
813,15732747,"Iclal Cetin","2026-05-02 21:55:51",774.7,2,claletin
814,15638390,"Sanskar Sontakke","2026-04-21 12:29:47",774.0,2,sanskarsontakke
815,15697896,"Devansh Gupta","2026-04-27 06:36:18",774.0,2,devanshxmg
816,15793556,Ken_Ken_Pa,"2026-05-11 13:11:54",773.9,2,kenkenpa
817,15644442,"Pavel Pavlov","2026-04-22 15:00:05",773.8,2,akakii
818,15644501,"[RU] Nikita Kuznetsov","2026-04-22 14:13:16",772.5,2,nikitakuznetsof
819,15813192,"Yiting Nian","2026-05-10 16:14:43",772.5,2,yitingnian
820,15644767,"perpetual motion machine","2026-04-19 05:47:26",771.9,2,aristotlechen
821,15744844,"Kshitij Vatsa","2026-04-27 19:04:22",771.9,2,kshitijvatsa
822,15674419,"SOLOMON SHALOM LIJO","2026-04-23 09:37:10",771.6,2,solomonshalomlijo
823,15633727,OverfitOracle,"2026-04-24 16:52:48",771.6,2,alisalmanrana
824,15732294,Vishnu,"2026-04-26 11:14:00",771.4,2,tpjvishnuvardhan
825,15689803,"Tumaini Makena","2026-04-22 05:15:00",771.3,2,tumainimakena
826,15638784,Ryota,"2026-05-03 13:37:26",770.9,2,ryotak12
827,15755364,"daanouni bilal","2026-05-11 14:38:39",770.8,2,bdaanoun
828,15846023,Trois_5,"2026-05-11 08:12:30",770.6,2,trois5
829,15867235,This.Mike.Guy,"2026-05-08 15:53:56",770.6,2,thismikeguy
830,15696913,"subham acherjee","2026-05-04 17:57:13",770.5,2,"sohini27,subhamacherjee"
831,15834648,"Lucas Bryant","2026-05-06 15:15:04",770.4,2,lucasbryant4647
832,15836075,"Jared Kusnev","2026-05-05 21:23:41",770.4,2,jaredkusnev
833,15647211,"Bogdan Kovenko","2026-05-06 12:18:58",770.3,2,bogdan355
834,15668808,"Ankita Patel","2026-05-08 13:17:35",769.5,2,beingankitha
835,15646885,"Mark Slavin","2026-04-21 22:41:01",769.2,2,markslavin
836,15903379,lucataco,"2026-05-09 02:42:38",769.2,2,lucataco
837,15637898,Piiiiiiiii,"2026-04-19 21:59:55",768.9,2,piiiiiiiii
838,15790605,CHOSeongmin,"2026-05-06 11:12:37",768.8,2,smcho1201
839,15721332,Jason-Oh,"2026-04-29 16:24:53",768.6,2,dossantoss
840,15704145,onthehilluu,"2026-05-01 14:58:34",768.5,2,newtohere
841,15663647,"Tomoki Hirose","2026-04-27 15:21:05",768.4,2,tomokihirose
842,15644823,Suda,"2026-04-20 17:17:48",768.4,2,chaneyma
843,15640822,"Ioannis M","2026-04-19 18:03:50",768.4,2,imeintanis
844,15662296,"Aleksandr Politov","2026-04-22 16:28:45",768.2,2,aleksandrpolitov
845,15926036,ダルシャン・キラリ,"2026-05-11 18:13:33",768.1,2,darshankilari
846,15634041,Maxim,"2026-04-20 02:51:21",768.1,2,ektarr
847,15699446,"Paul Owiti","2026-04-23 13:58:12",767.9,2,paulowiti
848,15654020,"Vladislav Taliansky","2026-04-20 19:03:59",767.8,1,taliansky
849,15670474,LeeVvin,"2026-04-28 10:51:12",767.6,2,leevvin
850,15724699,Ss,"2026-05-08 02:32:31",767.4,2,shiffonlewis
851,15636593,heng,"2026-04-22 01:22:45",767.3,2,hengzheng
852,15650952,"SUMIN KANG","2026-04-19 10:20:31",767.1,1,suminkang0916
853,15648086,"SHIVAM RAJ","2026-05-11 00:52:13",766.8,2,shivamraj0809
854,15636488,Neenem,"2026-04-29 07:24:59",766.7,2,vinupriyesh
855,15853581,"Aayush Jansari","2026-05-04 21:08:38",766.3,2,aayushjansari
856,15748983,"GG Bond","2026-05-04 15:23:22",766.1,2,colorfuldra
857,15660160,"Andrew Lee","2026-04-22 14:45:17",766.0,2,andrewlee23023
858,15663908,TienNamlee,"2026-04-22 14:08:58",765.6,2,tiennamlee
859,15644895,"Xie Xin","2026-04-20 08:31:16",765.5,2,dingjiarun
860,15689292,"Thành Toàn Vương","2026-05-07 07:01:10",765.4,2,thnhtonvng
861,15816871,Emre,"2026-05-11 18:04:21",765.4,2,emre690
862,15634845,isaki,"2026-05-11 02:31:39",765.4,2,uisaki
863,15651099,"Raiyan Bin Rafique","2026-05-05 17:26:51",765.3,2,raiyanrohit
864,15677135,"Harish S","2026-04-28 04:34:58",764.8,1,harishs177
865,15862992,avchauzov,"2026-05-05 15:45:22",764.4,1,avchauzov
866,15736632,"openclaw rai","2026-04-30 15:07:35",764.2,2,openclawrai
867,15656538,"Aryaman Kusurkar","2026-04-28 15:27:20",764.2,2,"aryamankusurkar,laurensledeganck"
868,15858697,Mikhail,"2026-05-07 07:25:02",764.0,2,mikhailz
869,15634586,shicaicai,"2026-04-22 02:57:53",763.5,1,shicaicai
870,15849973,"Prakash kumar","2026-05-07 17:02:25",763.5,2,oogy42
871,15643929,Nawatix,"2026-05-03 11:32:41",763.4,2,nawatix
872,15664392,"Longting Xu","2026-05-09 05:18:46",763.2,2,longtingxu
873,15837763,shomossa,"2026-05-08 04:45:47",762.9,2,shomossa
874,15651612,"Night Fraust","2026-04-22 09:29:57",762.9,2,nightfraust
875,15663005,nyahomaru.,"2026-04-28 16:52:38",762.7,2,nyahomaru
876,15657469,Yousef,"2026-05-11 14:19:23",762.5,2,yousefcheng
877,15647637,Penguin,"2026-05-11 13:53:38",761.3,2,penguin069
878,15635087,"Dingrong Xue","2026-04-27 05:06:15",761.0,2,dylanxue04
879,15742068,SkyL,"2026-05-01 13:30:02",760.7,1,johanalmpanis
880,15802380,Tien-Thinh,"2026-05-11 14:55:51",760.7,2,tienthinh
881,15710022,"Melih S","2026-05-06 11:39:58",760.6,2,melihsozen
882,15634612,衛星軌道戦争,"2026-04-20 09:18:57",760.4,2,kosirowada
883,15659467,"Maxim Cardenas","2026-04-25 12:33:02",760.0,2,maximcardenas
884,15637315,Mehul_Chourasia28,"2026-04-22 11:31:26",759.4,2,mehulchourasia28
885,15635037,"Baidalin Adilzhan [dsmlkz]","2026-05-04 02:43:09",759.4,2,baidalinadilzhan
886,15660625,"Araik Tamazian","2026-04-25 17:33:30",759.4,2,atamazian
887,15643711,"Seungjun Lee","2026-04-21 15:52:33",759.1,2,seungjunleeofficial
888,15688014,zkprof,"2026-04-27 13:51:21",758.9,2,zkprof
889,15664884,joaopedrotocantins,"2026-04-22 17:01:02",758.9,2,joaopedrotocantins
890,15822688,tech-lunch,"2026-05-11 08:33:09",758.9,2,techlunch
891,15811996,TeamNari,"2026-05-11 04:08:29",758.8,2,"adityakrishnanmohan,maax12"
892,15779456,Slomna,"2026-05-01 12:30:18",758.7,2,slomna
893,15662827,"Jiyanshu Dhaka","2026-04-21 19:41:18",758.5,2,jiyanshudhaka
894,15637947,"ZS ADS","2026-04-18 18:51:25",758.3,2,"gaveshjain,shameekpathak19"
895,15650707,mochi,"2026-04-19 10:47:48",758.2,1,lau01b
896,15661780,"Stas Chereshkevich","2026-05-11 19:14:13",758.2,2,staschereshkevich
897,15851022,"Natalia Jaśkowska","2026-05-06 12:35:58",758.2,2,nataliajakowska
898,15699537,Dieter,"2026-04-23 19:14:32",758.1,2,christofhenkel
899,15661860,"Emanuel Lázaro","2026-04-26 17:22:01",758.1,2,emanuellcs
900,15635670,"Meenal Sinha","2026-05-09 21:42:36",758.0,2,meenalsinha
901,15636478,"Duong Nguyen","2026-05-05 08:22:35",757.9,2,nguyncdngs
902,15637495,seven,"2026-05-01 15:22:46",757.9,2,morikawatakeshi
903,15647995,flavso,"2026-05-08 07:23:01",757.4,2,flavso
904,15662721,"Neekhil Vatsa","2026-04-26 11:52:26",757.4,1,neekhilvatsa
905,15663085,"Guillermo Gallo Garcia","2026-05-08 22:07:17",757.2,2,guillermogallogarcia
906,15649270,qhapaq49,"2026-04-20 05:50:36",757.0,1,qhapaq49
907,15652629,Vandit,"2026-05-10 23:06:43",756.8,2,vandittyagi0909
908,15731347,kcy4,"2026-04-25 23:15:57",756.4,2,cy4ego
909,15636553,"I LOST SOMETHING I FORGOT WHAT","2026-04-20 10:34:55",756.4,2,barnobarno
910,15644282,"Igor V","2026-05-11 11:15:42",756.3,2,rostigor
911,15698842,Briane1,"2026-04-27 13:55:12",755.9,2,umunyurwabriane
912,15637373,Yuchen20,"2026-05-09 08:47:37",755.8,2,yuchen2066
913,15649921,"Stochoshi G","2026-04-19 08:42:35",755.8,2,stochoshi
914,15640768,Keredu,"2026-04-20 09:28:38",755.5,2,keredu
915,15763537,ericliujc,"2026-05-04 10:46:02",755.4,2,ericliujc
916,15662631,Suuuiiii4,"2026-04-21 07:09:11",755.2,2,bharath111l
917,15634019,hengck23,"2026-04-19 12:10:32",755.0,2,hengck23
918,15635455,"Punya Modi","2026-04-20 05:09:32",754.9,2,punyamodi
919,15664023,"Space Raccoons","2026-04-27 17:02:03",754.5,2,"meerkatalfie,nataliechang2026"
920,15802277,warrensze,"2026-05-11 16:38:40",753.8,1,warrensze
921,15633917,"Evan Arlen Handy","2026-04-28 17:51:25",753.7,2,evanarlenhandy
922,15634058,"Pilkwang Kim","2026-05-08 18:10:34",753.6,2,pilkwang
923,15795131,Aurora,"2026-05-01 11:22:51",753.6,2,henrik404
924,15904884,Luo,"2026-05-09 06:00:50",753.6,1,chaoqiluo7
925,15691076,spongebob_poopypants,"2026-04-22 12:09:35",753.3,2,spongebobpoopypants
926,15745355,"Vincent Caujolle","2026-05-11 15:02:09",753.0,2,vincentcaujolle
927,15662698,"Minions Unite","2026-05-11 03:15:41",752.8,2,michaelreid2025
928,15643241,"Sadettin Şamil Verdil","2026-05-02 12:12:48",752.6,2,sadettinamilverdil
929,15664861,"Gabriel Koo","2026-04-24 00:55:04",752.6,2,gabrielkoo
930,15650044,l2658183739,"2026-05-07 06:08:00",752.5,2,l2658183739
931,15797168,"Baseline Junkie","2026-05-02 06:12:07",752.1,2,dolphininacoma
932,15656356,"S. Mujtaba Hussain","2026-05-11 09:08:23",752.0,2,smujtabahussain
933,15913048,"Nathan Claus","2026-05-09 18:40:12",751.8,1,nathanclaus
934,15651381,LJL♥,"2026-05-06 05:13:46",751.7,2,jallll123
935,15787822,scarlx,"2026-05-01 21:01:56",751.7,2,scarlx
936,15874243,MakiMakiAi,"2026-05-10 02:59:03",751.6,2,makimakiai
937,15647714,"Cihat Emre Çeliker","2026-04-19 07:41:16",751.6,2,celiker
938,15832616,"Ojasvi Tomar","2026-05-10 18:38:04",751.5,2,"ojasvitomar,shankrao"
939,15652106," Mansi anil kadam","2026-04-26 14:59:57",751.3,2,mansianilkadam
940,15686090,thisray,"2026-05-06 14:06:34",751.2,2,thisray
941,15676433,Sophinator,"2026-05-11 19:29:49",751.1,2,sophinator
942,15766987,xuandao,"2026-04-30 09:24:18",751.0,2,xuandaoinhk
943,15647040,"Nabid Nur","2026-04-23 13:49:13",751.0,2,nabidnur
944,15668250,"Vedant Singhal","2026-04-22 17:37:56",751.0,2,vedved
945,15665441,annkake,"2026-05-07 14:29:54",750.9,2,"flnkhome,kazumamiyashita"
946,15647747,"LOKI ITACHI","2026-05-09 10:43:10",750.5,2,rameshguntamukkala
947,15853491,zealotK,"2026-05-04 19:36:16",750.4,2,kevinnguyen007
948,15737574,"yakiv lytovchenko","2026-04-29 13:01:07",750.4,2,yakivlitovchenko
949,15699457,"Younes Hlal","2026-05-11 07:55:16",750.4,2,youneshlal
950,15833310,ETphonehome3876,"2026-05-10 18:53:09",750.1,2,etphonehome3876
951,15661838,"Donald Drummond","2026-04-22 18:00:12",750.0,2,dondrummond
952,15829860,"Yash Sharma","2026-05-03 00:31:43",749.9,2,yashsharma42
953,15692903,"Guillermo Gutiérrez","2026-05-10 12:11:57",749.6,2,guillermogutierrez
954,15651285,Soonduck,"2026-04-19 12:17:31",749.6,2,soonduck
955,15735586,"Thomas Artemius","2026-05-02 12:52:25",749.5,2,thomasamara
956,15665286,"vedant pol","2026-04-25 09:52:00",749.0,2,vedantpol
957,15643750,pitP_kag,"2026-05-11 04:33:36",748.9,2,pitpkag
958,15916063,bbb,"2026-05-11 12:31:04",748.9,2,sakeke
959,15772277,"Tarun Arora","2026-04-29 04:57:16",748.8,2,aroratarun
960,15804337,"Octopus's Garden","2026-05-11 19:09:53",748.3,2,ofidaner
961,15644060,"Orbital Supremacy","2026-04-22 20:17:08",748.0,2,neginfirouzi
962,15635166,"Naga Venkat Marneni","2026-04-18 19:57:23",747.9,2,marneninagavenkat
963,15754942,NNMax,"2026-04-27 18:37:09",747.8,1,ashok205
964,15650997,"SK Arin","2026-04-24 20:30:48",747.8,2,skarin
965,15633618,"Tony Li","2026-04-21 16:13:40",747.2,2,tonylica
966,15643068,redo1,"2026-04-26 03:46:35",747.2,1,radwankhondokar
967,15641589,CuteClaw,"2026-04-23 14:34:40",747.2,2,bloodmoonwq
968,15648885,awarse,"2026-05-08 14:27:50",747.1,2,awarse
969,15783216,bematt,"2026-05-10 20:37:00",746.9,2,bematt
970,15921849,"Ifeoluwa Adewumi","2026-05-11 16:34:25",746.8,2,ifeadewumi
971,15662308,"Alexandros Marinos","2026-04-30 07:28:47",746.6,2,amarinos7
972,15670493,lst1923,"2026-05-06 06:14:11",746.5,2,lst1923
973,15687032,"kartheek rayala","2026-05-07 07:11:51",746.4,2,kartheekrayala1
974,15788723,"[Deleted] 5e198574-490e-4167-9ff1-8ccfdb81d55f","2026-04-30 15:36:53",746.3,2,del=d8d1665573d59e44
975,15663670,JOONSEOEOM,"2026-04-21 02:42:51",746.2,2,joonseoeom
976,15638525,"Earth Science","2026-05-06 14:17:49",745.9,2,"heejuchae123,odop0315"
977,15735455,oQoXOdK6,"2026-05-08 19:22:35",745.8,2,"oqoxodk6,takeuchidaisuke2001"
978,15776414,"Naomi Xiaang","2026-05-03 12:12:36",745.6,2,naomixiaang
979,15641843,"Cheong woon Kang","2026-04-19 12:03:48",745.5,2,richardkangkr
980,15744000,"Nguyễn Quốc Phú","2026-05-02 03:57:36",745.2,2,qucphnguyn
981,15814031,Beauty_Banana_Face,"2026-05-02 11:59:40",745.1,2,beautybananaface
982,15635800,"Kunal Aarse","2026-05-03 13:30:31",744.8,2,kunalinfinite
983,15647753,Gena,"2026-05-09 15:51:59",744.7,2,gdonchyts
984,15654891,SYC,"2026-04-21 10:27:46",744.6,2,yichengs
985,15653833,jaiswalarjit7,"2026-04-19 20:41:05",744.3,2,jaiswalarjit7
986,15645168,JustAVNESEDUDE,"2026-04-22 15:24:40",744.3,2,justavnesedude
987,15754976,"⸻AgentZZ ⸻","2026-05-05 08:36:14",744.2,2,agentzz
988,15774450,qinfuyao,"2026-05-02 12:07:31",744.0,2,qinfuyao
989,15885204,Tia_0311,"2026-05-10 08:54:43",744.0,1,owo123456
990,15640746,AmitShuklaKag,"2026-05-09 07:32:35",743.6,2,amitshuklakag
991,15822892,Ozanize,"2026-05-10 06:58:03",743.6,1,ozanize
992,15689618,"Jakrin S","2026-04-26 14:44:07",743.3,2,jakrins
993,15665346,"T Soo","2026-05-10 07:00:56",743.3,2,ttgrcgrc
994,15840496,"Miss Qiu","2026-05-03 16:44:16",743.1,2,liuhaixu
995,15723578,taopy2,"2026-04-24 00:46:42",743.1,1,taopy2
996,15872070,"Lingyu MA","2026-05-06 07:23:34",743.1,1,cyannnnnnn
997,15653071,"Snigdha Chandan","2026-04-25 02:44:47",743.0,2,nityasevak
998,15694117,skrxxi,"2026-05-08 03:26:32",743.0,2,skrxxi
999,15642714,"Tsubasa Hizono","2026-04-20 15:43:49",743.0,2,tsubasahizono
1000,15633627,"Andreas Bisiadis","2026-04-27 13:03:43",742.7,2,andreasbis
1001,15645441,Adarsh,"2026-04-20 11:00:02",742.5,2,adarsh2626
1002,15660659,Byfone,"2026-05-08 07:30:11",742.0,2,byfone
1003,15647319,Ramesh888,"2026-05-09 10:40:04",742.0,2,ramesh888
1004,15671132,"Saad Hassan","2026-04-27 08:23:34",741.1,2,msaadhassan25
1005,15651971,"frank S","2026-05-11 00:04:45",740.9,2,franksunp
1006,15656271,dgkyoro,"2026-05-06 02:34:03",740.7,2,dgkyoro
1007,15741725,WWWITTT,"2026-04-26 05:18:01",740.6,1,wwwittt
1008,15859808,"Serhii Mosiiash","2026-05-10 18:35:04",740.3,2,serhiimosiiash
1009,15697597,Displayname,"2026-04-27 11:33:25",740.1,1,saikotisana
1010,15695941,today,"2026-04-27 13:47:00",739.7,2,today55
1011,15676326,"Ishan Bansal","2026-04-23 01:43:33",739.5,2,ishanbansal1
1012,15666138,shim0,"2026-05-09 11:29:23",739.3,2,iamshim0
1013,15724446,Ameer_LC,"2026-05-10 16:36:34",739.1,2,ameerlc
1014,15634891,"jialiang qiu","2026-05-02 08:49:27",738.9,1,jialiangqiu
1015,15823502,"Hongming Liang","2026-05-05 12:18:53",738.7,2,hominglukas
1016,15746745,bestwater,"2026-04-28 09:50:52",738.6,2,bestwater
1017,15917471,Albian,"2026-05-11 07:08:19",738.6,2,albian
1018,15662254,"Om Mallick","2026-04-25 08:49:36",738.3,2,"allinone123456,kunalkumarsahoo,maniac2022,ommallick"
1019,15701370,ayanokoji007,"2026-05-05 19:00:20",737.9,2,ayanokoji007
1020,15746494,"Hanna Nasko","2026-05-03 18:14:54",737.7,2,hannanasko
1021,15637974,"guillaume boursiac","2026-04-22 10:04:12",737.6,2,guillaumeboursiac
1022,15663200,xbxb,"2026-04-21 16:06:58",737.6,2,"aijinggao,farfallawang,jbdx6307"
1023,15854564,Shoaib_rza_111,"2026-05-09 08:50:52",737.6,2,shoaibrza111
1024,15697633,Александр,"2026-04-24 12:13:18",736.8,2,alekcandrr
1025,15662786,"Dhairya Jaswani","2026-05-10 23:14:20",736.6,2,dhairyajaswani
1026,15745043,ksusha_sh666,"2026-04-26 17:35:30",736.5,1,ksushashorokh666
1027,15701637,"Koushik Rudra","2026-04-28 19:35:28",735.6,2,koushikrudra
1028,15723305,"aditya yadav","2026-05-11 17:00:09",735.4,2,offadity
1029,15647141,Zulqar,"2026-04-19 22:21:49",735.3,2,johndoe2011
1030,15640476,xsong2020,"2026-05-04 04:18:32",735.2,2,xstargate
1031,15660694,"I just love games","2026-05-11 17:51:46",735.0,2,rzoforai
1032,15662354,"Guilherme Silva","2026-04-30 19:02:43",734.7,2,guilhermesilva
1033,15637227,gkami,"2026-04-19 15:00:24",734.4,2,gamurakami
1034,15746957,"Debanshu Mallick","2026-04-28 07:36:14",734.4,2,debanshumallickiisc
1035,15699073,"vogts wu","2026-05-11 16:37:47",734.2,2,vogtswu
1036,15634138,"Md Mahfuz Sumon","2026-05-05 12:11:37",733.3,2,mdmahfuzsumon
1037,15826300,"Abu Kanabek [dsmlkz]","2026-05-02 16:49:00",733.2,2,abukanabek
1038,15822952,"Adriano Retondo","2026-05-09 03:45:37",733.1,2,adrianoretondo
1039,15637055,Ttkuma,"2026-04-20 02:41:42",731.2,2,ttkuma
1040,15829834,"Abdullah Zubair","2026-05-04 03:07:31",731.2,2,abdullahzubair1
1041,15660851,youkura,"2026-05-01 15:02:36",730.8,2,youkura
1042,15639497,"Akmal Azzam o'g'li","2026-05-10 17:55:59",730.7,2,akmalmir
1043,15750681,notme,"2026-05-05 08:57:13",730.3,2,ducknf
1044,15686958,"Andrew Dolecki","2026-05-07 01:50:47",729.8,2,andrewdolecki
1045,15649506,"Atharva Nilawar","2026-04-22 09:59:54",729.6,2,atharvanilawar
1046,15867782,iberes,"2026-05-11 17:43:33",729.5,2,jaredmindlin
1047,15656829,"Đào Janek","2026-04-23 19:36:03",729.4,2,ojanek
1048,15638475,BillyBoyPA,"2026-04-29 20:17:26",729.2,2,billyboypa
1049,15883483,TeamA10,"2026-05-09 11:58:54",728.8,2,adnanunsw
1050,15665122,"Eldin Sijaric","2026-05-09 23:37:42",728.6,2,eldinsijaric
1051,15667195,Pierrax,"2026-05-10 19:22:46",728.6,2,pguillemin
1052,15758475,史永刚,"2026-05-09 14:59:45",728.2,2,shizehao
1053,15636758,213tubo,"2026-05-08 10:19:53",728.2,1,tubotubo
1054,15676525,Cruella-Supremacy,"2026-05-10 22:01:59",727.6,2,ajiboyetoluwalase
1055,15641006,"Danielius Stanevicius","2026-04-20 20:03:57",727.3,2,danieliusstanevicius
1056,15634014,"Aadi Gupta","2026-04-29 19:36:37",727.1,2,"aadigupta1601,iztanmaymohan"
1057,15931143,"Joey Fredrickson","2026-05-11 19:43:18",727.1,2,joeyfredrickson
1058,15670515,"Timo Vehviläinen","2026-04-28 05:26:17",727.0,2,kvantti
1059,15734137,"Adam Neber","2026-05-08 20:22:06",726.7,2,adamneber
1060,15656232,Pruden,"2026-05-11 05:29:18",726.5,2,mohammedm0iz
1061,15847140,mech_39,"2026-05-05 06:15:49",726.3,2,mech39
1062,15831481,"amine jmy","2026-05-06 07:44:26",725.8,2,aminejmy
1063,15638551,askbox,"2026-05-06 09:17:52",725.8,2,askboxnet
1064,15823013,KhunAgueroAgnis,"2026-05-05 12:59:34",725.6,2,khunagueroagnis
1065,15821570,sqsge321,"2026-05-02 00:05:02",725.3,1,sqsge321
1066,15859804,"Shrajan Thakuri","2026-05-09 09:43:43",725.1,2,simonminter
1067,15637381,NobelK5342,"2026-04-19 09:10:36",724.6,2,nobelk5342
1068,15641425,"Santiago Maniches","2026-05-10 06:11:31",724.3,2,santmani
1069,15701601,"Harikesh Shukla","2026-04-30 16:24:18",724.2,2,harikeshshukla14
1070,15739688,"Ahmed Gehad","2026-05-03 09:49:15",723.9,2,ahmedgehad
1071,15645711,amy,"2026-04-25 14:58:54",723.7,2,mystakhs
1072,15671704,toki-mashita,"2026-04-23 14:58:22",723.2,2,minaminamin
1073,15696240,"Pure Manbo","2026-04-25 12:56:36",723.0,2,"a3322210888,junliw"
1074,15655386,Chikuwabu,"2026-04-25 17:13:44",722.9,2,prgckwb
1075,15652931,Kushagragoyal060705,"2026-04-21 05:27:49",722.8,2,kushagragoyal060705
1076,15826486,"Gabriel MercierX","2026-05-08 01:05:27",721.2,2,gabrielmercierx
1077,15862068,松原琉喜,"2026-05-11 19:45:52",720.6,2,ryuki12kyo
1078,15824836,"Thư Quỳnh cute","2026-05-08 05:42:32",720.5,2,thqunhcute
1079,15656468,suxing-star,"2026-04-20 06:28:00",720.4,1,suxingstar
1080,15646473,"SHUBHOJIT NASKAR","2026-04-19 04:20:55",720.3,2,shubhojitnaskar
1081,15670671,"Adi Kusuma","2026-05-09 16:28:04",720.1,2,adikusum4
1082,15761806,"Rishikesh Jani","2026-05-05 08:38:42",720.0,2,rishikeshjani
1083,15634676,porply,"2026-04-17 16:49:12",719.6,2,porply
1084,15708003,ei1333,"2026-04-30 16:20:51",719.6,2,ei1333
1085,15659217,tamref,"2026-05-03 02:26:40",719.1,1,tamreff3290
1086,15843145,Troyxxf,"2026-05-11 01:58:29",719.0,2,troyxxf
1087,15639991,"Yash Mohan","2026-05-04 16:34:47",719.0,2,yashm917
1088,15702863,casbeebc,"2026-05-01 23:42:13",718.4,2,casbeebc
1089,15647148,"Amitay Bagon","2026-04-26 17:18:04",717.7,2,amitaybagon
1090,15639270,yuma,"2026-04-26 15:23:24",717.4,2,yuuuma
1091,15901179,"Phan Tien Dung","2026-05-09 02:54:41",716.6,2,phantiendun
1092,15827808,XilagX,"2026-05-04 02:18:35",716.4,2,xilagx
1093,15636275,"ömer kiraz","2026-05-04 13:43:23",716.3,2,merkiraz
1094,15641076,"Muhammad Aashir Irshad","2026-04-19 00:16:18",715.9,2,muhammadaashirirshad
1095,15648163,"Soshi Uejima","2026-04-19 12:42:35",715.0,2,assdafa1223
1096,15737623,"Shubham Phapale","2026-04-28 03:19:09",714.9,2,shubhamphapale
1097,15659695,JeffFosterUK,"2026-04-29 09:54:21",714.8,2,jefffosteruk
1098,15671268,"Krishna Chaitanya BH","2026-05-09 19:17:34",714.8,2,krishnachaitanyabh
1099,15696611,yuyu,"2026-04-22 11:38:22",714.6,2,beatrice1010
1100,15645236,"GAURAV PARKHEDKAR","2026-04-30 15:07:08",714.4,2,gauravparkhedkar
1101,15722187,ZeroEntropy,"2026-05-05 16:13:21",714.4,2,tronghuy315
1102,15636049,Will,"2026-05-03 07:25:49",713.8,2,wguesdon
1103,15839159,"Avestalib Mohammad Mustaque","2026-05-07 16:10:06",713.7,2,avestalib
1104,15643557,"Yuri Nakayama","2026-05-03 15:25:23",713.6,2,yurinakayama
1105,15745668,"Khodos Aleksandr","2026-05-03 15:26:48",713.5,2,khodosaleksandr
1106,15744568,hotaq,"2026-04-28 01:24:48",713.1,2,chinnaphatkhun
1107,15731002,andrew20566,"2026-04-28 01:40:04",711.9,2,andrew20566
1108,15651889,ghost613,"2026-04-20 22:31:29",711.6,2,sabinaabdurakhmanova
1109,15708407,"First Order","2026-05-05 15:02:07",711.3,2,"haru0707,kiduna"
1110,15846918,Troy_xx,"2026-05-11 17:17:18",711.0,2,troyxx
1111,15670898,"Андрей Четверяков","2026-04-21 15:42:51",710.8,1,bitmann0
1112,15689108,jmc,"2026-05-03 06:20:36",710.1,1,janmmachacek
1113,15675736,zorojuro,"2026-04-22 20:35:48",709.8,2,vyankteshdwivedi
1114,15636104,"Zelin Huang","2026-04-24 07:08:28",709.4,2,blueshyy
1115,15634843,"Sangram Patil","2026-05-10 06:20:33",709.1,2,sangrampatil5150
1116,15664458,CamelSean,"2026-04-23 08:03:58",708.2,2,camelsean
1117,15650972,"Haradi Bots","2026-04-28 09:27:17",707.0,2,haradibots
1118,15635564,gwongwilliam,"2026-04-19 01:18:47",706.7,2,"abhiramyakkali,gwongwilliam"
1119,15656587,Dhruv,"2026-05-11 18:18:40",706.6,2,dhruvrama
0,15632861,"Strategy Optimized Agent","2026-04-16 17:27:43",706.5,1,
1120,15662693,"Hanif Noer Rofiq","2026-04-22 11:56:02",705.9,2,hanifnoerrofiq
1121,15639022,theredbluepill,"2026-05-11 14:41:40",705.9,2,poonszesen
1122,15785160,Huobjj,"2026-05-08 05:36:37",705.4,2,huobjj
1123,15888485,"Talim Aushakhman","2026-05-11 08:24:27",705.2,2,talimaushakhman
1124,15700725,Q537bf,"2026-04-23 10:02:41",705.1,2,q537bf
1125,15737255,EMR_DATA,"2026-05-11 18:29:18",704.9,2,emiliomas
1126,15890884,faytinn,"2026-05-09 23:19:32",704.4,2,"faytinn,littlestronomer"
1127,15654332,23409m,"2026-05-02 22:31:11",704.4,2,lucaminiati
1128,15651301,"Anshu kumari","2026-04-19 16:03:34",704.3,2,anshukumari17
1129,15827072,George,"2026-05-07 05:54:29",704.0,2,needname
1130,15638368,"Youhei Tomio","2026-05-08 19:13:39",704.0,2,youheitomio
1131,15636981,Kaiser,"2026-05-10 22:28:01",703.5,2,kaiserm
1132,15688700,Samarth,"2026-04-22 18:10:17",702.0,2,samarthvm
1133,15676287,"mouad berqia","2026-05-07 21:13:08",702.0,2,mouadberqia
1134,15808033,civilien,"2026-05-01 15:12:30",701.6,2,civilien
1135,15736333,"Luxshan Thavarasa","2026-04-26 18:04:14",701.4,2,luxluxshan
1136,15664480,ProXy,"2026-05-07 08:34:40",701.0,2,"dheerajhack,prajwalsutar"
1137,15733516,"Shanu Khandelwal","2026-04-25 23:44:44",700.5,1,shanukhandelwal
1138,15640140,"Hiểu Vy","2026-04-21 06:56:19",700.2,2,thangnm1
1139,15842234,"PRASHANT SHUKLA91","2026-05-07 07:03:12",699.2,2,prashantshukla91
1140,15654164,usarabi,"2026-04-30 14:58:56",699.2,2,hach91
1141,15636311,Lonnie,"2026-04-17 20:41:58",699.0,1,lonnieqin
1142,15665511,alejandroradisic,"2026-04-25 10:30:46",697.8,2,alejandroradisic
1143,15663267,Frabcd,"2026-05-09 12:46:49",697.6,2,"ccta69,frabcd"
1144,15750239,"Jason Mourier","2026-05-05 21:16:27",697.5,2,jasonmourier
1145,15837858,"Matteo Erz","2026-05-05 08:51:37",697.3,2,matteoerz
1146,15665124,Dominus,"2026-04-25 13:42:14",697.3,2,"nithinbhargavg,partha0673"
1147,15842276,"Eugen Sedlar","2026-05-04 10:30:23",697.3,2,eugensedlar
1148,15641204,"Francesco Campigotto","2026-04-21 07:36:37",697.2,2,francescocampigotto
1149,15871060,qizhenguo,"2026-05-11 14:18:55",696.7,2,qifei121243121243
1150,15913338,"Manav Trivedi","2026-05-10 07:16:00",696.5,2,manavtrivedi
1151,15633837,rkd,"2026-05-11 19:34:46",695.9,2,ryookd
1152,15853457,"XIE Jintao","2026-05-06 05:14:34",695.9,2,xiejintao
1153,15757314,"Rishav Utkarsh","2026-05-04 16:26:35",695.8,2,rishavutkarsh
1154,15651157,"Seok, Jeongeum","2026-04-20 11:50:37",695.2,2,seokjeongeum
1155,15892526,"Jehrome F","2026-05-09 16:25:31",694.8,2,jehromef
1156,15770693,"Ahmed Omar","2026-05-09 16:10:21",694.8,2,ahmedomar42
1157,15633666,Mattpelor,"2026-04-23 23:15:52",694.6,2,mattpelor
1158,15660772,M.Maroof,"2026-05-09 09:41:11",694.2,2,maroofiums
1159,15668370,"Ali mohon","2026-04-25 10:35:43",693.6,2,alimohon
1160,15633377,"Muhammad Ibrahim","2026-04-28 08:21:24",693.0,2,muhammadibrahim3093
1161,15747781,"FasterYouChase FasterIRun","2026-05-11 08:21:27",692.5,2,icoguser
1162,15652183,"Brisa Marina","2026-04-19 15:07:07",692.1,1,brisamarina
1163,15663153,"Mr Banana3rd","2026-04-25 22:32:48",691.8,2,mrbanana3rd
1164,15645639,V_Arslan,"2026-04-20 18:31:31",691.6,2,vvarslan
1165,15647417,"Sairaj Adhav","2026-04-18 18:36:30",691.5,1,sai10py
1166,15647120,"Sinan Calisir","2026-04-22 18:45:10",691.4,2,snnclsr
1167,15908699,"Alberto Mocchi","2026-05-10 13:46:25",691.3,2,albertomocchi99
1168,15736450,HironariSaito,"2026-04-29 03:19:47",691.3,2,hironarisaito
1169,15659093,"Long Hu","2026-04-24 04:38:30",691.1,1,longhul
1170,15641751,leo,"2026-04-24 08:15:44",690.9,2,calibrator
1171,15634263,JaimeF,"2026-04-19 21:04:32",690.4,2,druidh
1172,15768926,ndionysus,"2026-05-02 22:00:40",689.9,2,ndionysus
1173,15661072,"Shien Zhang","2026-04-21 10:19:01",689.8,2,shienzhang
1174,15664101,"Galuh Mafela","2026-04-21 07:57:10",689.4,2,pentol
1175,15641640,"Pedro Marques","2026-04-21 09:34:54",689.2,2,pedromarques02
1176,15659658,lonelygolem,"2026-04-28 21:12:18",689.1,2,rocinantt
1177,15653754,fle3n,"2026-05-07 09:21:03",689.0,2,fleongg
1178,15652386,"Simon Ravé","2026-04-24 20:08:00",688.6,2,saulane
1179,15641044,"No Chance","2026-05-09 11:45:34",687.6,2,stochastix
1180,15731633,"Manurupan M","2026-05-11 15:02:45",687.2,2,manurupanm
1181,15662353,"Param Pratap","2026-05-06 22:29:31",687.0,2,parampratap
1182,15694973,AntiSpiral,"2026-04-25 12:44:24",686.8,2,salmanhaiderqadari
1183,15666119,"ERGR EBE","2026-04-25 14:56:48",686.7,2,ergrebe
1184,15830834,"Rishi Gupta","2026-05-09 12:02:47",686.5,2,rishigupta07
1185,15642020,epigene,"2026-04-27 23:40:47",686.1,2,nadhu59648
1186,15635842,"RAHUL CHAUHAN","2026-04-23 09:45:37",686.0,2,rahulchauhan016
1187,15773252,Robinson,"2026-05-08 08:49:49",685.8,2,newlooker
1188,15659922,lemon,"2026-04-20 15:19:40",685.5,2,"nishitapjahagirdar,sahana88"
1189,15662173,"MMKPC Studios","2026-05-08 13:32:16",685.1,2,matthewemitchell
1190,15653731,"Rezanur Rahman Tomal","2026-04-22 19:35:33",684.8,2,rezanurrahmantomal
1191,15744953,Murppp,"2026-05-10 08:51:53",684.7,2,murppp
1192,15651686,Nihil,"2026-05-01 14:10:07",684.6,2,jorapro
1193,15641784,"Dmytro Kozii","2026-05-04 01:01:28",684.6,2,dmytruto
1194,15705493,"Joel Silas","2026-04-24 04:02:58",684.6,1,thejoelsilas
1195,15874890,"Paul Pawletta","2026-05-08 17:47:49",684.5,2,paulpawletta
1196,15827591,ThEmEpErSoN,"2026-05-07 13:07:38",684.5,2,themeperson
1197,15645036,"m-toshi desu","2026-05-11 00:39:29",684.4,2,mtoshidesu
1198,15730534,"Sreenandhu Nair","2026-05-02 21:53:13",684.3,2,sreenandhunair
1199,15798671,"Youssef Kallala","2026-04-30 15:33:35",684.1,1,youssefkallala
1200,15914840,"Hem Viramgama","2026-05-11 05:05:44",684.1,2,hemviramgama
1201,15645444,"[RU] Evgeniy Kamyshan (sharing)","2026-04-18 19:29:20",684.0,2,svo1488zov
1202,15869666,"John Doe","2026-05-09 15:18:34",684.0,2,johndoe90843
1203,15696580,blaaaaaa,"2026-04-22 11:22:38",683.8,1,blaaaaaa
1204,15721871,pudeyitian,"2026-05-04 11:42:11",683.8,2,pudeyitian
1205,15637400,"Stefan C","2026-04-24 14:36:15",682.7,1,schoppaeh
1206,15732117,"Шахзод Тошпулатов","2026-04-30 16:26:55",682.6,2,tsht88
1207,15756734,"Panagiotis Niarchos","2026-05-06 12:23:19",682.2,2,panagiotisniarchos
1208,15662964,JosephErikRibeiro,"2026-05-11 11:45:00",682.2,2,josepherikribeiro
1209,15662342,"Gerar Del Toro","2026-05-06 16:59:22",681.7,2,gerardeltoro
1210,15633814,smlcr,"2026-05-05 10:32:05",681.6,2,simulacri
1211,15661646,Juracan,"2026-05-10 23:19:31",681.1,2,drakus74
1212,15661588,geeknik,"2026-04-23 21:45:19",681.1,2,geeknik
1213,15787167,"bnbuster bn","2026-05-10 20:49:45",681.0,2,bnbusterbn
1214,15673045,Jokrasa,"2026-04-26 23:16:35",681.0,2,jonaskreutz
1215,15723142,JesusCastCo,"2026-05-08 05:29:56",680.9,2,jesuscastco
1216,15664150,"Matt Davis","2026-05-11 15:15:26",680.9,2,matteius
1217,15633499,HaceHazretleri,"2026-04-24 08:13:27",680.7,2,nurullahayvalk
1218,15663892,"Rosa María Colcas Tolentino","2026-05-05 18:20:23",680.3,2,juancaquinoc
1219,15836356,Mob,"2026-05-07 01:36:16",680.0,2,bryanthogerson
1220,15665017,"rodrigue butoyi","2026-04-25 09:13:32",679.8,2,rodriguebutoyi
1221,15745199,ctylim,"2026-04-27 19:19:39",679.8,2,ctylim
1222,15806172,"Sentient Pattern","2026-05-11 19:03:03",679.7,2,sentientpattern
1223,15737377,LHYSKX,"2026-05-11 06:07:43",679.6,2,"daysweeks,gabogua88,lhyskx"
1224,15651556,"Ayush Thakur","2026-05-11 16:42:32",679.0,2,ayuraj
1225,15748552,Sudo,"2026-04-27 20:50:27",678.9,2,sudipde25
1226,15838536,VarshithGoud2407,"2026-05-03 13:02:20",678.8,1,varshithgoud2407
1227,15633505,"Orbit Ruler","2026-04-19 09:26:44",678.6,2,zkirederf
1228,15653949,Theo,"2026-05-09 19:54:05",678.3,2,theokp
1229,15753767,Aa6597,"2026-05-07 15:22:31",677.4,2,aa6597
1230,15662179,DuaneImambaksh,"2026-05-09 19:30:57",677.0,2,dimambaksh
1231,15658156,"Jacopo Repossi","2026-05-04 22:56:32",676.9,2,jacoporepossi
1232,15892302,"Luke Pipkin","2026-05-10 03:10:28",676.6,2,lukepipkin
1233,15889033,"Fırat Cem SAVAŞ","2026-05-09 14:20:27",676.0,2,hunlacem
1234,15833679,"Srujan Kalavagunta","2026-05-10 22:09:48",675.9,2,"harshakalavagunta,srujankalavagunta14"
1235,15651991,"space ZOV","2026-04-25 09:17:22",675.8,4,"chokegm,oreehovich3"
1236,15743243,marouane_chirane,"2026-05-07 14:29:39",675.4,2,marouanechirane
1237,15808563,ReLU,"2026-05-11 03:48:13",675.2,2,chingyinng
1238,15635091,szyulian,"2026-05-01 17:48:46",674.5,1,szyulian
1239,15774408,"Taha Mahmood","2026-05-06 04:48:25",674.4,2,tahamahmood
1240,15663386,"Wang Yihao","2026-04-23 14:09:04",673.9,2,"shiwenbo,wangyihaoseu"
1241,15761451,"Yusa Aihara","2026-05-08 06:14:20",672.3,2,yusaaihara
1242,15646510,ZTR66_123,"2026-04-25 05:19:12",672.3,2,ztr66123
1243,15650685,"Arsalan Mateen","2026-04-23 16:01:13",671.6,2,"arslanmateen,uzairkbrr"
1244,15663706,"Liu Zhongliang","2026-04-24 04:14:48",671.5,2,digiranger
1245,15664350,shishaohua,"2026-04-29 12:58:26",671.3,2,sshaohua
1246,15662992,wildfire,"2026-05-06 05:51:59",671.3,2,amitmawal
1247,15769164,MaxGrin,"2026-04-30 12:41:21",671.1,2,maxgrin
1248,15740072,"Murat Yıldırım","2026-04-26 13:51:14",671.1,2,muratyldrm
1249,15840668,AJ,"2026-05-11 12:06:17",670.6,2,"andersonawolossou,niyogisubizohjovan"
1250,15829156,"Davide Expo","2026-05-03 15:03:32",670.6,2,davideexpo
1251,15669960,"ONYX WARS","2026-04-25 18:47:57",670.4,2,ruicompany
1252,15850347,Luck^2,"2026-05-04 14:38:58",670.0,2,rlhjansen
1253,15642344,hsiaosuan,"2026-04-19 09:45:10",669.7,2,hsiaosuan
1254,15780284,HKmgikao,"2026-05-11 13:28:46",669.0,2,hitoshikmgai
1255,15673256,QuantVega,"2026-04-24 09:09:20",668.3,2,alphadecay
1256,15891396,"Sam Harrington","2026-05-11 15:03:47",668.3,2,samharrington1
1257,15911524,"Mohammadmahdi Rahimi","2026-05-10 21:25:51",667.7,2,mahdiirahimi
1258,15910963,"Sergio Gao","2026-05-10 11:41:46",667.2,2,sergiogao
1259,15913384,Umair,"2026-05-10 11:35:37",667.0,2,umairanwer
1260,15796350,Yashvardhan2109,"2026-05-04 07:21:19",666.9,2,yashvardhan2109
1261,15784787,"TABOUT MHAMED","2026-05-11 18:00:30",666.8,2,taboutmhamed
1262,15733718,"Two Genies","2026-05-08 18:13:39",666.6,2,twogenies
1263,15634101,balake235,"2026-04-23 18:48:19",666.3,1,balake235
1264,15782928,Shadow,"2026-04-30 13:58:38",666.3,2,chetanagrawall
1265,15882326,Prabin,"2026-05-07 09:43:21",666.3,2,pra6in
1266,15643794,"Guillaume HIMBERT","2026-05-09 16:22:00",666.2,2,guillaumehimbert
1267,15846515,"Muhammad Awais #2","2026-05-04 12:04:50",666.1,1,m10awais
1268,15744592,laughingmen,"2026-05-10 13:45:31",665.9,2,laughingmen
1269,15640892,"Félix Truong","2026-05-06 08:39:51",665.3,2,servantfelix
1270,15919155,ryu_to,"2026-05-11 16:05:18",665.3,2,ryuseitoshi
1271,15738259,old_man_logan,"2026-04-26 12:59:00",664.1,2,guptaabhishekknp
1272,15648225,Aljechin,"2026-04-30 09:11:30",664.0,2,aljechin
1273,15827658,"Jason Kimmmmmmmm","2026-05-09 15:44:12",663.6,2,jasonkimmmmmmmm
1274,15662794,XIAODOUZI,"2026-04-23 18:34:16",662.0,2,xiaodouzi666
1275,15833680,"shibuya yuto","2026-05-06 11:51:04",662.0,2,shibuyayuto
1276,15720608,"Ejen NaSa","2026-05-07 13:08:28",661.9,2,"ilhamnakula,ilhamsadewa"
1277,15637649,nnc,"2026-05-11 14:09:12",661.3,2,daimarusui3
1278,15638757,SC/AGELITE,"2026-05-04 20:37:37",661.1,2,ryosketchbook2007
1279,15642841,Harui,"2026-05-05 03:08:29",661.0,2,haruiig
1280,15831570,HLeydar,"2026-05-07 10:24:34",661.0,2,hleydar
1281,15725064,"Takahiro Suzuki","2026-05-10 03:33:51",660.9,2,tksuzuki
1282,15914264,Flip001,"2026-05-11 15:31:44",660.7,2,flip001
1283,15665139,skomuro,"2026-05-06 23:49:36",660.7,2,skomuro
1284,15729301,"Luck is what I need","2026-04-24 08:22:57",660.5,1,majiaqi111
1285,15910261,"Kuzey Torlak","2026-05-09 19:10:31",659.5,1,kuzeytorlak
1286,15669185,"Alexandre ARNAUD","2026-05-11 15:08:21",659.2,2,alexandrearnaud
1287,15735864,"Stefano Antinori","2026-05-02 06:48:23",658.9,2,spiritokko
1288,15662683,"P.J Leek","2026-05-11 18:23:59",658.8,2,pjleek
1289,15661447,"kimo oudda","2026-05-08 21:58:04",658.3,2,kimooudda
1290,15633964,"Julien Genzling","2026-05-08 20:55:43",658.0,2,juliengenzling
1291,15735005,"Cortisol - Nine","2026-04-27 07:22:41",657.7,2,natthanarongtiangjit
1292,15703870,"Dan Harris","2026-04-25 04:44:50",657.6,2,thurian
1293,15639002,Noam,"2026-04-18 18:48:26",657.2,2,noam1977
1294,15662392,"Gauthier Avite","2026-04-20 21:40:16",657.1,1,gauthieravite
1295,15791255,"Gemini 3.1 Pro","2026-05-05 11:10:43",657.1,2,gemini31pro
1296,15731936,"Rhys Gardener","2026-05-08 10:35:25",656.9,2,rhysgardener
1297,15662599,"Saad Sharif Ahmed","2026-04-23 07:46:58",656.6,2,zeon01
1298,15801575,"Ignasi Alemany","2026-05-06 20:21:43",656.5,2,ignasialemany
1299,15639679,john,"2026-05-04 15:33:09",656.2,2,jaejohn
1300,15635930,SajayR,"2026-05-06 00:10:41",655.9,2,sajayr
1301,15795166,"Sebastian Gumula","2026-05-08 12:56:59",655.3,2,sebgumula
1302,15641154,"Sébastien henry","2026-05-10 13:45:41",655.0,2,sebmontreal
1303,15635127,"Luke Stafford","2026-04-28 01:06:51",654.3,2,luketstafford
1304,15648264,"Amit Talmale","2026-04-23 20:32:18",654.1,2,amittalmale
1305,15664276,"Suraj Jha","2026-04-27 06:31:11",653.3,2,jhasuraj06
1306,15794069,SahilShekh,"2026-04-30 16:29:20",653.2,2,sahilshekh
1307,15673301,"Natanael Almeida","2026-04-30 02:58:14",652.4,2,natanaelsalmeida
1308,15646676,"Meg Risdal","2026-04-22 17:43:25",652.2,2,mrisdal
1309,15662512,"Lucas López24","2026-05-05 20:56:53",652.0,2,lucaslpez24
1310,15839858,"Viraj Bhanage","2026-05-06 09:13:29",651.7,2,bhanageviraj
1311,15635853,"Vivek Gaur","2026-05-11 18:27:39",651.1,2,vivekgaur9972
1312,15662194,"Fredrik Dahlman","2026-04-25 21:16:43",650.7,2,fredrikdahlman
1313,15698867,vgvaibhav02,"2026-05-02 12:26:07",650.2,2,vgvaibhav02
1314,15853861,"Mahmoud Abdelshafy","2026-05-11 10:32:17",648.7,2,mahmoudabdshafy
1315,15743548,"Saurabh Kumar234","2026-04-29 08:21:42",648.6,2,saurabhkumar234
1316,15798802,"Adam Soltan","2026-05-03 23:50:12",646.5,2,ahsoltan
1317,15667796,poii231,"2026-05-07 07:40:03",646.0,2,"mmdarunkumar,poii231"
1318,15728298,Salt708,"2026-05-11 00:30:13",645.9,2,shionao7
1319,15662482,WordlessChain,"2026-05-10 21:15:42",645.8,2,billll
1320,15855467,"Hugo Lemieux-Fournier","2026-05-10 15:51:39",645.7,2,hugolemieuxfournier
1321,15723597,"Priyanshu Chawda","2026-05-11 14:55:40",645.7,2,"adityagayal,priyanshuchawda"
1322,15760174,zouchenfeng,"2026-04-30 06:46:55",645.4,2,zouchenfeng
1323,15739557,"Sunny Nguyen","2026-04-26 04:17:39",645.3,2,sunnynguyensanjoseca
1324,15730448,"aziz EL HIDDIOUI","2026-05-09 23:16:09",645.0,2,azizelhiddioui
1325,15750764,UncleWKTK,"2026-05-11 17:10:03",645.0,2,unclewktk
1326,15634980,"Jason Karpeles","2026-04-27 15:27:35",644.6,2,jasonkarpeles
1327,15670519,"Aurora Stella","2026-05-11 16:33:58",644.5,2,aurorastella
1328,15879990,"Neil Saludez","2026-05-10 01:07:23",644.5,2,neilsaludez
1329,15929345,cry,"2026-05-11 16:13:50",644.4,2,shangyuanfeimali
1330,15729976,闻人牧月,"2026-04-29 02:34:07",643.4,2,wenrenxiao
1331,15705668,"Charles Coonce","2026-05-03 04:06:39",643.3,2,charlescoonce
1332,15648564,macleonjinkan@hotmail.com,"2026-05-05 01:07:05",643.2,2,macleon
1333,15788719,Romero,"2026-05-02 15:07:45",641.9,2,dsromero
1334,15724011,laobaobi,"2026-04-25 11:32:58",641.8,1,laobaobi
1335,15853161,"Shafkat Hassan","2026-05-05 03:47:01",641.5,2,shafkathassan
1336,15634540,"Nabil Alagi","2026-04-21 23:41:56",641.2,2,nabilalagi
1337,15660398,"Tom Kasper","2026-04-27 18:52:54",640.7,2,tomkasper
1338,15747465,"WARREN ZHONG","2026-05-08 06:19:32",640.4,2,warrenzhong
1339,15738936,"Adolfo Mackay","2026-05-05 19:02:48",640.1,2,adolfomackay
1340,15665198,"Michael Mark Dela Concepcion","2026-05-07 06:50:56",639.6,2,mikedconcepcion
1341,15664467,FireWarrior,"2026-04-27 05:48:45",639.4,2,uppillisriram
1342,15736827,KreateKarna,"2026-05-02 10:05:48",639.4,2,"harshitaapandita,kreatekarna,shrutisharma2027"
1343,15842850,"João Marcos","2026-05-10 03:30:00",638.9,2,jimp7991
1344,15703125,明日方舟,"2026-05-07 13:38:31",638.8,2,hht6666
1345,15768212,"jaime herrera","2026-05-07 03:47:56",638.4,2,jh87cl
1346,15640659,"Rank 1","2026-05-10 09:19:00",637.8,2,sarpal465
1347,15695544,"Victor Retamal","2026-05-07 09:40:01",637.5,2,victorretaml
1348,15844949,"Clifford Cheefoon","2026-05-07 02:41:51",637.1,2,cliffordcheefoon
1349,15735337,"Takumi Mukaiyama","2026-05-05 03:12:11",636.7,2,takumimukaiyama
1350,15827924,"Roncy Reji Thomas","2026-05-04 13:04:43",636.1,2,roncyrejithomas
1351,15917933,"lanky kong","2026-05-10 12:44:58",635.9,2,lankykong2
1352,15637022,"SHU MIZUNO","2026-04-17 16:36:07",635.9,2,shumizuno
1353,15833954,"Venturillo JE","2026-05-06 02:44:56",635.6,2,seraphwedd18
1354,15788066,Relieq,"2026-05-09 04:36:18",635.4,2,relieq
1355,15663991,"Ragunath Ravi","2026-04-26 06:21:02",634.8,2,ragunathravi
1356,15817104,"Manny Peiso","2026-05-07 02:43:57",634.1,1,mannypeiso
1357,15662463,satpreetsingh,"2026-04-21 00:41:09",633.8,2,satpreetsingh
1358,15822647,ianchute,"2026-05-02 03:51:01",633.2,2,ianchute
1359,15658222,"Devesh Kaushal","2026-05-05 10:05:27",632.7,2,deveshkaushal
1360,15671115,"Jon Duea","2026-05-08 01:02:05",632.0,2,jonduea
1361,15666737,"Adarsh Goel","2026-04-24 00:15:44",631.5,2,adarshgoel2001
1362,15643226,higaki,"2026-05-08 21:37:47",631.1,2,higaki
1363,15775856,yurahuna,"2026-04-29 08:19:47",631.0,2,yurahuna
1364,15634393,LuoZiqian,"2026-04-18 08:20:50",630.5,2,luoziqian
1365,15645218,Ispagiytiy,"2026-04-18 18:51:48",630.4,1,ispagiytiy
1366,15762368,HR,"2026-05-11 05:20:29",630.3,2,hbragib
1367,15842468,TRaney,"2026-05-06 01:42:11",630.2,2,traney
1368,15904290,"Shuheng(Andy) Cao","2026-05-10 17:55:40",630.2,2,shuhengcao
1369,15664004,"Anjana mohan","2026-05-08 04:16:43",630.1,2,anjanamohan13
1370,15635561,"Dhruv Bansal","2026-05-11 18:08:14",630.1,2,dhruvb2028
1371,15731757,"Bobby Capsulini","2026-05-07 22:10:11",629.9,2,bobbycapsulini
1372,15667798,zerg,"2026-04-26 12:16:56",629.9,2,waechter
1373,15734683,AurumData,"2026-05-11 16:47:23",629.5,2,aurumdata
1374,15838548,Sha85889,"2026-05-04 16:26:56",629.5,2,sha85889
1375,15847123,"zebra G","2026-05-04 15:49:44",628.9,2,zebrag
1376,15813059,Naotooo,"2026-05-11 18:50:22",628.6,2,naotooo
1377,15650750,"Matrix My","2026-04-29 18:18:42",628.6,2,matrixmy
1378,15671414,"Aniket Dixit","2026-04-23 10:36:22",628.2,2,aniketdixit122122
1379,15648567,"Sanidhya Vijay24","2026-04-19 20:09:41",628.2,2,sanidhyavijay24
1380,15658547,"Von Boyage","2026-04-24 17:50:24",627.9,2,"kumarmont,wonderfulatom"
1381,15656194,Charlesm85,"2026-05-03 04:03:11",626.9,2,charlesm85
1382,15694526,chatrank,"2026-04-22 12:05:44",626.5,1,chatrank
1383,15747937,seopg489,"2026-05-07 04:15:03",626.3,1,seopg489
1384,15719716,TonyK,"2026-05-09 20:42:49",626.3,2,tonyk98
1385,15707790,"ankur verma","2026-05-01 12:21:38",626.1,2,ankur80071
1386,15878077,"ashar tanveer","2026-05-06 22:54:59",625.7,2,ashartanveer
1387,15681445,"Eyas Taifour","2026-04-26 03:14:47",625.3,2,etaifour
1388,15644189,"Voikin Ruslan","2026-04-19 20:43:36",625.1,2,ruslan3737
1389,15918262,all-coder,"2026-05-11 06:03:03",625.1,2,allcoder
1390,15673046,YnsGlç,"2026-04-26 18:50:38",625.0,2,yunusgle
1391,15637302,"Reinforced Curiosity","2026-04-17 15:44:21",624.9,2,tomerzemelman
1392,15664647,kazuki853,"2026-05-11 09:24:12",624.8,2,kazuki853
1393,15864765,"Hrushikesh Pawar","2026-05-11 17:28:25",624.4,2,hrushikeshpawar
1394,15671227,"Ryan Adams","2026-05-04 19:07:08",624.3,2,ryanadamsai
1395,15738567,nbunanana,"2026-04-25 14:36:41",624.2,2,nbunanana
1396,15701482,:),"2026-05-01 03:31:35",624.1,2,vaishakhvipin
1397,15802609,oliver,"2026-05-11 19:33:31",623.7,2,oliverlang
1398,15636922,Jaiaaryan,"2026-05-06 06:58:11",623.1,2,jaiaaryan
1399,15633862,Schplahtzler,"2026-04-20 14:41:11",622.5,2,lukelarue
1400,15638305,kusui26,"2026-05-08 14:07:49",621.7,2,kusui26
1401,15864240,"Kevin L.","2026-05-11 06:47:56",621.7,2,zorgis
1402,15842419,"Tim Krige","2026-05-11 12:45:22",621.2,2,timkrige
1403,15648374,"Sayed Muhsin","2026-04-19 01:53:13",621.2,2,sayedmuhsin
1404,15733098,Zhenlan,"2026-05-10 22:57:37",620.9,2,zhenlanwang
1405,15826779,NumenDev,"2026-05-11 12:16:39",620.9,2,numendev
1406,15701484,BoxyML,"2026-05-11 15:51:51",620.1,2,boxyml
1407,15639949,"sixer srinath","2026-04-20 15:00:48",619.7,2,srinath2495
1408,15872230,"Youssef Elliethy","2026-05-09 05:59:15",619.1,2,youssefelliethy
1409,15901736,"Saksham Sirohi","2026-05-11 15:44:03",619.0,2,sakshamsirohi
1410,15641201,"Py Begi","2026-05-11 11:51:41",618.9,2,konodera
1411,15742824,dingjingyu,"2026-05-10 16:37:43",618.8,2,dingjingyu001
1412,15640704,"Matias TorresR","2026-04-19 21:55:06",618.5,2,matiastorresr
1413,15910723,T0YT0Y,"2026-05-10 15:24:12",618.2,2,t0yt0y
1414,15661326,mohamedgamal,"2026-04-24 20:56:18",617.8,2,mohamedgamal295
1415,15663639,"인공저능연구소( Artificial Idiocy Lab )","2026-05-11 06:43:32",616.1,2,megayak
1416,15800850,Yuyajk,"2026-05-05 05:04:10",616.0,2,yuyajk
1417,15693269,niujha,"2026-04-23 06:42:20",615.6,2,niujha
1418,15829953,"André Guerra","2026-05-08 23:03:38",615.4,2,andrguerra
1419,15833468,"Dhanush Ballanki","2026-05-11 03:13:53",615.3,2,dhanushballanki
1420,15639863,"Arne De Brabandere","2026-04-20 15:13:40",614.9,2,arnedb
1421,15803059,Master_S1ave,"2026-05-03 17:59:55",614.7,2,masters1ave
1422,15656956,"Mari Kitatani","2026-04-21 09:45:43",614.7,2,marikitatani
1423,15662098,GBoekestijn,"2026-04-21 03:56:25",614.6,2,gboekestijn
1424,15662603,okamoto_naoya,"2026-04-28 00:01:11",614.4,2,okamotonaoya
1425,15868086,"Aarav Kamboj","2026-05-08 14:06:46",613.8,2,akamboj198
1426,15836565,"LIght JUNction","2026-05-10 06:57:31",613.4,2,lightjunction
1427,15665539,Aurex,"2026-05-01 07:18:35",613.4,2,"dhruvitsinhjadeja,jashxd,vihaanpandya10"
1428,15780196,yotsutose,"2026-04-29 14:53:27",613.2,2,yotsutose
1429,15664651,"Shiva Balaji Kontham","2026-05-11 10:32:15",613.1,2,shivabalajikontham
1430,15647546,CaioWingeter,"2026-04-19 12:29:29",613.1,2,caiowingeter
1431,15641202,"Subarna Saikia","2026-04-28 11:31:17",612.8,2,subarnasaikia
1432,15664972,"Pratham Parekh","2026-05-11 10:38:45",611.3,2,prathamparekh
1433,15746788,"Michael Lu","2026-04-27 03:34:07",610.6,1,michaeldavidlu
1434,15662153,synapse8891,"2026-04-23 07:26:56",610.5,2,synapse8891
1435,15645372,Star_xinglan,"2026-04-18 12:26:03",610.1,1,starxinglan
1436,15853898,LagrangianLocomotive,"2026-05-11 13:58:56",609.6,2,lagrangianlocomotive
1437,15648636,"Likitha Reddy Abbareddy","2026-04-25 01:38:09",609.5,2,likithaabbareddy
1438,15639391,peterS,"2026-04-18 11:28:06",609.4,2,sldaws
1439,15747318,"Anil Prajapati","2026-04-27 03:52:01",608.8,1,anilprajapati99876
1440,15874640,lcj,"2026-05-10 02:59:41",608.4,2,lichangjian
1441,15775351,"Sama Narjis","2026-04-29 05:56:55",608.3,2,samanarjis
1442,15890988,"Anish Kolekar","2026-05-11 01:26:57",608.1,2,anishkolekar
1443,15820813,"Alexandre Toscano","2026-05-01 22:58:49",608.1,1,alextoscano
1444,15642684,那个男人,"2026-05-08 03:37:22",607.3,2,muran169633
1445,15824899,"Prakhar Shukla 20","2026-05-02 07:19:08",607.0,2,prakharshukla20
1446,15733375,senileFelines,"2026-04-26 08:03:07",606.8,2,digantabhattacharya
1447,15650695,GraphiteEdge,"2026-04-22 12:54:21",606.4,2,lokigosoftware
1448,15743562,"Ramba oorvasi","2026-04-27 16:33:15",606.2,2,"anunay6827,tanetisanjay"
1449,15639848,TwangyGarlic449,"2026-05-05 14:21:18",605.5,2,twangygarlic449
1450,15741371,mdirf4nuddin,"2026-04-28 09:09:09",605.4,2,mdirf4nuddin
1451,15638745,A.Rahul,"2026-05-03 20:41:31",605.3,2,rahul1934
1452,15779077,kusomiwtw,"2026-05-04 16:35:26",604.9,2,kusomiwtw
1453,15866527,Vaibhav762442,"2026-05-06 03:21:48",604.5,2,vaibhav762442
1454,15859961,"Filip Strzałka","2026-05-07 07:31:20",604.4,2,snufkin77
1455,15636481,"Fedor Baart","2026-05-10 17:53:12",604.4,2,fedorbaart
1456,15661974,"Pujan Bohora","2026-05-08 21:50:55",604.2,2,pujanbohora
1457,15649579,"Harshavardhana Naganagoudar","2026-05-02 04:40:09",604.2,2,nharshavardhana
1458,15843810,Devaprasanth0,"2026-05-09 04:59:51",604.0,2,devaprasanth0
1459,15656300,BrotherTony,"2026-04-22 15:10:45",603.9,2,jklol86
1460,15669925,"Bouzitona Mohamed Said","2026-05-01 22:38:39",603.8,2,mohamedhama27
1461,15927062,qaphintell,"2026-05-11 19:21:56",603.7,2,qaphintell
1462,15706284,kinzess,"2026-05-11 06:49:47",603.7,2,kinzess
1463,15825887,"Hakim Nshimiyimana","2026-05-06 19:41:24",603.6,2,algosai
1464,15921351,jackykchan,"2026-05-10 20:54:49",603.2,2,jackykchan
1465,15768581,"Kuoyen Lo","2026-04-28 17:54:17",603.0,2,kuoyenlo
1466,15720799,"Harshit Sharma","2026-05-04 17:19:20",602.9,2,harshitssj4
1467,15748912,Haakon,"2026-05-02 21:33:28",602.7,2,haakonandresen
1468,15740755,"Omid Mahdavi","2026-04-28 00:23:35",602.7,2,omidmahdavi
1469,15764528,Forrest_xlz,"2026-05-03 22:25:38",602.6,2,forrestxlz
1470,15762721,RED_ROXY,"2026-04-29 12:01:08",602.5,2,redroxy
1471,15801339,FSzekut,"2026-05-08 00:33:55",602.4,2,fszekut
1472,15660055,VijaiKurianMathew,"2026-05-11 14:09:14",602.4,2,vijaikm
1473,15867797,WilliamRParker,"2026-05-06 03:21:02",602.4,2,williamrparker
1474,15634918,"Srikanth Machiraju","2026-05-08 06:28:53",602.2,2,srikanthmachiraju
1475,15672572,"cora zeng","2026-05-07 14:59:30",602.2,2,corazeng
1476,15636560,Boruiyang21,"2026-04-17 14:48:03",602.1,2,boruiyang21
1477,15741973,"Zhu Liang","2026-05-03 16:32:59",602.0,2,paradite
1478,15683690,Benight,"2026-04-24 12:02:36",601.9,2,benight
1479,15768810,"Obada Mohamed","2026-04-30 19:48:13",601.9,2,obadamohamed
1480,15832521,"Haro A","2026-05-03 18:36:29",601.8,2,haroab1
1481,15841659,atsu0905,"2026-05-04 07:26:56",601.2,2,atsu0905
1482,15663080,"JoePro AI","2026-05-02 05:36:06",601.1,2,joeproai
1483,15829474,"ADITYA RAVI","2026-05-03 04:04:42",600.5,2,adityaravi2
1484,15699774,"KUSHAGRA GOYAL","2026-05-11 14:51:36",600.4,2,"kush8057,nityaj807"
1485,15675926,"Marc Donovici","2026-05-07 13:36:34",600.4,2,marcdonovici
1486,15652071,Game8024,"2026-04-21 06:48:00",600.2,2,siddharthshankara
1487,15891112,"Planet Express","2026-05-11 19:58:24",600.0,2,evanharbaugh
1488,15925990,Tantrum,"2026-05-11 19:59:18",600.0,2,tantrum
1489,15745155,"Aryash Jain","2026-05-11 20:02:02",600.0,1,"aryashjain1401,dhruvchoudhary2329"
1490,15661943,Turlei,"2026-04-21 00:19:47",599.5,2,turlei
1491,15863760,fujii,"2026-05-11 13:56:07",599.2,2,kojisoemi
1492,15862357,Nova,"2026-05-07 05:10:16",598.9,2,hmpunith
1493,15861995,kgareth,"2026-05-11 13:03:48",598.5,2,kgareth
1494,15657951,juliencst,"2026-05-07 14:11:02",598.2,2,juliencst
1495,15776865,ubunbun18,"2026-05-02 11:35:40",598.1,2,ubunbun18
1496,15785127,"Ischell Catherine Gill","2026-05-07 15:01:42",597.4,2,ischellcatherinegill
1497,15916595,"Erhan Eker","2026-05-11 07:48:32",597.2,2,erhaneker
1498,15852529,"Aneesh Lade","2026-05-06 11:52:47",597.0,1,aneesh2605
1499,15851782,DumbAgent007,"2026-05-06 14:36:09",596.9,2,rumitpathare
1500,15649233,"Adam Uller","2026-04-23 04:04:10",596.7,2,adamuller
1501,15930755,Richard31415,"2026-05-11 19:39:03",596.7,2,richard31415
1502,15681989,"Takahiro Someya","2026-05-09 10:03:34",596.6,2,takahirosomeya
1503,15928292,Multiplexer1,"2026-05-11 13:50:17",596.5,2,"multiplexer1,strider2max"
1504,15898161,mins0_0,"2026-05-10 14:20:04",596.4,2,mins00
1505,15662606,"Kunal Sharma","2026-05-11 10:18:56",596.0,2,kunalsharma0x
1506,15670828,"Anish pathak22","2026-04-21 17:12:20",595.8,2,anishpathak22
1507,15734328,"Rakib Ansary Saikot","2026-04-26 02:08:13",595.4,2,ansaryfantastic
1508,15852690,Kurec0,"2026-05-06 13:17:18",594.9,2,"filipcermk,kurec0"
1509,15677974,I.GNANESWARA,"2026-05-03 17:28:17",594.8,2,ignaneswara
1510,15704443,K.Nagase,"2026-05-10 05:37:57",594.7,2,kntkjtr
1511,15636566,KirillKlem,"2026-04-17 12:48:26",594.3,2,kirillklem
1512,15831376,TheBitterLesson,"2026-05-03 07:09:29",594.1,2,djward888
1513,15634386,"Cappuccini Paolo","2026-04-24 03:48:03",593.9,2,cappuccinipaolo
1514,15635175,Yuulis,"2026-04-24 06:59:25",593.8,2,yuulis
1515,15764211,"Semyon Komarov","2026-04-28 11:01:04",593.8,1,qroshi
1516,15633604,xmaster6y,"2026-04-17 17:11:04",593.4,2,xmaster6y
1517,15768567,"Karandeep Singh","2026-05-03 13:46:35",593.3,2,kdcyberdude
1518,15853372,"Mauricio Monroy","2026-05-05 01:59:40",593.0,2,morris28
1519,15662809,rm_ast_440,"2026-04-21 00:09:54",592.9,2,rmast440
1520,15635190,BaiYuBY,"2026-04-30 13:00:23",592.8,2,baiyuby
1521,15899804,Ernie,"2026-05-09 09:25:59",592.8,2,ernie55ernie
1522,15916116,"DONG RUNZE","2026-05-11 11:52:59",592.7,2,dongrunze
1523,15811212,musculer,"2026-05-04 13:08:16",592.0,2,musculer
1524,15658901,vadek,"2026-04-25 01:44:55",591.9,2,panteleevvadim
1525,15642667,Techjaysjeeva,"2026-04-18 05:52:09",591.7,2,techjaysjeeva
1526,15839611,"Rupesh kumar","2026-05-03 15:42:52",591.4,2,okrupesh
1527,15827917,cactey,"2026-05-03 23:03:09",590.9,2,cactey
1528,15802027,"B. Zhang","2026-05-05 16:02:05",590.6,2,muonchaser
1529,15693372,Tejas,"2026-04-28 20:12:25",590.5,2,tejuuss
1530,15719132,"Jeffrey Schott","2026-05-11 18:48:14",589.6,2,jeffreyschott
1531,15662226,"Khaled Wael Ezzat ","2026-04-23 01:24:56",589.2,2,khaledwaelezzat
1532,15738938,"Miguel Medina Cantos","2026-05-04 13:40:57",588.8,2,miguelmedinacantosm
1533,15663099,droffats,"2026-05-09 15:36:19",588.6,2,droffats
1534,15851991,"Gerardo Maldonado","2026-05-08 05:08:51",588.1,1,gerardomaldonado
1535,15673348,"Martin Oravec","2026-04-25 17:42:42",587.8,2,martinoravec
1536,15888446,"Pranjal Arya","2026-05-08 06:00:53",587.6,1,pranjalaryaa
1537,15643203,"Berat Erol ÇELİK","2026-04-28 12:55:27",587.5,2,beraterolelk
1538,15640613,junesdata,"2026-05-01 06:50:47",587.5,2,junesdata
1539,15833000,ulasdesouza,"2026-05-05 06:12:19",586.1,2,ulasdesouza
1540,15921963,Brittany-Bnbu,"2026-05-11 13:40:41",585.9,2,"brittanybnbu,jinyishan,pepperfan"
1541,15899261,GMSAND,"2026-05-09 07:39:58",585.8,2,gmsand
1542,15704512,"Jerome Vincent Tagaro","2026-05-04 05:15:47",585.3,2,jeromevincenttagaro
1543,15661506,"ACE SPIRIT","2026-05-05 10:59:02",585.1,2,fardeen2036
1544,15646411,Hunter,"2026-05-08 05:00:59",585.1,2,satishhanchinal
1545,15762219,clems4ever,"2026-04-30 14:41:18",584.7,2,clems4ever
1546,15663403,500011-บุณยาพร,"2026-04-22 06:56:54",584.4,2,bunyaphonai
1547,15815902,最好我儿高中,"2026-05-02 13:20:13",584.4,1,bestgoodluck
1548,15701399,"Vishesh Patadiya","2026-05-02 07:47:11",584.3,2,visheshpatadiya
1549,15638277,508shuto,"2026-04-22 15:51:24",584.3,2,goyashuto
1550,15720605,"Pranav Unni","2026-04-30 04:09:20",584.0,2,pranavunni
1551,15702324,ZMC,"2026-05-02 17:51:22",583.9,2,zmcxjt
1552,15670787,"JAY DHOBALE","2026-05-03 20:30:59",583.2,2,jaydhobale2004
1553,15647788,"Nikita Greben","2026-04-19 00:30:03",583.1,2,justnik77
1554,15902295,rasaprj,"2026-05-09 00:47:53",583.0,2,rasaprj
1555,15660194,"Steve Messick","2026-04-28 21:54:55",582.5,2,stevemessick
1556,15906121,"tezuka takuya","2026-05-10 04:48:53",581.7,2,kagamihara
1557,15663561,stoicseneca,"2026-04-29 20:50:17",581.6,1,emanuelemacchi
1558,15665890,"Keshav Joshi","2026-04-22 16:43:16",580.9,2,keshavjoshi22
1559,15661238,demapples,"2026-05-06 16:34:16",580.8,2,demapples
1560,15777731,117Bananas,"2026-04-29 18:29:57",580.8,2,"lucasmartingarcia,roblesmrcs"
1561,15661248,"Aneesh Mourya","2026-05-08 06:56:03",580.4,2,aneeshmourya
1562,15661477,"Marek Nurzynski","2026-05-02 15:53:33",580.1,2,marek3000
1563,15679773,"Yogesh Kumar Agrawal","2026-04-24 14:27:14",580.1,2,yogeshkumaragrawal
1564,15661768,GMoney,"2026-04-20 20:13:54",579.8,1,gavinvela
1565,15795164,"Deepak Saldanha","2026-05-11 09:17:12",579.7,2,deepaksaldanha
1566,15796405,DKerryyyy,"2026-05-09 14:02:27",579.6,2,dkerryyyy
1567,15746758,Hrirake,"2026-05-01 17:22:26",579.3,2,hrirake
1568,15670512,"Rick Willemsen","2026-04-23 03:18:58",579.0,2,doraaa
1569,15661470,NaviCE,"2026-05-11 14:24:52",578.9,2,navice
1570,15743498,"Andrade Claudio","2026-05-10 23:19:31",578.8,2,andradeclaudio
1571,15701578,"Karol Trawiński","2026-05-11 17:50:20",578.4,2,karoltrawiski
1572,15671715,"Event Horizon","2026-04-23 21:04:28",577.8,2,hogwarts1812
1573,15815745,yi-yang,"2026-05-02 14:19:47",577.7,2,yihsiuyang
1574,15662972,yuanzhiyi,"2026-05-08 13:58:13",577.6,2,yzy114514
1575,15922758,zakopuro,"2026-05-11 05:04:02",577.6,2,zakopur0
1576,15645622,"Ishigaki Yuya","2026-04-19 04:49:56",577.3,2,ishigakiyuya
1577,15873118,"Islam Kadous","2026-05-11 08:48:23",577.0,2,islamkadous
1578,15672893,"Liam Cody","2026-05-10 17:54:51",576.6,1,liamcody
1579,15783002,"Hira Norm","2026-05-02 11:10:30",576.5,2,hiranorm
1580,15782993,"Duy Khang","2026-05-04 17:55:39",576.3,2,adselvn
1581,15829175,"Juan Andrés Young Hoyos","2026-05-05 11:55:02",576.2,2,jayoungh
1582,15718761,"Koen Nuis","2026-05-11 19:17:02",575.9,2,koenepoch
1583,15736520,itsakphyo,"2026-05-04 05:21:37",575.6,2,itsakphyo
1584,15761838,"Darian Comsa","2026-05-05 08:29:13",575.4,2,dcomsa
1585,15884252,"Chayon Kumar Das","2026-05-07 13:35:46",575.4,2,chayondas
1586,15662339,"Chris Laska","2026-04-26 06:49:43",575.1,2,chrislaska
1587,15643955,Arli,"2026-04-24 02:59:26",575.0,2,kslandoy
1588,15708039,"3648 8463","2026-05-05 03:26:11",574.9,1,k0y0actuary
1589,15801378,"Nguyệt Minh Nguyễn","2026-05-05 15:13:19",574.8,2,nguytminhnguyn
1590,15874216,Moiz,"2026-05-07 15:18:29",574.3,2,moiz092
1591,15828665,kavipavi19,"2026-05-04 00:37:37",574.2,2,kavipavi19
1592,15719339,"Lana Biscornet","2026-04-29 12:41:28",574.1,2,svetlanabiscornet
1593,15665071,"Vatsa Joshi","2026-04-23 08:52:45",573.7,2,vatsajoshi
1594,15696936,"Salih SARIBEYOĞLU","2026-05-09 09:17:04",573.5,2,salihsaribeyoglu
1595,15679747,bhushi,"2026-04-29 00:26:39",573.4,2,toyeshchakravorty
1596,15634867,"Temidara Sodeinde","2026-05-10 11:55:28",573.4,2,temidarasodeinde
1597,15842477,inZOR-ND,"2026-05-07 05:32:43",573.2,2,dumitrunovic
1598,15898531,woobinback,"2026-05-11 14:40:35",573.1,2,woobinback
1599,15741311,"Dimas Pasha Akrilian","2026-04-26 04:39:31",573.1,2,dimaspashaakrilian
1600,15664124,ShaktiDalabehera,"2026-04-26 07:37:16",573.1,2,shaktisd
1601,15638722,"Yash Marathe","2026-04-28 04:26:21",572.8,2,maratheyash
1602,15854575,Sh33lShah,"2026-05-05 01:09:49",572.6,2,sh33lshah
1603,15817318,"Alvin Binse - Botswana21","2026-05-03 10:18:08",572.4,2,alvinbinse
1604,15827831,"yann sadowski","2026-05-04 19:53:26",572.1,2,yannsadowski
1605,15735640,mysteriyo,"2026-05-09 07:42:05",571.7,2,sahlibntanvin
1606,15808814,"Code Rate","2026-05-09 17:03:32",571.7,2,coderate
1607,15839942,"Tamerlan Omralinov","2026-05-06 05:22:04",571.7,2,tamerlanomralinov
1608,15719761,"Valentin Best","2026-04-23 14:29:59",571.6,1,valentinbest
1609,15773081,JonasTLT,"2026-05-02 21:30:31",571.3,2,jonastlt
1610,15686867,niko251,"2026-04-23 05:24:46",570.8,2,niko251
1611,15875722,wojak_321,"2026-05-11 17:26:25",570.4,2,wojak321
1612,15671647,xml,"2026-05-11 17:46:23",570.4,2,lxm256
1613,15636965,"pencil red","2026-04-20 20:40:14",570.1,2,pencilred
1614,15670381,"Umair Zia","2026-05-09 07:59:21",570.0,2,stealthtechnologies
1615,15639931,gurukun41,"2026-05-06 16:39:12",569.1,2,gurukun41
1616,15761872,spekinos,"2026-04-28 09:09:25",568.7,1,spekinos
1617,15662910,"Edris Yawar","2026-04-22 23:37:19",568.4,2,edrisyawar
1618,15644836,WinSentTY,"2026-05-02 18:16:54",568.0,2,winsentty
1619,15638749,baellouf,"2026-05-02 15:08:12",567.9,2,baellouf
1620,15731818,"Ayush ahirwar","2026-04-28 06:28:02",567.8,2,ayushahirwar
1621,15652233,"i want 5000choen","2026-04-23 02:37:25",567.6,2,kentay
1622,15831767,"Harshal Dube","2026-05-03 04:38:41",567.6,2,harshaldube
1623,15748589,Prox,"2026-04-28 06:46:32",567.4,2,proxjod
1624,15738153,m1ndthegap,"2026-05-06 05:03:34",567.4,2,m1ndthegap
1625,15762315,sumochi,"2026-04-28 17:33:47",567.3,1,sumochi
1626,15747427,MECHINE,"2026-05-09 10:58:45",567.2,2,nainglinwai
1627,15825866,"Hussnain Abid","2026-05-11 08:16:41",566.9,2,hassistn
1628,15750062,"Noor Zalouk","2026-04-27 23:41:06",566.9,2,noorzalouk
1629,15736289,hehe,"2026-04-25 09:29:09",566.3,2,aaravsharma14
1630,15831064,"Ilyass Emssaad","2026-05-03 22:41:23",565.5,2,ilyassemssaad
1631,15663449,Da-P,"2026-05-07 09:31:02",565.1,2,mazusakit
1632,15664189,"James Kopeck","2026-04-23 18:59:34",564.9,2,kopeck
1633,15689807,"Idriss Makhanuh","2026-04-25 15:05:45",564.9,2,idrissmakhanuh
1634,15651411,GreMarcel,"2026-04-19 16:21:59",564.7,2,gremarcel
1635,15885417,"La Ode Aman","2026-05-09 09:19:28",564.3,2,laodeaman2024
1636,15661826,"Jacopo Clementucci","2026-04-27 13:49:09",564.0,2,jacopoclementucci
1637,15662791,"Rasha Salim","2026-04-28 07:33:29",563.6,2,rashasalim
1638,15809494,"Naman Singh","2026-05-02 08:26:00",563.5,2,namansingh15
1639,15662017,xMKx,"2026-05-11 05:37:40",562.6,2,martinkam
1640,15738072,"Alejandro Ayestaran","2026-04-30 19:27:04",562.4,2,alejandroayestaran
1641,15663145,"Planet Busters","2026-05-08 18:33:30",562.1,2,"adsar0,thanhphongle2025,xmokhtar"
1642,15816109,gppviicat,"2026-05-03 11:17:13",561.9,2,gppviicat
1643,15846246,"Nicolas Siahaan","2026-05-10 14:10:18",561.0,1,nicolassiahaan
1644,15829974,"MR. X","2026-05-06 08:58:48",560.7,2,abhijithramesh404
1645,15705582,koheitada,"2026-04-27 02:10:10",560.4,2,koheitada
1646,15667326,OzanM.,"2026-05-04 15:06:46",559.8,2,analyticaobscura
1647,15852112,6i9dvn7,"2026-05-07 03:23:56",559.7,2,bigdan7
1648,15873610,"Güneş Özmen","2026-05-08 10:40:44",559.7,2,gnezmen
1649,15661805,cjc0013,"2026-04-24 10:17:30",559.7,2,cjc0013
1650,15637295,"Always Hard","2026-04-21 17:13:38",559.4,1,"harrishayy21,thomasmoody1"
1651,15739762,"Ahmad Maulana Ibrahim","2026-05-04 16:27:48",559.3,2,ahmadmaulanaibrahim
1652,15817679,"Suman Sharma","2026-05-01 16:28:35",559.3,2,suman2208
1653,15911781,otter_0714,"2026-05-11 01:30:32",558.6,2,otter0714
1654,15803266,Dekazu,"2026-05-02 12:00:10",558.6,2,dekazu
1655,15721280,AlphaBound,"2026-05-10 09:03:25",558.5,2,somsubhrometya
1656,15701975,"Muhammad Junaid","2026-05-01 07:16:48",558.4,2,junaid512
1657,15633999,Jimmer,"2026-04-23 01:36:32",558.3,2,przemysawonr
1658,15670895,"Rishabh Sharma","2026-04-27 05:46:47",558.2,2,rishgeeky
1659,15860778,Xun.331,"2026-05-06 05:37:16",556.7,2,xun331
1660,15633590,Angantyr,"2026-04-20 17:17:26",556.5,2,angantyr
1661,15732928,"Maxwell Agyapong","2026-05-11 02:39:11",556.3,2,maxwellagyapong
1662,15700260,"Tarun Kumar","2026-04-28 20:43:23",556.1,2,tarunnkk
1663,15654285,"Collin hoag","2026-04-24 19:48:05",555.9,2,collinhoag
1664,15925218,Hawkeye,"2026-05-11 11:55:52",555.6,1,pragneshbagary
1665,15670796,"Annie Tran","2026-05-01 23:02:03",555.1,2,nntrnn
1666,15655348,"San-Ti battalion","2026-04-27 00:15:29",554.6,2,"a1leyway,bfdf121"
1667,15668344,"Louis Godtfredsen","2026-04-21 18:09:13",554.4,2,louisgodtfredsen
1668,15636927,"Melkozerov Leonid","2026-04-19 17:27:15",554.2,1,danmer414
1669,15696296,"PRIYANSHU PRAJAPATI","2026-05-11 18:48:45",553.8,1,pentesterpriyanshu
1670,15652282,majortom,"2026-04-26 16:27:59",553.8,2,jerryishihara
1671,15786010,Seyominaoto,"2026-05-01 06:29:50",553.7,2,seyominaoto
1672,15662596,"Rahul jaikar","2026-04-21 09:32:10",553.4,2,rahuljaikar
1673,15650428,luckyappley,"2026-05-09 12:50:25",553.3,2,luckyappley
1674,15652210,"Yudji Chainho","2026-04-26 00:12:11",553.1,2,yudjichainho
1675,15635216,"Andrei Chenskii","2026-04-25 08:20:55",553.1,2,andreichenskii
1676,15651703,"James McGuigan","2026-05-06 15:02:11",553.1,2,jamesmcguigan
1677,15926593,KoshinM,"2026-05-11 15:44:37",553.0,1,koshinm
1678,15648939,CJ103CJ,"2026-04-19 11:43:25",552.5,1,cj103cj
1679,15832290,"Ahmed Sedek","2026-05-03 11:59:25",552.3,2,ahmedssedek
1680,15718930,"Md Abdullah Al Mashud","2026-05-01 11:27:20",552.2,2,mdabdullahalmashud
1681,15689303,"junseok lee","2026-04-27 23:39:38",552.2,2,jaslee2
1682,15762893,"Xin Liu","2026-05-03 17:16:44",552.0,2,xinliu
1683,15893692,"Yue Sun","2026-05-11 09:31:21",552.0,2,yus002
1684,15775365,NAGAI.S,"2026-04-29 13:11:35",551.9,1,nagaishota
1685,15636293,huyang111,"2026-05-07 12:43:19",551.8,2,huyang111
1686,15736706,"Akshi Sharma","2026-04-28 17:13:21",551.6,2,akshisharma1
1687,15654440,YassY_The_AlchemYst,"2026-04-20 21:59:37",551.5,2,yassineelhallaoui
1688,15650955,"yash bhaskar","2026-04-19 11:18:55",551.2,2,yash9439
1689,15637237,"Yicheng Sun","2026-04-19 08:12:50",551.1,2,maxwellorange
1690,15636108,"Jared Chang","2026-04-20 07:18:38",550.8,2,jaredchang
1691,15665840,"Mahindra University","2026-05-08 02:24:34",550.3,2,"suryatejaponnada,vinayjain07"
1692,15696357,"Egor Andreasyan","2026-05-06 06:34:51",550.3,2,egorandreasyan
1693,15672981,"Viswajith E S","2026-04-28 10:00:12",549.4,2,esviswajith
1694,15915985,"WANG DONGYANG","2026-05-11 04:16:43",549.2,1,wangdongyang
1695,15832536,"yechan yun","2026-05-09 13:09:23",548.9,2,mryun123
1696,15720430,"Sai Vinay Thattukolla","2026-04-28 16:28:37",548.5,2,saivinaythattukolla
1697,15664436,"Atharv Nitten Jaju","2026-04-21 11:30:25",548.1,2,atharvnittenjaju
1698,15661022,"Khalena Nasser Silva","2026-04-28 20:02:32",547.1,2,khalenanassersilva
1699,15759013,"Carlos Polanco","2026-05-08 16:32:23",546.9,2,carlospolanco00
1700,15655550,shwesh,"2026-04-20 04:00:14",546.6,2,shwesh
1701,15659239,goosehaaan,"2026-05-11 09:21:29",546.4,2,goosehaaan
1702,15888821,"Shunjun Gu","2026-05-11 04:27:40",546.2,2,shunjungu
1703,15734681,"Allan Cristiano","2026-04-26 04:39:54",546.1,2,allancristiano
1704,15814484,PalakAdsul,"2026-05-03 14:07:45",545.4,2,palakadsul
1705,15880538,"Patrick Lzz","2026-05-07 03:07:50",545.2,2,patricklzz
1706,15742407,Ornate_show,"2026-04-27 11:32:17",545.2,2,ornateshow
1707,15703662,"Dimitrios Giannoulis","2026-04-25 05:33:27",545.0,2,plagiagia
1708,15775033,KnowMoreLearnMore,"2026-04-29 05:19:09",545.0,2,kshekhaw
1709,15706630,HineMusk,"2026-04-23 07:29:47",544.7,1,hinemusk
1710,15915353,AshwinPrakashML,"2026-05-11 13:31:21",544.7,2,ashwinprakashml
1711,15666884,arai9953,"2026-04-25 03:59:51",544.6,1,arai9953
1712,15656660,"Ilja Grigorjev","2026-04-22 07:40:59",544.4,2,iljagrigorjev
1713,15839958,Vivek_AFK,"2026-05-07 06:27:20",544.0,2,vivekafk
1714,15695859,"Yusuf Yemez","2026-04-28 16:32:09",544.0,2,yusufyemez
1715,15698449,nyankooo,"2026-05-11 04:34:54",543.7,2,"nitakaleoleol,nyankooo"
1716,15674294,Manan,"2026-04-23 19:14:14",543.7,2,brubee
1717,15637123,donaldxu,"2026-05-08 14:17:45",543.5,2,abc1705
1718,15671809,StatBug,"2026-05-09 12:04:06",543.2,2,naushard
1719,15872670,retard,"2026-05-09 21:08:13",542.9,2,kart1kxd
1720,15661803,"ING BEYS","2026-04-29 15:15:33",542.5,2,ingbeys
1721,15634264,G4I4,"2026-04-18 06:15:59",542.3,2,trejosalgadodiego
1722,15858091,"sampath bharath","2026-05-11 15:03:06",542.1,2,sampathbharath
1723,15639061,JasonJu137036,"2026-04-29 03:38:45",541.6,2,jasonju137036
1724,15874098,BhargavaAbhi,"2026-05-11 16:37:56",541.2,2,bhargavaabhi
1725,15655044,"Yuehai Li","2026-04-23 14:44:15",541.1,2,yuehaili
1726,15699214,"Sai Rakshit0107","2026-04-23 18:08:53",541.1,2,sairakshit0107
1727,15736556,"Astitwa Agarwal","2026-04-25 11:28:04",541.1,2,astitwaagarwal
1728,15634865,rakumo,"2026-05-05 23:43:11",541.1,2,sirakumo
1729,15642852,SkylarkPhantom,"2026-05-01 04:21:46",540.5,2,skylarkphantom
1730,15733500,DecoFurkan2,"2026-04-24 18:43:15",540.4,2,decofurkan2
1731,15671037,ianwulalala,"2026-05-06 12:13:33",540.2,2,ianwulalala
1732,15697458,fdtfhlkm,"2026-04-28 11:55:52",539.6,2,fdtfhlkm
1733,15661586,"Dharun Prasanth S","2026-04-20 21:57:33",539.6,2,diversedharun
1734,15664534,"Ishaan Som Singh","2026-04-23 08:54:13",539.4,2,ishaansomsingh
1735,15918867,"Senih Bayankulu","2026-05-10 14:45:32",538.6,2,senihbayankulu
1736,15650661,"Mahmoud AbdelWahed","2026-04-19 11:35:17",538.4,1,mahmoudabdelwahed
1737,15839713,"Luvidi Alghari","2026-05-06 03:47:37",538.4,2,luvidialghari
1738,15923927,"Umesh Kataria","2026-05-11 17:02:26",538.2,2,umeshxkataria
1739,15665504,"Shreyansh Yadav","2026-05-04 11:08:59",538.1,2,doom1johnwick
1740,15663535,lazyplusplus,"2026-04-27 01:18:24",537.9,2,lazyplusplus
1741,15879955,"[Deleted] 25ee5f48-d2d8-4541-bfaa-51b4e997830d","2026-05-07 08:48:34",537.8,2,del=4dd6df59bcc7b88c
1742,15692385,"Itamar Dvir","2026-04-23 10:36:53",537.5,1,parzukrofila
1743,15657273,Ahmed_Sherif382,"2026-04-29 13:59:44",537.2,2,ahmedsherif382
1744,15745850,"adil aurangabad","2026-04-26 20:19:26",537.2,2,adilaurangabad
1745,15753372,"Josh Hurlburt","2026-05-06 19:51:57",537.1,1,joshhurlburt
1746,15720249,DecH,"2026-04-28 00:41:40",537.0,2,declanhilfers1
1747,15704666,"Hemant Verma","2026-05-01 10:25:35",536.9,2,hemuverma
1748,15639653,"Yashraj Prasad","2026-04-19 09:22:26",536.7,2,yashrajprasad
1749,15663293,AthulJenson,"2026-05-10 13:08:55",536.4,1,athuljenson
1750,15698541,yuki,"2026-04-25 15:36:25",536.4,2,mxli9x4wd8
1751,15646589,René,"2026-04-24 18:29:12",535.9,2,rmoesbergem
1752,15721078,"krish Chaudhary","2026-04-29 16:29:20",535.8,2,krishchaudhary14
1753,15818121,"Aruzhan Kartam","2026-05-03 01:31:47",535.8,2,aruzhankarr
1754,15864417,"Daryl Fung","2026-05-09 18:51:03",535.7,2,darylfung96
1755,15799489,ImANoob1122,"2026-05-02 13:43:42",534.9,2,imanoob1122
1756,15911470,"Grigory Kovtun","2026-05-11 16:46:50",534.4,2,mrgrigorii
1757,15859984,"auth cu (Authcult)","2026-05-06 15:07:14",534.0,2,authcuauthcult
1758,15634221,CigarCat,"2026-04-17 00:28:54",533.8,1,takahitomizunobyts
1759,15663362,Ayustar,"2026-05-09 17:38:47",533.8,2,ayustar
1760,15720257,"Thuing Kpuih","2026-04-24 16:23:44",533.4,2,thuingkpuih
1761,15843113,"Adil Shamim","2026-05-06 02:24:45",532.9,2,adilshamim8
1762,15732695,Magmucot,"2026-04-24 16:14:46",532.7,1,magmacot
1763,15644904,"Muqsit Akon Mahin","2026-04-18 10:48:00",532.5,1,muqsitakonmahin
1764,15679498,"Jeffrey Epstein","2026-05-10 18:24:01",532.5,2,skypunkaudiowalker
1765,15662423,Corgano,"2026-05-04 00:45:22",532.4,2,corgano
1766,15734943,kkunizaw,"2026-04-28 15:14:49",532.3,2,kkunizaw
1767,15648840,Zefirrr,"2026-04-20 16:16:56",532.3,1,zefirrrr
1768,15746406,iloveiesuhethegoat,"2026-05-11 02:52:59",532.2,1,iesuagapito
1769,15674196,"Tejas C","2026-04-21 19:22:21",532.1,2,tejasc01
1770,15838311,"Hong (redggum)","2026-05-07 15:35:55",531.9,2,hongchulleeredggum
1771,15662406,Strum,"2026-04-26 00:25:56",531.8,2,"brooksnelson11,jong22"
1772,15839605,"pavan rajr","2026-05-07 22:05:19",531.7,2,pavanrajr
1773,15706651,I'm,"2026-04-23 14:46:32",531.5,2,ilham2877
1774,15757700,"Benjamin Idini","2026-04-28 04:41:18",531.3,1,benjaminidini
1775,15804661,준환,"2026-05-07 07:39:52",531.2,2,paulguilbert
1776,15883169,soul,"2026-05-07 07:09:25",531.2,1,soul80
1777,15843236,"Pravin Takpire","2026-05-11 16:26:20",530.9,2,pravintakpire
1778,15670360,SE22UCSE168(M.Anish),"2026-04-21 12:24:28",530.7,2,mendaanish
1779,15720664,"Arpit Agarwal","2026-04-27 03:34:22",530.3,2,"arpitag20,tamannakawatra"
1780,15724453,"Stochastic Ghost","2026-05-10 22:04:16",530.3,2,farbodtabaee
1781,15696543,"Harsha Vardhan","2026-04-23 09:24:29",530.1,2,harshacode101
1782,15733584,"Marble Eagle","2026-05-09 07:43:36",529.9,2,marbleeagle
1783,15703559,RedTachyon,"2026-04-22 22:35:39",529.7,2,redtachyon
1784,15697033,k26rahul,"2026-04-25 13:34:46",529.4,2,k26rahul
1785,15639563,"Afif Ali Saadman","2026-04-17 16:10:18",529.2,1,afifalisaadman
1786,15877140,"Luis Méndez","2026-05-06 16:46:06",528.8,1,luismndezreyes
1787,15773157,"Vlad Balanda","2026-04-29 00:53:13",528.6,1,bankhv
1788,15732572,sanyul,"2026-04-24 15:56:34",528.3,1,sanyul
1789,15887632,Tao,"2026-05-09 05:33:29",528.2,2,taohe2018
1790,15656072,"25DS2000019 PRATHIT SINGH","2026-04-20 16:57:12",527.8,2,prathitnarayan
1791,15633464,Tushar,"2026-04-20 08:04:50",527.6,2,tushartalukder
1792,15634074,"Liviu Alexandru Bobocu","2026-05-11 00:13:31",527.4,2,liviualexandrubobocu
1793,15739790,Kietenergy,"2026-05-03 05:11:29",527.4,2,kietenergy
1794,15783478,"Adarsh ayush","2026-05-11 17:28:02",527.4,2,adarshayush
1795,15635673,Shameer.k,"2026-04-17 06:49:25",526.6,2,shameersham
1796,15748030,"Liang He","2026-04-30 05:48:57",526.6,2,lianghe
1797,15665618,Flouka,"2026-05-02 11:41:21",526.3,2,mohamedtoukabri
1798,15908480,AmLear,"2026-05-09 10:07:53",526.2,2,amlear
1799,15842766,ASetiawan,"2026-05-04 22:56:06",526.0,1,aderiannovito
1800,15672425,Natsu0909,"2026-05-06 05:36:23",525.5,2,natsu0909
1801,15739857,"Артём Чехлов","2026-04-28 10:08:14",525.4,2,artemchekhlov
1802,15722261,Etns,"2026-04-29 03:18:34",525.2,2,ethy1ene
1803,15637226,"Poma Mikhail","2026-05-02 20:24:13",524.8,2,ambisinistra
1804,15799527,Jubeerathan,"2026-05-07 09:58:50",524.7,2,jubeerathan
1805,15663970,sserges,"2026-04-26 17:42:52",524.5,2,sserges
1806,15708663,"Ashifa Mohammed Ahmad","2026-04-23 11:06:45",524.4,2,ashifamohammedahmad
1807,15913570,Panda_likes_Bandana,"2026-05-10 01:08:22",524.0,2,pandalikesbandana
1808,15928660,HohoHocCode,"2026-05-11 17:24:59",523.7,1,hohohoccode
1809,15633498,"Tank Top Tiger","2026-04-17 09:21:51",523.6,1,lakshyagodara
1810,15835097,"Joshua Fernando","2026-05-11 06:37:49",523.5,2,joshuafernandoj
1811,15706188,"Dheerendra Kumar Singh","2026-04-27 17:18:25",523.1,2,dheerendrasingh
1812,15674350,SpeedSci,"2026-04-29 08:25:49",523.0,1,caoyupeng
1813,15863316,Sakayuya,"2026-05-07 06:48:26",522.3,2,sakayuya
1814,15815490,saijo123,"2026-05-01 14:25:34",521.7,2,saijo123
1815,15895039,"Ronnie Fecso","2026-05-10 20:04:07",521.4,2,ronniefecso
1816,15740896,NodaKosuke,"2026-04-27 06:10:46",521.2,2,koron1243
1817,15781984,Pazabol,"2026-05-04 02:41:01",521.0,2,pazabol
1818,15652681,TheMuffin0000,"2026-04-19 15:38:36",521.0,1,themuffin0000
1819,15743037,ELMIR,"2026-05-01 11:37:44",520.9,2,obosrish
1820,15635001,"Aqila Rifti","2026-04-24 14:24:23",520.6,2,aqilarifti
1821,15686671,"kasim Ghanchi","2026-05-05 20:24:02",520.4,2,kasimghanchi
1822,15840758,"Kumar Gaurav132","2026-05-05 16:49:43",520.3,2,kumargaurav132
1823,15924229,"Swapnil Kannojia","2026-05-11 06:29:27",520.3,2,swapnilkannojia
1824,15653952,"Tuncay Aydın","2026-04-29 19:31:15",520.2,2,muhammedtuncayaydn
1825,15740795,"Hunter Gabbard","2026-04-26 01:49:19",520.2,2,huntergabbard
1826,15637809,varmaabhi,"2026-04-20 10:25:32",520.1,2,varmaabhi
1827,15898087,"Rafael Zimmermann","2026-05-11 13:22:36",519.8,2,rafaelzimmermann1
1828,15868017,CTNN,"2026-05-09 15:40:12",519.3,2,kylerjohnson3
1829,15665149,Ninjas007,"2026-04-28 11:22:50",518.8,2,"kagglegk2000,sankalpkhawade,thereya"
1830,15665634,"anton suseno","2026-04-28 08:28:26",518.7,2,antonsuseno
1831,15906025,Hayauchiwasabi,"2026-05-09 15:21:14",518.0,2,kaiikeda
1832,15878486,"Fumito Kikutoji","2026-05-10 06:52:33",517.7,2,fukiku
1833,15899845,RAJ-07-2004,"2026-05-09 18:27:45",517.6,2,raj072004
1834,15929087,"Dmitriy Gerasimov","2026-05-11 14:45:44",517.5,1,dmitriygerasimov
1835,15637749,"Comet Chuckler(s)","2026-04-21 14:35:39",517.4,2,pranayvaranasi
1836,15835839,"اليقظان السعدي","2026-05-09 12:15:36",517.1,2,alyaqdhan
1837,15752419,"Muhammad Firdaus","2026-04-29 14:15:22",517.1,2,ldausl
1838,15776957,"Vishal Baraiya","2026-04-30 07:51:20",517.0,2,thevixhal
1839,15676582,"Deeptanush Kapaka","2026-05-01 10:09:55",516.9,2,deeptanushk
1840,15849871,"Emre Uludasdemir","2026-05-07 19:42:31",516.0,2,emreuludasdemir
1841,15877488,PinballPRO,"2026-05-07 07:53:27",515.7,2,pinballpro
1842,15912225,ShA.,"2026-05-10 15:57:52",515.2,2,shuheiabe
1843,15695828,"Eric Baena Poch","2026-04-29 21:06:02",515.1,2,ericbp
1844,15719757,uripeled2,"2026-04-24 12:25:52",514.5,2,uripeled2
1845,15742421,"yemao ye","2026-04-26 07:47:50",514.2,1,yemaoye
1846,15636991,"Tagir Analyzes","2026-05-01 20:05:08",514.2,2,tagirkhairutdinov
1847,15733940,🔥🦫📿🗽,"2026-05-06 00:24:37",513.9,2,datafad
1848,15728918,"Katta Revanth Sai Pavan Kumar","2026-04-26 16:33:07",513.8,2,revanthsaipavankumar
1849,15636015,"Harshit Gupta","2026-05-04 11:25:06",513.2,1,ancientluck
1850,15851811,"Denyel Namgyal42","2026-05-04 16:32:24",512.9,1,denyelnamgyal42
1851,15888571,Maximax67,"2026-05-08 09:22:19",512.6,2,maximax67
1852,15816074,"Francisco LoSAA","2026-05-02 15:36:08",511.7,2,franciscolosaa
1853,15663811,"Pediredla Sai Aditya","2026-04-23 16:58:04",511.4,2,pediredlasaiaditya
1854,15746205,MarvinTMB,"2026-05-03 20:51:18",510.6,1,marvintmb
1855,15738798,"LABHESH YAWALKAR","2026-05-01 08:57:39",510.5,2,labheshyawalkar
1856,15661806,"Bora Erkılıç","2026-04-30 05:04:13",510.4,2,boraerkl
1857,15853195,psywza0829,"2026-05-06 12:52:26",510.1,1,psywza0829
1858,15834126,"R Ajay Kumar12","2026-05-05 17:44:02",510.0,2,rajaykumar12
1859,15742640,"Arda Orcun","2026-04-28 18:18:19",509.9,2,ardaorcun
1860,15743439,"Vladislav Fomberg","2026-05-01 15:11:41",509.8,2,vladislavfomberg
1861,15847147,"Pranjali Patel","2026-05-10 10:27:51",509.6,2,"hitarthgoswami,pranjali2076"
1862,15633853,"THE KING 👑","2026-04-17 18:10:11",509.6,2,xai090
1863,15704715,"Mano Shruthi S","2026-05-02 06:03:34",508.5,2,manoshruthi
1864,15634606,grifth,"2026-04-19 05:33:29",508.5,2,grifth
1865,15833176,Galactic_Gravity,"2026-05-11 13:44:22",507.9,2,"hemanthakken,praveenkalaboina,tejpotu"
1866,15634620,"Jing Hua","2026-04-25 06:06:05",507.9,2,linyeping
1867,15724833,"Blessing Idoko","2026-04-26 10:20:25",507.4,2,blessing123q
1868,15636510,Jules,"2026-04-20 08:00:17",507.2,1,julesvanligtenberg
1869,15670606,HK,"2026-04-21 11:55:25",506.9,1,hizurukonishi
1870,15651012,I_love_the_world,"2026-04-24 09:08:59",506.7,1,froginwarmwater
1871,15700738,"Sarthak Ganbote","2026-04-23 18:24:41",506.4,2,"ddk0605,nik851512,sarthakganbote"
1872,15664035,strongdogking,"2026-04-21 10:55:05",506.3,1,strongdogking
1873,15777445,"Beyond Logic","2026-05-10 07:26:37",506.1,2,beyondlogic
1874,15664005,"Falguni Das Shuvo","2026-04-21 10:01:00",506.0,1,falgunidasshuvo
1875,15708773,"Tejas Varshney","2026-05-07 11:31:19",506.0,1,varshneytejas
1876,15667768,"Saksham Mishra Beelabs","2026-04-21 09:51:48",505.8,1,sakshammishrabeelabs
1877,15800539,"Ilyas Abouch","2026-05-02 16:53:15",505.7,2,ilyasabouch
1878,15783238,fkyrz2356,"2026-05-11 07:54:29",505.4,2,fkyrz2356
1879,15665362,"KIRANDWIP PAUL","2026-04-21 15:54:38",505.2,1,kirandwippaul
1880,15732082,Light&Thunder,"2026-05-11 17:48:51",504.9,2,yerne39
1881,15647979,"Tyler Conover","2026-04-18 20:26:08",504.8,1,tylerconover
1882,15643961,"Olaf Yunus Laitinen Imanov","2026-04-18 10:13:42",504.7,1,olaflundstrom
1883,15881554,Arland,"2026-05-09 00:06:53",504.1,2,arland13
1884,15889506,"Ehsan Sml","2026-05-07 19:20:11",503.5,1,ehsansml
1885,15722932,"Annu Rana1","2026-04-23 22:06:12",503.0,1,annurana1
1886,15637892,JM,"2026-05-08 22:08:24",502.8,2,julianmukaj
1887,15811577,"Swar Chaudhari","2026-05-03 07:04:51",502.0,2,swarchaudhari
1888,15773280,"Ankur Vishwakarma","2026-04-29 02:24:57",502.0,2,vishwakarmaankur
1889,15670624,"Devrajsinh Gohil","2026-04-22 16:52:03",501.5,2,devrajsinhgohil
1890,15788663,Grems,"2026-05-08 12:12:26",501.3,2,gremsli
1891,15740277,"dan #2","2026-05-01 19:37:25",501.1,2,danielveress
1892,15786693,CODE4Real,"2026-05-09 05:55:47",500.3,2,"pero99,ranjeetkumar707"
1893,15637296,red,"2026-04-18 14:23:16",500.3,2,raffiardhi
1894,15636466,"la pasión","2026-04-17 12:27:15",500.2,1,dokster
1895,15732564,"Jeeta Nandi ","2026-05-06 09:36:14",499.8,2,jeetanandi
1896,15873180,rickzai,"2026-05-10 02:26:47",499.6,2,rickzai
1897,15633912,"ISAKA Tsuyoshi","2026-05-01 01:23:22",499.4,2,isakatsuyoshi
1898,15659607,Yanis,"2026-05-03 20:28:56",499.4,2,yanisaithammou
1899,15648375,"Timmy Underwood","2026-04-19 01:52:33",499.1,1,timmyunderwood
1900,15863515,"antonio clementi","2026-05-11 12:45:40",498.6,2,aclementi
1901,15649956,CorbinHov,"2026-04-19 11:08:13",498.4,2,corbinhov
1902,15649117,"Prashant Kikani","2026-04-19 03:12:45",498.0,1,prashantkikani
1903,15794499,liujiujiu,"2026-05-02 10:15:00",497.9,2,liujiujiu
1904,15670328,"Lee Anna","2026-04-24 07:12:52",497.5,2,leeanna2025
1905,15678692,"Nguyễn Minh Đức","2026-04-30 08:35:37",497.2,2,dustnn00
1906,15684615,Lokendra07,"2026-04-23 16:35:38",496.5,2,lokendra07
1907,15637103,"Mike Yasnov","2026-04-20 07:08:19",496.2,2,mikeyasnov
1908,15665066,Pochitadf,"2026-04-24 02:20:23",495.9,2,pochitapsyduck
1909,15664541,aniket1998,"2026-04-29 05:54:59",495.8,2,aniket0906
1910,15913394,Omar,"2026-05-09 22:41:52",495.7,2,omarafik
1911,15638880,BeeMax,"2026-04-20 15:42:51",495.6,2,beemax
1912,15634756,"Shivam Singh","2026-04-18 04:26:03",495.6,1,shivamsingh17072001
1913,15795453,PVR,"2026-05-02 12:06:48",495.5,2,pranshurao
1914,15633471,"Hıdır Demir","2026-04-18 15:43:21",495.4,2,hdrdmr
1915,15739416,Ahmed1DS,"2026-05-08 17:26:19",495.4,2,ahmed1ds
1916,15697824,atom0190,"2026-04-25 09:41:12",494.7,2,atom0190
1917,15666242,"Mrinmoy Saha Mishu","2026-04-24 05:09:06",494.7,2,mrinmoysahamishu
1918,15837746,"Gaurav Kap","2026-05-03 13:17:40",494.6,1,gauravkapoor2727
1919,15684743,"john inan","2026-05-11 16:07:45",494.4,2,johninan
1920,15746749,Magichan,"2026-04-27 07:35:57",494.3,1,magichan
1921,15634022,"Mark Romanov","2026-04-17 18:16:03",493.9,2,"akhrameevdenis,markromanov,vaintiger"
1922,15730528,"Luka Deserranno","2026-04-26 15:46:02",493.8,2,lukadeserranno
1923,15738468,"Victor Pedersen","2026-04-26 23:13:43",493.7,1,vacp05
1924,15859990,"Naoki Kawamura","2026-05-05 11:07:01",493.5,2,naokikawamura
1925,15853587,shabbzad,"2026-05-08 19:41:57",493.4,1,shabbzad
1926,15825585,cvetoslav,"2026-05-02 14:14:08",493.4,2,cvetoslav
1927,15724315,kiyomiya-k,"2026-04-24 03:49:43",493.2,2,kiyomiyak
1928,15661752,"Daniel Sauer Soria","2026-04-20 19:58:35",493.2,1,danielsauersoria
1929,15770019,"Kirill Voronin","2026-04-30 22:55:40",493.1,2,voronink
1930,15799553,"Abinesh S","2026-05-04 14:48:42",492.8,2,abineshsdataa
1931,15701510,"Nathan Amudavi","2026-04-24 17:08:32",492.6,2,nathanamudavi
1932,15661154,pritamghorui001,"2026-04-24 08:01:49",491.9,2,pritamghorui001
1933,15722256,"Nithin Yanna","2026-04-24 20:03:56",491.7,2,nithinyanna
1934,15635568,"Muhammad Aiesh","2026-04-19 09:25:11",491.5,2,muhammadaiesh
1935,15812257,Mr.キノコ,"2026-05-04 03:23:46",491.4,2,mrkinoko
1936,15639069,flashthunder,"2026-05-01 11:17:41",491.2,2,thunderflash
1937,15635057,"Orbit Magnus","2026-05-11 08:57:09",491.1,2,"cody11null,ruichardliu,russcore,tom99763"
1938,15861926,Roopesh,"2026-05-05 15:29:46",490.9,1,roopesha2
1939,15635539,"Dnyanesh Bharambe","2026-05-02 14:16:55",490.8,2,dnyaneshbharambe
1940,15867886,gosu.Kouts,"2026-05-09 15:07:43",490.3,2,gosukouts
1941,15635489,StarTroopers,"2026-04-18 06:37:24",490.3,2,allenlovecandies
1942,15765515,novming,"2026-04-29 15:52:33",489.6,2,qichenpeng
1943,15679903,Bow-Wow,"2026-04-22 13:54:03",488.8,2,akm009
1944,15736444,Karwei,"2026-04-26 11:13:19",488.6,2,karweii
1945,15666204,Semil_P,"2026-04-25 12:34:32",488.0,2,semilp
1946,15661537,axhsaad,"2026-04-20 20:15:30",487.9,2,axhsaad
1947,15916159,"Govind Sharma","2026-05-10 12:58:45",487.8,2,govindsarswat
1948,15735808,"Vakacharla Anoop Gupta","2026-04-29 07:07:00",487.8,2,vakacharlaanoopgupta
1949,15677624,zulfikar.khalwaniev,"2026-05-03 10:04:33",487.7,1,khalwaniev
1950,15667113,"Faray Juan","2026-04-26 13:35:19",487.4,2,farayjn
1951,15724479,"Badar Islam","2026-05-08 18:56:12",487.0,2,badarmughal
1952,15662084,"Aphiwe Mntambo","2026-04-24 19:28:25",486.8,2,aphiwemntambo
1953,15727288,Afr1ste,"2026-05-11 07:12:02",486.0,2,afr1ste
1954,15749675,TboneBrown,"2026-05-06 00:29:22",485.8,2,tbonebrown
1955,15901544,Its_Asup,"2026-05-11 19:53:13",485.4,2,itsasup
1956,15743436,"Soham Panchal","2026-04-26 16:46:40",485.3,2,starvis05
1957,15679296,"william perciful","2026-05-09 04:01:02",484.9,2,williamperciful
1958,15645261,"Daris Dzakwan Hoesien","2026-04-18 12:00:11",484.7,1,darisdzakwanhoesien2
1959,15864225,"Md Naim","2026-05-06 11:49:02",484.5,2,mdnaimislam165436
1960,15835067,"Emils Berzins","2026-05-04 18:14:40",484.4,2,emilsberzins
1961,15737553,"BHARATH .E","2026-04-25 14:14:01",484.0,2,bharath2230
1962,15645407,"Дворкин Евгений Владимирович","2026-04-19 14:02:54",483.6,2,evgendvorkin
1963,15662787,"Saurabh Maurya","2026-04-22 03:17:30",483.5,2,saurabhmaurya63
1964,15839168,"Emre KALE","2026-05-11 19:58:20",482.7,2,emrekale
1965,15699516,J432212312,"2026-04-22 23:29:49",482.2,2,j432212312
1966,15731793,"Sudhanva Satish","2026-04-24 14:28:24",482.0,1,sudhanvasatish
1967,15841847,"Shubham Vaish","2026-05-04 16:36:08",480.9,2,shubhamkumarvaish
1968,15671436,"Vladimir Khismatullin","2026-05-02 03:03:55",480.9,2,vladimirkhismatullin
1969,15636931,"Saurav Chaudhari","2026-04-17 11:12:59",480.7,2,saur3x
1970,15854326,"Álvaro Benítez Álvarez","2026-05-11 18:46:41",480.3,2,lvarobentezlvarez
1971,15659649,ktm,"2026-05-11 14:31:13",480.0,2,tmhrkt
1972,15729443,"Selahattin Günter","2026-04-28 11:56:07",479.7,2,selahattingnter
1973,15746378,ajohnston7354,"2026-05-04 23:04:12",479.5,2,ajohnston7354
1974,15762789,"Dammala Uday kiran","2026-04-28 12:47:01",479.5,2,dammalaudaykiran
1975,15665023,"Radosław Czajkowski","2026-05-10 12:45:24",479.5,2,radoslaw
1976,15661839,AGNIKsen87,"2026-04-22 04:55:26",479.2,2,agniksen87
1977,15635934,jamm1412,"2026-05-04 15:54:22",478.8,1,jamm1412
1978,15635031,tishii24,"2026-04-19 09:39:44",477.8,2,tishii24
1979,15865926,cgKaka,"2026-05-09 18:50:04",477.5,2,cgkaka
1980,15720026,909,"2026-04-27 17:54:28",477.2,2,"akshhaaatttt,chhavijain13,dakshmaher22"
1981,15643051,"Avik Das","2026-04-18 06:40:26",477.0,2,avikdas567
1982,15886970,"Xianghao Yang","2026-05-07 14:10:34",476.9,1,xianghaoyang
1983,15671727,"Paras Jadon","2026-04-25 18:00:25",476.8,2,parasjadon05
1984,15700208,"Muditmayank Mishra","2026-04-24 09:59:04",476.7,2,muditmayankmishra
1985,15836682,Nishanth,"2026-05-06 06:46:50",476.5,2,nishanth2643
1986,15886590,lrmx317,"2026-05-09 16:39:10",476.4,2,lrmx317
1987,15644848,"Pinhua Chen","2026-04-20 12:26:27",476.4,2,pinhua1989
1988,15659572,おちゃ,"2026-05-06 05:00:13",476.3,2,ocha4728
1989,15652572,M.Tuaha,"2026-04-28 20:20:32",475.9,2,"maquroni,mtuaha"
1990,15701760,"Ameya Aashrith","2026-04-26 11:38:00",475.8,1,ameyaaashrith
1991,15705331,"R ht_USTC","2026-05-11 12:00:06",475.2,2,rhtustc
1992,15650444,Sereseren,"2026-04-26 10:09:19",475.0,2,sereserenk
1993,15671158,ahayoubi,"2026-04-27 08:05:51",474.0,2,ahayoubi
1994,15749879,hdnktakumin,"2026-04-27 10:43:40",474.0,1,hdnktakumin
1995,15678641,shinmadam,"2026-05-06 18:05:46",473.9,2,shinmadam
1996,15650390,"Ashish Patnaik","2026-05-11 19:47:49",473.4,2,ashishpatnaik2806
1997,15840177,Thibault,"2026-05-10 17:18:56",473.1,2,vtxdtc
1998,15769808,"Hirako Sa","2026-05-01 12:16:19",473.0,2,hirakosa
1999,15891266,StrandU,"2026-05-08 01:20:40",472.6,1,strandu
2000,15875580,"Дмитрий Панов","2026-05-07 04:43:44",472.5,2,dpanov
2001,15668699,"Benaya Trabelsi","2026-04-22 11:32:49",472.5,1,benayatrabelsi
2002,15851620,Duane909,"2026-05-08 20:40:05",472.5,1,duane909
2003,15822563,"taiyang chen | codex","2026-05-11 01:54:17",472.3,2,taiyangchen701
2004,15661737,"Denis Sanchez","2026-04-30 05:47:05",470.7,2,denissanchez
2005,15910724,"cy dabo","2026-05-10 16:32:33",470.5,2,cydabo
2006,15706310,utsav-develops,"2026-04-24 05:30:22",470.5,2,utsavdevelops
2007,15634672,"Csip Csirip","2026-05-11 17:25:21",469.9,2,csipcsirip
2008,15653022,KKY,"2026-05-11 05:48:59",469.5,2,evilpsycho42
2009,15671995,Harsh_2035,"2026-05-10 07:03:39",469.5,2,harsh2035
2010,15859686,"Szymon Rećko","2026-05-10 17:04:58",469.3,1,szymonreko
2011,15826832,"Michael Müller","2026-05-10 03:30:44",468.3,2,michaelmller
2012,15689765,"Mrutyunjay Joshi","2026-05-04 08:54:25",467.8,2,mrutyunjayjoshi
2013,15683463,Eduardo,"2026-04-25 05:35:16",467.7,2,quesofresco
2014,15762366,ryumei,"2026-04-28 08:37:46",467.2,2,ryumei
2015,15831994," Vibhugnan","2026-05-02 19:49:28",466.9,1,vibhugnan
2016,15724450,"Đức Danh tổ 2","2026-04-24 16:48:01",466.6,2,cdanht2
2017,15645491,"Sijin Yu","2026-04-19 06:30:57",466.3,2,sijinyu
2018,15694335,"Mike G","2026-04-23 21:03:37",466.2,2,mrghx4
2019,15798480,"Henry Javier","2026-05-07 04:37:21",466.0,2,henryjavier
2020,15699615,"Sai Bhargav","2026-04-27 07:29:26",465.9,2,saibhar
2021,15742080,"Cem Birler","2026-04-30 02:21:01",465.5,2,ozgurcem
2022,15736316,N3PTUN1UM,"2026-04-26 20:14:30",465.3,2,"armmanroy,n3ptun1um"
2023,15697371,"Likith Narakala","2026-04-22 12:41:01",465.0,1,likith17052004
2024,15660367,"Roman Vinogradov","2026-04-20 16:41:23",464.8,2,romanvinogradov
2025,15636057,"Pushkar K.G","2026-04-17 07:18:40",464.7,1,dejokz
2026,15649632,高坂麗奈,"2026-04-22 15:05:34",464.6,2,kousakarena
2027,15859142,"SRI HARISH.A","2026-05-05 11:24:03",464.4,2,harishinkaggle
2028,15653165,"khang nguyen","2026-04-19 17:28:05",464.1,1,niraitoo
2029,15735790,kdrozdov,"2026-05-11 19:50:03",464.0,2,kdrozdov
2030,15638362,"Camilla Espedal","2026-04-20 13:30:08",464.0,2,camillaespedal
2031,15801216,NikhilDhanai,"2026-05-04 12:46:30",463.9,2,nikhildhanai
2032,15745374,"Mats Heldesten","2026-04-26 21:41:21",463.9,2,matsheldesten
2033,15669385,shahxsalman,"2026-05-11 16:48:02",463.6,2,shahxsalman
2034,15640594,"Syed Ali Hasnat","2026-04-26 05:09:48",463.2,2,syedalihasnat
2035,15890353,"reno andersen","2026-05-09 14:16:39",462.7,2,renoandersen
2036,15668556,"Prem Shinde","2026-05-09 11:28:21",462.7,2,premshinde
2037,15646378,Abdulsamad,"2026-04-18 17:19:25",462.3,2,abdulsamadjod1234
2038,15815952,Lightningxyz,"2026-05-03 06:20:44",462.3,2,lightningxyz
2039,15847677,"Mohammed Ammar","2026-05-11 09:17:05",462.2,2,mohammedammar01
2040,15648351,Ekrem,"2026-04-21 14:28:18",461.7,2,tahirekrem
2041,15841454,"Eddib Chaima","2026-05-09 19:15:57",461.7,2,eddibchaima
2042,15764764,"Nav N","2026-05-01 08:27:50",461.4,2,navidata
2043,15663609,"Chie Waters","2026-05-08 23:16:35",460.9,2,chiewaters
2044,15732677,"Aman Atar","2026-05-11 11:14:28",460.1,2,amanatar
2045,15907536,"durgesh dere","2026-05-09 09:23:52",459.8,2,durgeshdere08
2046,15839280,Hichem.dev,"2026-05-09 00:14:51",459.3,2,hichemdev
2047,15838201,藤井,"2026-05-09 02:06:04",459.0,2,fujii0925
2048,15833286,jiackary,"2026-05-03 10:14:25",459.0,2,taking0verqwerty
2049,15664969,"selani Nguyen","2026-04-29 05:25:30",458.4,1,selaninguyen
2050,15639845,AyShi,"2026-04-18 17:01:57",458.4,2,muhammadtojiddinov
2051,15914134,"Jason Li","2026-05-11 09:53:44",458.4,2,immche
2052,15665059,shaurya_pandey@19,"2026-04-26 08:22:47",458.1,2,shauryapandey19
2053,15887893,Catalina,"2026-05-07 15:39:21",458.0,1,catalinakohlhaas
2054,15796467,"Aaryan Pawar","2026-05-02 15:02:32",458.0,2,aaryanpawar16
2055,15703495,"Pavel JIOFACK TSAFACK","2026-04-23 21:45:29",457.1,2,paveljiofacktsafack
2056,15780578,"Євген заремба","2026-04-30 09:55:26",457.0,2,djoniblack
2057,15664294,"Himanshu maheshwari","2026-04-30 08:28:04",456.9,2,unchartedhkm
2058,15701422,Santitub,"2026-04-22 19:52:05",456.7,1,correo415
2059,15742809,"Kuang Zhengyi","2026-04-26 12:44:39",456.2,1,kuangzhengyi
2060,15706300,"Sahrul Adicandra","2026-05-11 18:11:06",455.9,2,sahruladicandra
2061,15831170,WonderWomen2017,"2026-05-03 21:55:36",455.7,2,wonderwomen2017
2062,15652545,"Sabarno Pramanick","2026-04-20 17:21:36",455.7,2,sabarnopramanick
2063,15667570,"Arihant M A","2026-04-21 10:48:51",455.6,2,arihantma
2064,15686168,"Dann Brown","2026-04-24 04:06:24",455.2,2,dannbrown
2065,15650582,timofeyiž,"2026-04-19 09:33:14",454.9,1,mrlaster
2066,15797715,"Rahul Dev Pradhan","2026-04-30 18:38:16",454.7,2,rahuldevpradhan
2067,15666609,"JUDITH BERIL OMBAM","2026-04-22 04:46:47",454.3,2,judithberilombam
2068,15860561,Pranav,"2026-05-06 11:43:44",453.4,2,infernape01
2069,15700868,Moonlet,"2026-05-10 17:58:12",453.3,2,rajesh1joc
2070,15736252,zzgtylors,"2026-04-25 08:08:52",453.1,2,zzgtylors
2071,15705344,"pavodi kamoni","2026-04-26 14:32:32",452.6,2,pavodikamoni
2072,15921447,"Roberta Becker","2026-05-10 22:34:59",452.1,2,robertabecker
2073,15843232,joshtb12,"2026-05-05 03:22:58",451.5,2,joshtb12
2074,15659786,kakuteki,"2026-04-27 10:48:56",451.2,2,kakuteki
2075,15670101,Omega_Gold,"2026-04-21 11:51:40",450.9,2,omegagold
2076,15691669,HydraBoy,"2026-04-23 06:48:37",450.6,2,hydraboy
2077,15740870,"Nagibator 666","2026-05-07 16:01:27",450.6,1,nagibator666
2078,15635164,"KOUSHIK KUMAR DINDA","2026-04-18 07:33:31",450.2,2,koushikkumardinda
2079,15754833,"Noorudheen km","2026-05-02 18:44:53",449.8,2,noorudheenkm
2080,15715968,Seventie,"2026-05-05 12:10:47",449.2,2,shaikabdussattar
2081,15669088,"Ibrahim ","2026-04-21 11:00:29",448.0,2,ibrahimakwahu
2082,15779894,"SIVA S","2026-05-11 17:35:44",447.6,2,codingmaster24
2083,15639840,"Sanika patil","2026-04-20 14:45:11",447.6,2,saniiikaa
2084,15840202,Raj001000000000000,"2026-05-04 17:31:18",446.7,2,raj001000000000000
2085,15830496,"emir secer","2026-05-03 14:09:42",444.7,2,emirsecer
2086,15670489,"Kanishka Padamata","2026-04-21 11:48:46",444.5,1,kanishkapadamata
2087,15652019,shu10038,"2026-05-11 15:03:19",444.4,2,shu10038
2088,15735722,OgOg,"2026-04-27 12:07:32",443.9,2,ogog0128
2089,15662755,Yannick,"2026-04-20 23:05:41",443.9,2,yannicknuapia
2090,15665635,"Christoph Roth","2026-04-21 08:28:25",443.7,1,christophroth
2091,15654348,"Matthew She","2026-04-24 03:24:27",443.2,1,matthewshe
2092,15840358,yunus_bayram_kagle,"2026-05-09 05:45:22",443.2,2,yunusbayramkagle
2093,15686350,"Hardik Kumar","2026-04-27 22:04:20",442.9,2,"hardikxi11,isiakataofeeq,systemstrategist,vincentodogwu"
2094,15640074,"Minal kharat123","2026-05-10 17:26:45",442.7,2,minalkharat123
2095,15639492,Arshianrax,"2026-04-22 12:39:13",442.7,2,arshianrax
2096,15921784,bsenst,"2026-05-10 21:02:09",442.4,1,bnzn261029
2097,15664932,koppen9029,"2026-04-24 05:37:05",442.3,2,koppen9029
2098,15754858,aniqbinlutpi,"2026-04-27 19:28:27",442.2,1,aniqbinlutpi
2099,15637855,nikoro256,"2026-04-25 00:29:59",441.9,2,"nikoro256,yimiya"
2100,15736085,"Krishna Nishad","2026-04-27 19:13:19",441.9,2,krishanaaa
2101,15780354,"Mert Arcan","2026-04-29 15:47:44",441.3,2,mertarcan
2102,15673000,"Shahriar Ahmed Seam","2026-04-21 17:45:40",441.1,2,shahriarahmedseam
2103,15734758,TrevorG01,"2026-05-08 03:24:21",440.8,2,trevorg01
2104,15903756,"Danielle Mustillo","2026-05-09 03:30:59",440.2,2,daniellemustillo
2105,15703565,"Ajinkya Jadhav","2026-04-23 00:07:22",440.2,2,ajinkyajadhav01
2106,15652287,"iheb2023 ","2026-04-22 16:54:07",439.8,2,iheb2023
2107,15646413,"fengyuexin huang","2026-04-23 06:28:02",438.5,2,fengyuexinhuang
2108,15654452,fujimotodayo,"2026-04-20 08:51:29",438.4,1,fujimotodayo
2109,15664634,"Ayush Barai","2026-04-22 18:51:00",436.1,1,ayush04barai
2110,15661079,"prit panchal","2026-04-21 17:35:12",435.4,2,prit0007
2111,15834082,Shdowguy,"2026-05-04 16:52:50",435.4,2,shdowguy
2112,15639725,Kirderf,"2026-05-10 17:16:04",435.1,2,kirderf
2113,15830762,"Aaryan Gupta","2026-05-03 08:06:36",434.9,2,aaryan1222
2114,15921218,Patrice,"2026-05-11 10:40:03",434.8,2,padrique
2115,15664620,Bob,"2026-04-28 05:50:29",434.7,2,robertpatchin
2116,15678098,"Pushpinder Kaur","2026-04-21 21:34:08",434.7,1,kaurpush
2117,15643752,"Ayush Singh","2026-04-18 19:34:11",434.0,2,ayushius
2118,15649783,ita_dollars,"2026-05-09 10:46:53",433.6,2,itadollars
2119,15665181,"ANSON SAJU","2026-05-05 09:11:47",433.5,2,ansonsaju
2120,15661745,Tianze,"2026-04-21 19:53:44",433.3,2,dalygao
2121,15823748,Sudharsanan,"2026-05-02 11:27:56",433.2,2,susan077
2122,15661239,"Devansh tripathi","2026-04-20 18:54:41",432.9,2,devanshtripathi45
2123,15664378,Glitch,"2026-05-01 09:11:50",432.5,2,devanathravi
2124,15927985,"Ryoma Hashimoto","2026-05-11 13:57:57",431.9,1,hashiryo
2125,15665111,"Navneet Singh Dogra","2026-04-21 07:05:10",431.8,2,navneetsinghdogra
2126,15665345,"YOGESH N","2026-04-25 04:36:15",431.4,2,yogeshn07
2127,15638703,CodeHacker,"2026-04-17 15:11:25",431.3,1,junhanzangai
2128,15810772,"Abdullahi Adigun","2026-05-05 19:51:39",431.2,2,abdullahiadigun
2129,15659439,SilverRuler,"2026-04-20 13:42:09",431.1,1,silverruler
2130,15789348,"Nguyen Vu Tue Khang","2026-05-02 14:29:41",431.1,2,nguyenvutuekhang
2131,15757595,KnightE4,"2026-05-02 07:36:34",430.9,2,knighte4
2132,15635182,ayushokaay,"2026-04-29 15:35:48",430.3,2,ayushparwal
2133,15664519,zjy,"2026-04-21 12:12:54",429.9,1,zhenjyong
2134,15668645,meteorcqq,"2026-04-27 11:26:28",429.9,1,"jackhajehnowri,wwwyyykkk"
2135,15703914,"Mariusz Lubkowski","2026-05-11 07:02:10",429.7,2,mariuszlubkowski
2136,15826733,coldleafday,"2026-05-02 20:01:37",429.2,2,coldleafday
2137,15645557,"Zhaohan Li","2026-04-20 08:55:00",429.1,1,franksonlee
2138,15739871,"MANUEL lasarte","2026-05-05 07:07:38",428.5,2,manuellasarte
2139,15704931,"Krishna Agastya","2026-04-26 23:51:44",428.2,1,krishnaagastya
2140,15652978,radumd,"2026-04-26 15:31:12",428.2,1,radumd
2141,15657868,"Shrinath Madde","2026-04-20 17:10:22",428.0,2,shrinathmadde
2142,15847167,mok,"2026-05-05 15:56:49",427.7,1,motensor
2143,15664658,scriptcoder,"2026-04-21 05:29:26",427.5,1,scriptcoder
2144,15663785,4patterns,"2026-04-21 06:08:34",427.2,1,anishsinghrawat
2145,15704663,kapenon,"2026-04-23 08:32:29",427.0,1,kapenon
2146,15821466,"Simon Willer","2026-05-11 07:44:17",426.8,2,simonwiller
2147,15667720,"Adon Benoy","2026-04-24 10:16:26",426.6,2,adonbenoy
2148,15634082,"Ahmed Abou Zeid1","2026-04-26 13:20:09",426.4,2,ahmedabouzeid1
2149,15725193,"Adelino Aleser","2026-04-24 11:20:09",426.0,2,adelinoaleser
2150,15730116,"senthil kumaran T","2026-04-24 12:01:19",425.7,2,senthilkvggbn
2151,15672218,JatinGuleria1845,"2026-04-21 16:19:53",425.4,1,jatinguleria1817
2152,15857696,Eheuuwjw,"2026-05-07 13:46:35",425.3,2,eheuuwjw
2153,15661568,"Arezki Matougui","2026-04-20 19:39:02",425.1,1,arezkimatougui
2154,15903330,"Ryan Berry","2026-05-09 18:20:11",425.1,1,rberry16
2155,15660785,"Malak Reda","2026-04-21 17:21:59",424.0,2,malak457
2156,15885979,"Alexander Kwesi","2026-05-07 20:45:35",423.6,2,alexanderkwesi
2157,15741225,"Guilherme Joji","2026-04-26 03:06:29",423.4,1,guilhermejoji
2158,15720274,Kawa_pt,"2026-04-30 06:49:31",423.3,2,kawapt
2159,15783747,"Alexander Griffing","2026-04-30 06:46:45",422.9,1,alexandergriffing
2160,15721704,"jacob OKOTH O","2026-04-25 09:14:27",422.7,2,jacobokotho
2161,15661666,"Serdar Gundogdu","2026-04-21 19:15:55",422.7,1,serdargundogdu
2162,15677593,"Caden Lund","2026-04-22 19:26:31",422.3,1,cadenlund
2163,15662823,Z10nWu,"2026-04-21 00:23:40",422.2,2,z10nwu
2164,15671027,"Tahsin Ahmed Mridha","2026-04-21 13:01:52",422.1,1,tahsinahmedmridha
2165,15634705,muyouqian4,"2026-04-20 14:10:43",421.5,2,muyouqian4
2166,15640884,GUOHAOYANG,"2026-05-10 19:26:19",421.1,2,pkuszboi
2167,15638471,"BNBU G10","2026-04-30 06:55:13",420.9,2,"chenxiguan,lllyyy11,zeweiliuu"
2168,15827874,nxank4,"2026-05-02 16:05:18",420.7,1,anmatngu
2169,15831785,Kathi_Gelebi,"2026-05-06 13:35:14",420.4,2,davidrao63
2170,15745178,camron,"2026-05-03 16:05:21",420.2,2,naklanjuliencamara
2171,15650083,Rudra070311,"2026-04-29 09:49:45",420.0,2,rudra070311
2172,15930273,inconnu,"2026-05-11 18:04:16",419.9,2,inconnu03
2173,15907179,Metamong_,"2026-05-09 13:53:03",419.5,2,hyeondata
2174,15810302,Swapnil,"2026-05-10 16:35:22",419.4,2,blueswaps
2175,15729913,YM,"2026-05-05 12:16:37",419.4,2,saneyuki
2176,15778058,"Aditya Kumar Mishra","2026-04-29 15:18:21",419.3,2,adityakymarmishra
2177,15731142,"Nenad Farkaš","2026-04-30 13:16:08",418.9,2,nfarky
2178,15653073,Sweetshadow,"2026-04-28 07:44:52",418.8,1,sweetshadow
2179,15743050,gosaut,"2026-04-29 15:21:06",418.7,1,gosaut
2180,15668963,"Saadat Ali777","2026-04-27 05:37:12",418.5,2,saadatali777
2181,15744998,"Please Hire Us","2026-04-27 20:55:23",418.3,2,"enriquegarcademiguel,feliciusvabu,otakcanary"
2182,15705221,"Raja T","2026-05-11 12:47:45",417.7,2,rajathiagaraj
2183,15719248,Milapp180,"2026-04-23 13:25:54",417.5,1,milapp180
2184,15824864,"Muhammad Bilal421","2026-05-06 17:36:14",417.5,2,muhammadbilal421
2185,15663868,HongyuChen123321,"2026-04-21 08:53:10",415.3,2,hongyuchen123321
2186,15662367,"Mayank Choure","2026-04-21 05:30:27",414.9,2,mayankchoure
2187,15637477,"Ruchir Kale","2026-04-21 13:18:51",414.7,1,ruchirkale
2188,15700392,"Jay Prajapati","2026-05-06 18:17:02",414.4,2,coderjay
2189,15830597,"Abdullah Fasih","2026-05-02 18:32:06",414.4,2,abdullahfasih
2190,15783272,"Gaurav Mehra","2026-04-30 12:44:22",414.3,1,gurumehra
2191,15854062,"Sarda Kedir","2026-05-06 07:17:32",413.8,2,sardakedir
2192,15637513,Volodymyr,"2026-04-21 12:10:47",413.7,2,volodymyrpasichnyi
2193,15897708,"Dal Tao","2026-05-08 12:47:19",413.5,1,daltao
2194,15758378,takayuki1024,"2026-04-29 14:58:25",413.2,1,takayukiimoto
2195,15732873,Seita,"2026-05-02 14:42:36",412.6,2,seitaf
2196,15744185,to_orgil,"2026-05-03 11:51:53",412.1,2,toorgil
2197,15649702,amiakar,"2026-04-24 11:32:28",411.5,2,amiakar
2198,15651167,Kujaomega,"2026-04-19 11:07:59",410.8,1,kujaomega
2199,15658701,"Asterios Terzis","2026-04-22 23:20:40",410.8,2,asteriosterzis
2200,15839231,HyperPlanz,"2026-05-06 01:07:02",410.7,2,domiandr000
2201,15692118,"Wang rundong","2026-04-22 07:02:11",410.6,1,qi7axu
2202,15663420,Tomo,"2026-05-06 17:49:10",410.6,2,tomohiroaz
2203,15877907,"John Cornwell","2026-05-06 18:19:04",409.7,1,jomegacv
2204,15661488,EthereaLogic,"2026-04-23 02:20:35",409.7,2,etherealogic
2205,15643128,amolwani2,"2026-05-10 12:59:33",409.7,2,amolwani2
2206,15789822,Mitul,"2026-04-30 04:31:19",409.5,1,mitul0113
2207,15813262,"Darsh Sodani","2026-05-06 07:05:58",409.3,2,darshsodani
2208,15663014,"Przemysław Rumpca","2026-04-21 08:48:04",409.1,2,przemysawrumpca
2209,15743356,"Russell Greyling","2026-04-26 11:35:48",409.1,1,rgreyling
2210,15674546,"Neil Yashinsky","2026-04-22 02:44:35",408.9,1,neilyashinsky
2211,15732141,"Marco M","2026-04-25 14:48:21",408.9,2,marcoms1000
2212,15662718,"Michael Eniolade","2026-04-21 17:33:21",408.8,2,michaeleniolade
2213,15638472,9921abu,"2026-05-08 08:52:09",408.7,2,jessicajwood
2214,15635714,"vaishnavi desai","2026-05-04 05:54:29",408.6,2,vaishnavidesai345
2215,15860760,SniperGotYou,"2026-05-11 18:53:42",408.3,2,snipergotyou
2216,15723825,immortal,"2026-04-27 03:01:11",408.2,2,immortallishuan
2217,15733398,steezy.morris,"2026-04-28 18:18:41",408.1,1,steezymorris
2218,15701670,Miker,"2026-05-07 15:57:16",407.9,2,miker1
2219,15828553,yangyaqi777,"2026-05-02 13:38:32",407.7,1,yangyaqi777
2220,15922426,"Sam Ethan Mathew","2026-05-11 08:15:00",407.4,2,samethanmathew
2221,15901593,"Gabteni Mouhamed","2026-05-11 14:28:42",407.1,2,gabtenimouhamed
2222,15670507,"Trishanth Mellimi","2026-04-22 09:34:38",407.0,2,trishanthmellimi
2223,15665275,"Mayank Sharma00123","2026-04-22 18:44:26",407.0,2,mayanksharma00123
2224,15874571,"Yoshinori Sato","2026-05-06 12:12:08",406.9,1,yosynory
2225,15850831,"Yang Tuấn Anh","2026-05-06 11:32:24",406.7,1,yangtunanh
2226,15872138,DavidShe,"2026-05-08 18:07:43",406.7,2,davidshe
2227,15720884,Tatsuya,"2026-04-23 16:08:47",406.5,1,mathphilia
2228,15657609,"Tom #2","2026-04-27 09:16:56",406.5,1,tomgogogo
2229,15667309,HW919,"2026-05-02 16:06:35",406.4,2,chiiwhahwang
2230,15720225,"José Mário","2026-04-23 15:49:05",406.3,2,m4rio0p
2231,15633927,"Dhruv Pai Dukle","2026-04-16 21:12:15",406.1,1,dhruvpaidukle
2232,15761273,TAKAHASHI　YYY,"2026-04-28 10:32:39",406.1,2,takahashiyyy
2233,15695807,"Viwongo Chima","2026-05-05 10:35:30",405.2,2,viwongochima
2234,15826288,"Aditya Singh","2026-05-02 12:34:31",404.7,1,adityasingh678
2235,15705033,"Roger Barrett","2026-04-24 09:18:07",404.6,2,rogerbarrett
2236,15738555,"Kevin Zeng","2026-04-25 15:31:20",404.6,1,kevinzeng
2237,15774736,"Munkhpurev N","2026-04-29 04:17:47",404.4,1,munkhpurevn
2238,15867972,"Mirangga Jakti","2026-05-11 15:48:13",404.0,2,miranggajakti
2239,15647839,"Reza Madani","2026-04-19 18:14:05",403.8,2,seyyedrezamadani
2240,15633753,Ozi,"2026-04-17 11:23:55",403.7,2,muhammaduzair21
2241,15758540,J.Yama,"2026-04-28 02:24:31",403.3,1,junyama09143
2242,15753581,Sahil4818,"2026-04-27 18:54:24",403.3,1,sahil4818
2243,15715465,chernozem,"2026-04-23 11:28:53",402.6,1,chernozem
2244,15660108,ZhichengHe,"2026-04-20 16:40:21",402.6,2,hzc17755286896
2245,15638166,"Moroz Roman","2026-04-18 14:17:33",402.5,2,crissyro
2246,15859529,"Nicolai Karcher","2026-05-05 11:48:07",402.5,2,pejophylo
2247,15663288,"Nitin Singh","2026-04-27 13:06:48",402.4,2,nitinsingh777in
2248,15636395,"lishell liang","2026-04-20 05:24:25",402.3,2,lishellliang
2249,15659918,"Yash Patil","2026-04-24 14:40:00",402.3,2,warwizardy
2250,15897225,"AlexSama S","2026-05-09 12:42:41",402.2,2,alexsamas
2251,15692264,"Vishal Grover","2026-04-22 07:51:56",401.5,1,vishalgrover5
2252,15907989,Omarkhaled,"2026-05-09 12:01:23",401.4,1,omarkhaleod
2253,15745445,SeVa,"2026-05-10 16:29:45",401.2,2,svallejo
2254,15732644,"Abdullah Khaja","2026-04-24 16:15:16",399.7,1,abdullahkhaja
2255,15694428,"Den Pugovkin","2026-04-22 09:54:19",399.6,2,denpugovkin
2256,15923068,"Muanai Khalifah","2026-05-11 13:20:39",399.5,2,muanaikhalifah
2257,15706292,Mohit,"2026-05-05 07:22:30",399.2,2,mohit98765
2258,15928095,C&J,"2026-05-11 16:30:07",398.4,1,"chensiqi014,jerrydong05"
2259,15735723,"MD. Shibli Noman Sarkar","2026-05-05 17:05:34",398.3,1,noman130
2260,15662447,"Saagar Shah","2026-04-20 21:55:46",397.6,1,saagarshah
2261,15733483,"sharanprabhusk ","2026-04-24 21:19:38",397.4,2,sharanprabhusk
2262,15646208,lengli,"2026-04-19 09:19:40",397.3,1,lengli
2263,15681055,"Kenny Chau","2026-04-29 06:58:22",396.6,1,logstwo
2264,15649398,"Kartik biddoliya","2026-05-06 07:59:00",395.5,2,kartikbiddoliya
2265,15653020,"Circe N.","2026-05-11 07:18:36",395.0,2,illya2412
2266,15739869,"RISHABH JAISWAL826","2026-04-27 21:09:01",394.9,2,"kashishbharti,rishabhjaiswal826"
2267,15672977,vick,"2026-04-28 17:47:17",394.2,2,acacac98966
2268,15719669,Abdulmoiz,"2026-05-03 17:19:31",394.1,2,abdulmoiz11
2269,15838438,Obvio7,"2026-05-07 00:55:47",392.4,2,obvio7
2270,15662708,"Manas Pal","2026-04-20 22:54:28",391.3,1,manaspal208
2271,15720111,"Thilak SV","2026-04-24 06:07:55",391.0,2,thilaksv
2272,15719563,Jagobee,"2026-05-06 14:36:05",389.9,2,jagobee
2273,15672113,"John S. Aidoo","2026-04-30 17:25:00",389.4,2,johnsaidoo
2274,15868377,Alien_X,"2026-05-06 01:34:31",388.8,1,ragnaleo
2275,15662302,"Hajmed Med","2026-04-23 21:27:14",388.8,2,hajmedmed
2276,15889546,Abhi,"2026-05-10 03:10:16",388.7,2,abhijeet45
2277,15920653,"Stefan Berger","2026-05-11 18:28:56",388.7,1,stefanberger1111
2278,15639360,dataWr3cker,"2026-04-24 18:48:52",388.5,1,gourabr0y555
2279,15647408,Yuki_Kaneko,"2026-04-25 13:19:25",388.5,2,yukikanek0
2280,15639032,AnpAn_Men,"2026-05-09 17:19:43",387.7,2,anpanmen
2281,15700077,"Cristian Lanfranco","2026-04-23 03:36:36",387.7,2,cristianlanfranco
2282,15914571,"Quan Le","2026-05-10 03:24:03",387.6,1,qnml2022
2283,15856957,"Mridul Maraiya","2026-05-05 04:55:47",386.8,1,mridulmaraiya
2284,15850999,cknisaac,"2026-05-04 14:47:33",386.7,1,cknisaac
2285,15668703,radharamana,"2026-04-21 13:24:08",386.2,1,sarvagyaporwal
2286,15648936,stpete_ishii,"2026-05-05 07:41:19",385.1,1,stpeteishii
2287,15641568,"Arjun Madaan","2026-04-17 23:31:27",385.0,1,juniam
2288,15649004,viji2608,"2026-04-22 14:40:01",384.6,2,viji2608
2289,15660552,"Ibrahim mejri","2026-05-03 17:30:37",384.2,1,ibrahimmejri
2290,15893212,arakawa7714,"2026-05-08 10:10:50",383.9,1,arakawa7714
2291,15750137,"Solar Man","2026-05-05 15:40:13",383.8,2,hassaansaqib
2292,15839979,Beef,"2026-05-03 16:11:51",383.3,1,sythlast
2293,15740673,"Masked Wizard","2026-04-29 06:18:24",383.0,1,tomookikohri
2294,15651164,malaxg,"2026-04-21 02:01:06",382.7,2,guoyixian2
2295,15653924,SplitYourGap,"2026-04-19 21:08:09",382.5,2,qfaily
2296,15750145,agenlu,"2026-04-28 11:37:23",382.5,2,agenlu
2297,15731671,"Igor Kartashov","2026-04-24 14:55:20",381.7,2,igorkartashov
2298,15634440,"Mirza Milan Farabi","2026-05-02 08:35:46",381.2,2,mirzamilanfarabi
2299,15846664,hlanaln,"2026-05-04 11:12:15",381.1,2,hlanaln
2300,15834344,"Pranjal Jain304804","2026-05-03 06:24:40",380.7,1,pranjaljain304804
2301,15885868,tomohiro454,"2026-05-10 08:06:45",380.1,2,tomohiro454
2302,15672930,"Aaron Noble 7","2026-05-02 07:24:56",380.0,2,aaronnoble7
2303,15661004,"Marcus Vinicius","2026-04-23 16:44:42",379.9,2,marcux777
2304,15775691,Ching,"2026-05-11 07:02:41",379.8,2,chingxly
2305,15766273,"sdfasdf sdfdasdfasdd","2026-04-28 19:09:14",379.0,1,sdfasdfsdfdasdfasdd
2306,15916655,"MARIO RESINO SOLIS","2026-05-10 07:53:46",379.0,1,marioresinosolis
2307,15657987,"Abdessamad Badaoui","2026-04-22 18:40:53",378.2,2,abdessamadbadaoui
2308,15744228,"Aryan Deshpande","2026-04-27 08:32:09",377.3,1,aryandeshpande
2309,15654441,Tanuki_boosting,"2026-04-27 21:40:22",376.7,2,miyamotodaiya
2310,15662465,"Ridha mostefa","2026-05-05 13:29:14",376.3,2,ridhamostefa
2311,15679840,"Steven “O.G” Reed","2026-05-09 22:08:31",376.3,2,stevenogreed
2312,15665160,"Aqsa Riaz","2026-04-21 08:22:26",375.7,2,heudndijd
2313,15770964,rdevli,"2026-05-01 11:32:04",375.7,2,rdevli
2314,15784959,"The Analytical Absurdist","2026-04-30 01:33:36",374.7,2,analyticalabsurdist
2315,15722360,Kyr1ll,"2026-04-23 19:28:29",374.5,1,kyr1ll
2316,15671448,"Juan D Alfonso","2026-05-10 05:18:30",374.3,2,juandalfonso98
2317,15830932,"Đình Luân Ngô","2026-05-05 04:04:20",374.2,1,nhlunng
2318,15667877,"Tanvir Aunjum Sunny","2026-04-23 12:38:17",373.0,2,tanvir030
2319,15693102,"Bart Simpson","2026-04-23 23:02:01",372.2,2,bartsimpson111
2320,15853110,"Sean Ramirez","2026-05-07 13:38:32",372.2,2,seanramirez904
2321,15635341,"Yogesh Jadhav","2026-05-05 06:23:20",371.7,2,dynamo14324
2322,15675981,"Kapil Shastri","2026-05-10 16:30:11",371.1,2,kapilshastri
2323,15925675,Virtute,"2026-05-11 17:00:17",371.0,1,nameless001
2324,15866982,"Owen F","2026-05-05 22:09:02",370.5,2,ofkctw
2325,15872641,Solo,"2026-05-06 08:56:37",370.5,1,solosolo
2326,15735401,"Shivam Atri","2026-04-30 08:49:31",369.6,1,shivamatri001
2327,15907808,"Tanish Jain","2026-05-09 18:41:10",368.2,1,tanishjain0001
2328,15929063,SY7csc,"2026-05-11 14:38:31",368.1,1,sy7csc
2329,15694640,"Petr Kushnir","2026-04-22 09:11:32",367.7,1,petrkushnir
2330,15825802,"Shirakami Fubuki","2026-05-09 19:45:49",367.3,1,svenjansen
2331,15736895,"Alan C52","2026-05-10 22:43:38",366.8,2,alanc52
2332,15758934,moneyinthebank,"2026-04-28 11:59:40",366.5,1,moneyinthebank
2333,15633620,"Mudit Chaturvedi","2026-05-08 14:02:13",366.4,2,muchat007
2334,15671582,milkcoffeen,"2026-04-21 16:16:39",366.2,2,milkcoffeen
2335,15824706,MoGa-in-Orbit,"2026-05-05 11:34:16",365.9,2,"roopsasen,shreyabhatt27"
2336,15827519,"Felix M Neumann","2026-05-11 15:44:53",365.4,1,felixmneumann
2337,15747375,Dreamurr,"2026-05-10 11:45:22",364.5,2,dreamurr
2338,15657491,"Corentin Lespagnol","2026-05-05 09:00:18",361.9,2,lespagnolcorentin
2339,15852068,webjdi,"2026-05-05 17:57:45",361.5,2,webjdi
2340,15663900,"Luis Uriel Pimentel Perez","2026-04-24 21:26:33",361.3,2,luisuriel14
2341,15870978,Madhav,"2026-05-08 01:52:24",360.4,1,madhavjha123
2342,15924098,"Alberto Avila Esqueda","2026-05-11 05:22:00",360.2,1,albertoavilaesqueda
2343,15637682,Takuma,"2026-05-07 16:33:29",360.2,2,takumatsujigatai
2344,15926108,"Darshan Rathod","2026-05-11 16:07:25",359.8,1,ddr1994
2345,15663032,KiranReddy89,"2026-04-21 02:12:22",359.7,2,kiranreddy89
2346,15690411,"Uzma Aasiya","2026-04-22 08:18:09",359.7,2,uzmaaasiya
2347,15698829,SoumilGupta04,"2026-04-22 17:32:26",359.5,2,soumilgupta04
2348,15664358,"SARTHAK MISHRA","2026-04-22 05:07:32",359.2,2,sarthakmukeshmishra
2349,15668156,"Kicaw Mania","2026-04-28 18:20:09",358.7,2,"dapvn07p,vincentiusgianjunius"
2350,15715297,Ashutoshjha,"2026-04-23 15:17:52",358.1,2,ashutosjha
2351,15633481,numerius,"2026-04-17 05:52:57",357.7,2,krishnameda
2352,15663968,"Gourav Binoj","2026-05-08 14:37:15",357.6,2,gouravbinoj
2353,15828944,"Joseph Joseph","2026-05-02 14:26:35",357.4,1,bytejoseph
2354,15662135,"Janio Gomes Ribeiro","2026-04-28 03:32:19",356.5,2,janiogomesribeiro
2355,15825481,wanghaoxuasn,"2026-05-03 13:41:01",356.1,1,wanghaoxuasn
2356,15888042,StudyExchange,"2026-05-11 16:59:54",356.0,2,studyexchange
2357,15664977,Creator,"2026-05-10 07:10:30",355.1,2,dev4585
2358,15827289,"Anurag Patil","2026-05-03 09:40:56",354.6,2,anuragsp
2359,15888559,Ahmnonymous,"2026-05-10 10:27:33",351.9,1,ahmedrazajjj
2360,15819433,"Janaki Abhaya Kumar","2026-05-09 19:50:48",351.5,2,janakiakumar
2361,15636883,Yurnero,"2026-04-17 10:04:47",350.3,1,samson8
2362,15670563,martial,"2026-04-21 12:52:49",350.0,2,martial
2363,15832807,pardoshi,"2026-05-05 16:53:59",349.3,2,pardoshi
2364,15672630,Sawedge,"2026-04-30 14:36:00",349.3,1,sawedge
2365,15656599,"Luu Chen","2026-04-20 08:51:30",348.9,2,chenluu1011
2366,15706816,"Raj Vermaa.1","2026-04-29 07:29:03",348.5,2,rajvermaa1
2367,15723500,"Namuun Purevbayar","2026-05-08 12:30:08",348.4,2,namuunpurevbayar
2368,15662801,StarWarrior,"2026-05-08 04:12:02",347.7,2,"ahmed5030,jasht14,shubharuidas"
2369,15663000,"Michael Neath","2026-05-01 12:26:43",346.7,2,mikeneath
2370,15731353,GryStn,"2026-05-01 01:26:39",346.5,2,grystn
2371,15859356,"Wilfred maillot","2026-05-06 07:19:01",345.2,2,wilfredmaillot
2372,15652539,"Matthew Drape","2026-04-19 16:12:02",345.0,2,matthewdrape
2373,15747821,"Vishal Joseph","2026-05-02 22:58:08",344.0,2,joerabbit
2374,15705288,"Tisha Nandeshwar","2026-04-23 03:36:25",343.7,1,tishanandeshwar
2375,15661153,RajKumar_Goud,"2026-05-05 18:01:29",343.4,2,rajkumargoud78963
2376,15862202,Aryan_Raj,"2026-05-07 05:50:24",342.3,2,nemesis004
2377,15853098,millions,"2026-05-10 17:03:25",342.2,2,jahaanvarandani
2378,15664509,"Ivan Sabev","2026-04-24 16:51:14",342.1,2,ivansabev
2379,15736642,princegarg86844,"2026-04-25 08:31:34",340.8,1,princegarg86844
2380,15642547,"Isha Sarvani ","2026-04-18 08:06:41",339.7,2,ishasarvani
2381,15861619,"Rajput Shivam Singh","2026-05-07 12:12:26",339.4,2,mrwhitedevil4
2382,15860707,Rostock,"2026-05-08 07:39:06",338.9,2,timmi22194
2383,15764219,"Aml Waleed.","2026-04-28 10:28:22",338.8,1,amlwaleed
2384,15734269,"Y Prashant R K Reddy","2026-04-27 06:01:52",338.8,2,yprashantrkreddy
2385,15744230,"Shezan Ali","2026-04-27 08:41:53",338.5,2,shezanali
2386,15906328,"Adarsh Kaushik","2026-05-09 08:18:53",337.1,1,adarshkaushik844
2387,15885379,"MULI KALYAN KUMAR REDDY ","2026-05-07 11:27:40",336.2,2,mulikalyankumarreddy
2388,15726898,Brijesh4704,"2026-04-24 07:04:08",335.6,1,brijesh4704
2389,15785176,"Sumedh Vispute","2026-04-30 03:46:06",333.6,2,sumedhvispute
2390,15695779,"K Vignesh","2026-04-24 01:29:08",332.5,2,kvignesh1
2391,15783840,GIMMy,"2026-05-10 18:20:07",330.0,2,"atharvashelke,priyamsharma2212"
2392,15668981,"Sachin Coding1","2026-04-21 14:15:45",329.7,2,sachincoding1
2393,15783906,"Virtix Studio","2026-05-11 01:39:12",329.6,2,virtixstudio
2394,15650947,"Rensei K","2026-05-04 15:56:21",328.6,2,renseikazuhama
2395,15753896,"Tameem alshomari","2026-05-11 05:29:17",328.4,2,tameemalshomari
2396,15644784,"Maram Ali","2026-04-21 11:23:38",328.1,2,msama01
2397,15695268,"SM.Hossien AS.Ghafoor","2026-05-06 21:51:29",326.6,2,smhasg
2398,15636047,baoly1309,"2026-05-11 15:18:30",324.2,2,baoly1309
2399,15637036,Async,"2026-05-05 11:31:52",322.4,2,"ibukitanaka,k1y0sh1"
2400,15731833,"Hugo Gascon","2026-05-08 20:19:11",321.7,2,hugogascon
2401,15657472,"YUANG RAN","2026-04-22 07:27:15",321.4,2,yuangran
2402,15663873,"Kalyan Chowdary","2026-04-21 08:29:34",320.9,2,kalyanchowdary82
2403,15686111,Jihosng,"2026-04-24 08:31:04",319.0,1,jihosng
2404,15702044,"Madhuwantha Priyashan","2026-05-07 15:24:31",318.3,2,madhuwanthapriyashan
2405,15776329,"Himanshu Dhiman","2026-04-29 06:27:58",316.8,1,hmnshudhmn24
2406,15635432,"Miyashita Mizuki","2026-04-22 12:58:34",316.8,1,miyashitamizuki
2407,15825642,"Simone Maranta","2026-05-02 12:42:41",316.4,1,simonemaranta
2408,15914115,"William R","2026-05-09 22:01:51",315.2,1,williamrob
2409,15828463,"Joep van Opdorp","2026-05-09 20:06:56",313.8,2,joepvanopdorp
2410,15672396,"Jakub Śniegocki","2026-05-10 23:23:15",313.0,1,jakubniegocki
2411,15738192,Aldrin,"2026-05-11 06:28:20",311.8,2,aldrin
2412,15723840,"Rubeni mathayo labu","2026-04-25 11:18:28",311.7,2,rubenimathayolabu
2413,15860528,Hamish,"2026-05-09 05:50:11",311.2,2,hamishdickson
2414,15839980,"Aghazie David","2026-05-09 16:02:28",310.7,2,aghaziedavid
2415,15837533,A_4GBRam,"2026-05-07 19:39:27",310.3,2,a4gbram
2416,15791028,"Max McNeal","2026-05-11 14:50:16",309.5,2,maxmcneal
2417,15854689,kavin0x,"2026-05-03 20:38:33",309.1,2,"kthecoder1,sashvathnanda"
2418,15640911,Sheeesh---,"2026-05-09 12:15:07",307.5,1,hamzaaitmohamed
2419,15905790,Arooran,"2026-05-10 14:50:35",306.0,2,arooransivakarunai
2420,15869266,Tasmim,"2026-05-08 16:56:00",299.2,2,tasmim
2421,15829754,"Ben Huber","2026-05-02 23:04:29",298.1,2,benhub3r
2422,15922728,pantrucas,"2026-05-11 02:03:37",297.0,2,pantrucas
2423,15654084,T.Kawahara,"2026-04-20 06:58:56",296.1,1,kawaharataishi
2424,15664394,"Ujjawal Kumar shah","2026-05-03 02:36:41",295.1,2,uzwalsah
2425,15670539,"Jackline Mutheu","2026-04-22 14:56:44",293.6,2,jacklinemutheu
2426,15669790,"Daniel Hart","2026-04-25 02:26:49",293.0,2,alifeinartifyai
2427,15636369,taniguchi1618,"2026-04-20 03:31:08",292.2,2,takumataniguchi
2428,15841524,majmichu1,"2026-05-03 22:02:31",290.7,2,majmichu1
2429,15773008,yjan,"2026-05-09 01:10:00",288.5,2,ynmrjava
2430,15633593,VITALIY,"2026-05-10 06:51:59",287.0,2,vitaliytserenov
2431,15857265,"Team Zenos","2026-05-06 10:50:35",286.4,1,"havishkanamarlapudi,sneakyrat,yuvatejayoyo"
2432,15669427,"Ivan Vivares","2026-04-28 05:49:52",284.3,2,ivanvivares
2433,15660928,Joshua,"2026-05-09 03:45:40",284.1,2,michaelneilly
2434,15872639,Spiritmilk,"2026-05-10 14:15:58",282.2,2,act18l
2435,15927096,"Infrared fall","2026-05-11 11:13:28",281.0,1,infraredfall
2436,15917450,ZhuYing,"2026-05-10 15:57:44",276.9,2,zzoeyyyyy
2437,15844927,"Nguyên Bảo Trương","2026-05-05 15:30:53",276.9,2,nguynbotrng
2438,15830792,FabianPlaehn,"2026-05-07 08:53:45",274.2,2,fabianplaehn
2439,15646161,"Mariano Del Rio Angulo","2026-04-30 07:27:37",269.6,2,marianodelrioangulo
2440,15703723,"Dheeraj Sahi","2026-04-26 09:08:28",267.0,2,dheerajsahi
2441,15843513,wenjiejie,"2026-05-04 06:35:20",265.8,2,wenjiejie
2442,15740507,"Jaime Uclés","2026-04-29 18:19:52",265.0,2,jaimecastillo
2443,15823562,"Moh Notif","2026-05-09 19:21:38",263.4,2,mohnotif
2444,15649181,techtech69,"2026-05-11 03:36:10",262.8,2,techtech69
2445,15735874,"Deval Rathod","2026-05-10 06:05:26",262.4,2,devalrathod
2446,15767131,"IJAYA Kunle","2026-05-05 13:01:28",262.3,2,ijayakunle
2447,15652190,WatMountain,"2026-04-21 14:42:47",254.6,2,phuongtheson
2448,15744070,Mohoraga,"2026-04-30 16:06:16",252.4,1,peerapatsetsuk
2449,15875078,aynzfqr,"2026-05-06 13:25:39",250.1,1,aynzfqr
2450,15672301,"Aleks Aleksander","2026-05-04 16:21:33",248.0,2,aleksaleksander
2451,15759739,Fusahiko@555,"2026-05-08 15:11:33",247.3,2,fusahuko555fusahiko
2452,15662618,"Alfonso Harding Jr","2026-04-21 22:44:15",244.1,2,alfonsohardingjr
2453,15661595,QuantumDrizzy,"2026-04-21 01:08:31",235.0,2,drizzyrdrgz
2454,15676808,"Svitlana Demianiuk","2026-04-22 22:09:55",231.5,2,svitlanademianiuk
2455,15851534,"Sabareenadh M","2026-05-05 07:01:19",230.2,2,sabareenadhm
2456,15922639,"Brytan Kelly","2026-05-11 01:12:52",224.7,2,brytankelly
2457,15730437,"Hồ Tuấn Khôi","2026-05-05 11:46:34",221.6,2,htunkhi
2458,15638680,tf,"2026-05-11 04:37:22",220.0,2,tfukuhara
2459,15652204,RMGough,"2026-04-25 08:43:34",215.8,2,rmgough
2460,15904616,"Trần Tùng Dương #2","2026-05-09 07:22:44",212.3,1,ziangtran123
2461,15831017,"Metehan Küçük","2026-05-02 18:52:08",212.3,2,aideveloper2024
2462,15811777,"Rabeya Noor","2026-05-01 09:55:00",211.9,2,rabeya100x
2463,15755184,ErwBal,"2026-05-03 22:50:23",204.1,2,erwbal
2464,15652050,"Dr/ameen Fayed","2026-04-28 19:33:35",202.0,2,aminmahmoudalifayed
2465,15672184,"Damon Rice","2026-05-03 23:49:22",200.1,1,damonrice
2466,15639960,"Gabriel Rodrigues De Andrade Salles","2026-04-17 19:19:53",200.0,2,gbsalles
2467,15794581,"Jorge Manrique","2026-05-06 13:07:43",197.9,2,jfmanrique
2468,15722720,"hamid chaouchi","2026-04-27 11:52:59",195.1,1,hamidchaouchi
2469,15672485,"Mas Eka Cirebon","2026-04-23 15:34:42",194.9,2,masekacirebon
2470,15654258,Luca,"2026-05-10 14:02:58",194.6,2,yijiey
2471,15662368,"João Paulo Jesus","2026-05-08 04:55:27",192.1,2,joopaulojesus
2472,15746510,Tenich,"2026-04-28 00:05:53",189.6,1,tenich
2473,15803740,Alex,"2026-05-01 00:18:14",187.5,2,computie
2474,15899895,pontifexd,"2026-05-09 15:28:13",185.5,2,pontifexd
2475,15752019,MisterJBro,"2026-04-29 08:42:45",185.2,2,misterjbro
2476,15855318,"Ethan Fung","2026-05-05 04:13:34",183.6,1,hochroticef07
2477,15695711,"Gregory Cornell Johnson Jr","2026-05-09 08:32:41",182.9,2,axiomepmhm
2478,15775864,MONSTERDOG✴︎AI,"2026-04-29 05:52:42",180.2,1,aicompagnonx
2479,15815310,a312109,"2026-05-03 07:53:06",179.9,1,a312109
2480,15662560,reyGuerrasOrbitais,"2026-04-24 07:45:02",179.7,2,natliaqueiroz
2481,15691001,Vivek_1124,"2026-04-22 06:07:47",176.7,1,vivek1124
2482,15730184,"stathis maurog","2026-05-04 21:34:40",174.5,2,stathismaurog
2483,15696657,Lwenwu,"2026-04-23 15:17:06",174.1,2,lwenwu
2484,15729396,"Gerrit Zanen","2026-04-25 17:43:14",172.7,2,gerritzanen
2485,15639853,"Zening Piao","2026-04-20 05:37:45",170.1,2,zeningpiao
2486,15812652,huyenpham_12,"2026-05-04 09:25:11",169.6,2,huyenpham12
2487,15738901,"L K Vaibhav ","2026-04-27 13:32:48",169.3,2,lkvaibhav
2488,15891456,"Nate Hancock","2026-05-08 11:43:04",167.9,2,natehancock
2489,15698324,mmrbulbul,"2026-04-25 13:47:18",164.6,1,mmrbulbul
2490,15745567,Dementia,"2026-04-27 12:35:58",162.9,2,"levrymarev,tmitmi1999"
2491,15656028,grassysgrotto,"2026-04-25 13:15:25",161.6,2,grassysgrotto
2492,15789170,doublek,"2026-05-08 07:40:35",161.4,2,doublek
2493,15672564,adelelsayed,"2026-05-11 16:59:07",160.7,1,adelelsayed
2494,15633845,OsamaSarhan,"2026-05-02 18:45:12",160.7,2,osamasarhan
2495,15656508,"Liviu Olos","2026-04-29 05:25:54",160.7,2,liviuolos
2496,15719078,"J C CHARAN SAI","2026-04-27 11:44:41",160.5,2,cherry1561
2497,15898931,divinesouljoy,"2026-05-08 16:58:40",160.5,2,divinesouljoy
2498,15663191,"Wanda Sajili","2026-04-21 01:01:34",160.2,1,wandasajili
2499,15670899,Chuck,"2026-04-22 06:46:51",158.4,2,chukwumaogeonunkwo
2500,15673022,"John Briery","2026-05-11 06:06:53",156.8,2,johnbriery
2501,15891261,AIOPSAI,"2026-05-09 10:23:18",155.9,1,aiopsai
2502,15658817,"Tra Crew","2026-04-23 05:24:11",155.9,2,tracrew
2503,15886440,"Malaika Ijaz","2026-05-09 06:15:34",155.6,2,malaikaijaz2027
2504,15688766,Nuclei,"2026-04-23 13:33:20",155.5,2,sahajsaliya
2505,15643143,Ichigo_E,"2026-05-05 12:56:20",155.4,2,ichigoe
2506,15683831,"giancarlo neves","2026-04-23 02:24:18",155.1,1,giancarloneves
2507,15767081,FutaArahori,"2026-04-28 23:02:50",153.4,1,futa1arahori
2508,15723477,"caio fitipaldi","2026-04-24 00:52:26",152.8,1,caiofitipaldi
2509,15823227,Francisco_Robledo,"2026-05-04 00:23:25",152.7,2,franciscorole
2510,15662914,lalaskeith,"2026-04-20 23:42:46",151.1,1,londonkeithmhlanga
2511,15911467,CleoCantCompete,"2026-05-10 20:24:10",150.2,1,cleocantcompete
2512,15694063,Manvendra,"2026-05-03 06:35:19",149.8,1,manvendrayadav23
2513,15661446,"Ivo Guerreiro Rosa","2026-05-10 19:18:17",149.7,2,ivoguerreirorosa
2514,15671794,"Eduardo Carvalho","2026-05-10 20:38:23",148.8,2,eduardompc
2515,15667266,"Navoneel Bhattacharya","2026-04-21 10:11:55",142.7,2,navoneeldev
2516,15637582,"Alif Sathar","2026-04-17 11:47:16",141.6,1,alifsathar
2517,15662192,"Mansour A. S. Ataa","2026-04-20 21:34:37",141.0,1,profmansoor
2518,15672988,Pro_Analyst,"2026-04-27 10:43:20",140.2,2,alkakumari1234
2519,15766738,"ismael hamdy","2026-04-30 10:37:13",135.5,2,ismaelhamdy
2520,15750726,"Shengyuan Yin","2026-05-11 03:44:04",130.5,1,flaming0
2521,15708763,killer9ueen,"2026-04-23 11:58:10",129.7,2,killer9ueen
2522,15659657,coc.97,"2026-05-05 11:23:31",119.4,2,joshdilipkumarpatel
2523,15672444,surumenDD,"2026-05-03 14:11:17",101.9,2,surumendd
2524,15807656,wakka53,"2026-05-01 05:37:30",98.7,1,wakka53
2525,15656577,kirinCool,"2026-05-07 15:24:18",97.0,2,kirincool
2526,15654119,"Ayush Khaire","2026-04-29 23:48:52",88.7,2,ayushkhaire
2527,15902739,"Ghazaros Barseghyan","2026-05-08 20:50:41",66.9,1,ghazarosbarseghyan91
