tree
version=v4
num_class=1
num_tree_per_iteration=1
label_index=0
max_feature_idx=14
objective=regression_l1
feature_names=Column_0 Column_1 Column_2 Column_3 Column_4 Column_5 Column_6 Column_7 Column_8 Column_9 Column_10 Column_11 Column_12 Column_13 Column_14
feature_infos=[2:13508] [0:69] [0:1] [0:1] [0:1] [0:1] [0:1] [0:1] [-0.99949556589126587:1] [1:5] [1:5] [11.706787109375:65.063674926757812] [13.559249877929688:65.244720458984375] [0:117.40366363525391] [0.49983704090118408:7871.98388671875]
tree_sizes=2708 2792 2846 2858 2839 2831 2839 2826 2847 2835 2828 2839 2858 2856 2849 2858 2866 2855 2857 2868 2860 2867 2851 2848 2864 2845 2861 2849 2855 2841 2873 2872 2865 2862 2845 2856 2863 2859 2853 2848 2859 2863 2838 2827 2844 2863 2855 2852 2854 2848 2823 2836 2873 2832 2836 2848 2841 2844 2834 2840 2841 2855 2834 2798 2862 2837 2846 2848 2856 2861 2853 2844 2845 2838 2886 2823 2847 2846 2812 2792 2865 2830 2831 2856 2814 2842 2810 2820 2830 2840 2771 2812 2786 2806 2772 2861 2811 2803 2802 2826 2797 2836 2811 2792 2825 2772 2818 2767 2755 2816 2780 2771 2791 2799 2790 2763 2796 2774 2796 2821 2842 2781 2829 2765 2790 2850 2798 2803 2810 2803 2831 2800 2807 2806 2803 2785 2799 2800 2789 2785 2785 2815 2805 2791 2861 2769 2825 2812 2799 2817 2817 2809 2785 2797 2794 2773 2781 2768 2791 2773 2788 2789 2786 2789 2811 2743 2762 2758 2756 2784 2778 2771 2830 2791 2747 2775 2795 2790 2780 2845 2843 2788 2796 2827 2802 2755 2783 2790 2749 2730 2795 2783 2801 2808 2802 2824 2778 2782 2763 2781 2778 2769 2802 2770 2802 2798 2806 2848 2821 2776 2749 2811 2803 2770 2849 2789 2802 2767 2784 2796 2780 2730 2712 2719 2765 2765 2732 2734 2730 2744 2841

Tree=0
num_leaves=31
num_cat=0
split_feature=4 13 9 13 13 0 8 13 9 12 8 13 8 13 1 12 0 13 10 7 13 13 0 0 12 9 12 13 0 13
split_gain=634.516 388.339 332.083 177.158 166.201 122.789 95.2268 79.0897 74.3722 65.3534 64.7973 48.7876 47.5655 47.2541 44.3142 42.4606 41.8612 41.8457 39.0418 34.5588 36.7347 32.9303 39.5477 42.7732 33.3942 32.0142 30.8662 64.8907 34.1015 31.0031
threshold=1.0000000180025095e-35 96.76904678344728 3.5000000000000004 25.316832542419437 67.249572753906264 31.500000000000004 0.034528613090515144 27.180653572082523 1.5000000000000002 31.008303642272953 0.0072203108575195083 68.205932617187514 0.077254641801118865 69.477321624755874 6.5000000000000009 34.100557327270515 470.50000000000006 80.965160369873061 2.5000000000000004 1.0000000180025095e-35 39.868719100952156 84.021179199218764 42.500000000000007 56.500000000000007 55.622457504272468 2.5000000000000004 47.980693817138679 59.204015731811531 24.500000000000004 79.462242126464858
decision_type=2 2 2 2 2 2 2 2 2 2 2 2 2 2 2 2 2 2 2 2 2 2 2 2 2 2 2 2 2 2
left_child=1 2 5 15 7 6 11 -4 -8 -9 -5 -1 14 25 -6 -2 17 -14 -12 -11 -21 24 -23 -24 -15 -7 27 28 -10 -28
right_child=3 -3 4 10 12 13 8 9 26 19 18 -13 16 21 -16 -17 -18 -19 -20 20 -22 22 23 -25 -26 -27 29 -29 -30 -31
leaf_value=64.775000000000006 64.599999999999994 64.700000000000003 80.549999999999997 58.549999999999997 73.625 65.049999999999997 64.200000000000003 65.200000000000003 65.275000000000006 69.099999999999994 65.700000000000003 67.650000000000006 67.950000000000003 71.700000000000003 68.950000000000003 73.049999999999997 76.099999999999994 65.650000000000006 60.549999999999997 72.599999999999994 62.899999999999999 64.700000000000003 69.700000000000003 63.899999999999999 66 67.599999999999994 66.799999999999997 64.849999999999994 67.400000000000006 64.849999999999994
leaf_weight=2318 448 547 423 1049 1258 1497 535 1277 164 4274 368 392 763 597 455 374 545 280 3150 163 585 80 59 33 165 1579 217 451 102 146
leaf_count=2318 448 547 423 1049 1258 1497 535 1277 164 4274 368 392 763 597 455 374 545 280 3150 163 585 80 59 33 165 1579 217 451 102 146
internal_value=65.9999 66.0042 66.0055 65.9848 66.0116 65.9981 65.9922 66.0071 65.9826 66.0057 65.9809 65.998 66.0208 66.0044 66.0266 66.0061 66.0145 66.0087 65.9842 66.0082 65.9983 66.0142 65.9945 66.0168 66.0187 66.0014 65.9902 65.9842 66.0038 66.0021
internal_weight=24294 18905 18358 5389 10023 8335 4325 6722 1615 6299 4567 2710 3301 4010 1713 822 1588 1043 3518 5022 748 934 172 92 762 3076 1080 717 266 363
internal_count=24294 18905 18358 5389 10023 8335 4325 6722 1615 6299 4567 2710 3301 4010 1713 822 1588 1043 3518 5022 748 934 172 92 762 3076 1080 717 266 363
is_linear=0
shrinkage=1


Tree=1
num_leaves=31
num_cat=0
split_feature=4 13 9 13 13 0 8 13 9 12 8 0 13 13 13 7 12 14 14 7 13 13 13 12 9 0 12 13 13 6
split_gain=595.368 358.529 309.27 163.468 155.988 107.704 87.0839 70.1031 68.949 63.9232 63.4023 51.6467 64.9173 47.2548 43.1813 41.2269 40.01 34.7439 31.6863 31.3361 35.3731 29.7877 54.5079 33.9714 29.6537 28.057 27.5904 53.9461 31.0031 37.9757
threshold=1.0000000180025095e-35 96.76904678344728 3.5000000000000004 25.316832542419437 67.249572753906264 31.500000000000004 0.034528613090515144 27.180653572082523 1.5000000000000002 31.008303642272953 0.005025252467021347 31.500000000000004 79.111354827880874 68.205932617187514 69.477321624755874 1.0000000180025095e-35 34.100557327270515 20.587439537048343 239.26496124267581 1.0000000180025095e-35 38.71028137207032 88.409530639648452 92.21045303344728 55.998853683471687 2.5000000000000004 42.500000000000007 47.980693817138679 59.204015731811531 79.462242126464858 1.0000000180025095e-35
decision_type=2 2 2 2 2 2 2 2 2 2 2 2 2 2 2 2 2 2 2 2 2 2 2 2 2 2 2 2 2 2
left_child=1 2 5 16 7 6 13 -4 -8 -9 -5 12 -6 -1 24 -13 -2 -14 -12 -11 -21 23 -23 -16 -7 -24 27 -10 29 -28
right_child=3 -3 4 10 11 14 8 9 26 19 18 15 17 -15 21 -17 -18 -19 -20 20 -22 22 25 -25 -26 -27 28 -29 -30 -31
leaf_value=-1.1637500000000003 -1.3299999999999998 -1.2350000000000003 13.8225 -7.0775000000000006 2.1524999999999999 -0.90249999999999986 -1.7100000000000002 -0.76000000000000023 0.2612499999999997 2.9450000000000003 -4.2774999999999999 7.0356250000000005 1.0924999999999998 1.5674999999999999 4.915 -3.3975000000000004 6.6974999999999998 -0.63250000000000028 -7.6025000000000009 6.4700000000000006 -2.895 -1.2350000000000003 -1.7350000000000003 -0.40000000000000002 1.5200000000000005 4.915 -5.2400000000000002 -1.0924999999999998 -1.0924999999999998 0.96000000000000019
leaf_weight=2318 448 547 423 975 586 1497 535 1277 266 4274 3072 2298 136 392 650 62 374 219 520 149 599 58 31 148 1579 47 56 451 146 161
leaf_count=2318 448 547 423 975 586 1497 535 1277 266 4274 3072 2298 136 392 650 62 374 219 520 149 599 58 31 148 1579 47 56 451 146 161
internal_value=-2.67555e-05 0.00415232 0.00534097 -0.0146871 0.011259 -0.00177562 -0.00724839 0.00688773 -0.0164386 0.00556429 -0.0183815 0.0201599 0.010254 -0.00177115 0.00412708 0.0241091 0.00583871 -0.00661785 -0.0153114 0.00810418 -0.00133672 0.0135424 -0.00808229 0.0172284 0.00126784 0.0192061 -0.00916582 -0.0148515 0.00206555 0.0140488
internal_weight=24294 18905 18358 5389 10023 8335 4325 6722 1615 6299 4567 3301 941 2710 4010 2360 822 355 3592 5022 748 934 136 798 3076 78 1080 717 363 217
internal_count=24294 18905 18358 5389 10023 8335 4325 6722 1615 6299 4567 3301 941 2710 4010 2360 822 355 3592 5022 748 934 136 798 3076 78 1080 717 363 217
is_linear=0
shrinkage=0.05


Tree=2
num_leaves=31
num_cat=0
split_feature=4 9 0 8 12 10 8 11 10 7 9 8 0 1 14 10 0 0 8 0 12 8 1 14 0 1 14 10 8 0
split_gain=548.781 305.714 154.776 147.744 95.1201 102.919 88.7571 76.9169 76.7307 68.2222 55.3978 39.2675 49.8035 51.7385 38.995 36.7791 32.9516 31.1052 30.2363 28.6548 28.5977 26.0848 23.9037 23.8586 25.9006 23.1107 23.0223 22.8633 22.7274 22.5499
threshold=1.0000000180025095e-35 3.5000000000000004 31.500000000000004 0.034270063042640693 40.618124008178718 3.5000000000000004 0.0072203108575195083 48.928390502929695 1.5000000000000002 1.0000000180025095e-35 1.5000000000000002 -0.86602646112442005 67.500000000000014 5.5000000000000009 199.13657379150393 2.5000000000000004 23.500000000000004 301.50000000000006 -0.92228758335113514 50.500000000000007 49.312675476074226 -0.9793732464313506 6.5000000000000009 27.99890232086182 32.500000000000007 2.5000000000000004 26.878417968750004 1.5000000000000002 0.025052301585674289 17.500000000000004
decision_type=2 2 2 2 2 2 2 2 2 2 2 2 2 2 2 2 2 2 2 2 2 2 2 2 2 2 2 2 2 2
left_child=1 2 3 21 16 23 17 10 -8 11 -5 -7 -13 25 -10 26 -3 18 -2 -16 -12 -1 -18 24 -6 -14 -4 -23 -17 -9
right_child=6 4 15 7 5 9 8 29 14 -11 20 12 13 -15 19 28 22 -19 -20 -21 -22 27 -24 -25 -26 -27 -28 -29 -30 -31
leaf_value=1.8944374999999998 -3.9736250000000002 -0.47199999999999992 0.19262500000000032 -1.5745000000000002 -0.65212500000000029 8.0477500000000006 18.078875 -2.0245000000000002 -2.963625 -4.2502500000000003 -0.48787499999999967 0.69487499999999969 9.7742343750000007 1.4007187500000002 -1.6973750000000001 2.7433125000000005 2.0780000000000003 -25.137375000000002 -4.4236250000000004 -8.1473750000000003 0.78706250000000044 -4.6555625000000012 -0.52199999999999991 -1.0732500000000003 1.8838437500000003 6.9669687500000013 -1.7066874999999997 -0.73056250000000034 0.50593749999999993 -1.4988750000000002
leaf_weight=484 240 777 236 307 190 1005 101 330 3338 265 667 1412 914 491 183 1752 2569 187 738 602 128 56 809 280 194 1370 334 2155 1704 476
leaf_count=484 240 777 236 307 190 1005 101 330 3338 265 667 1412 914 491 183 1752 2569 187 738 602 128 56 809 280 194 1370 334 2155 1704 476
internal_value=-0.00018523 0.00382701 -0.00311156 -0.00937412 0.00965347 0.0136168 -0.0142603 -0.0200199 -0.0108899 0.0158784 -0.0114327 0.0171414 0.0150104 0.0189002 -0.0119449 0.00404858 0.00381459 -0.0264784 -0.0229015 -0.0219717 -0.00446485 -0.00183667 0.00595009 -0.00496913 0.00312419 0.0220656 -0.00771794 -0.00413821 0.00598941 -0.0317578
internal_weight=24294 18905 8629 4603 10276 6121 5389 1908 4224 5457 1102 5192 4187 2775 4123 4026 4155 1165 978 785 795 2695 3378 664 384 2284 570 2211 3456 806
internal_count=24294 18905 8629 4603 10276 6121 5389 1908 4224 5457 1102 5192 4187 2775 4123 4026 4155 1165 978 785 795 2695 3378 664 384 2284 570 2211 3456 806
is_linear=0
shrinkage=0.05


Tree=3
num_leaves=31
num_cat=0
split_feature=4 13 9 13 13 0 8 13 8 5 9 13 11 13 7 2 10 10 13 8 14 1 10 2 1 8 13 13 0 0
split_gain=517.251 331.68 261.46 146.464 126.992 94.8366 82.5622 68.7691 66.0159 61.5119 59.8658 49.7465 45.2237 44.071 40.6472 40.3594 36.0281 31.8857 31.7697 30.3895 29.8416 29.3101 29.0153 38.3332 31.0006 30.3348 27.8566 27.0116 26.9954 24.9491
threshold=1.0000000180025095e-35 96.76904678344728 3.5000000000000004 25.316832542419437 67.249572753906264 31.500000000000004 0.034528613090515144 27.180653572082523 0.005025252467021347 1.0000000180025095e-35 1.5000000000000002 75.428649902343764 35.80696105957032 68.205932617187514 1.0000000180025095e-35 1.0000000180025095e-35 2.5000000000000004 2.5000000000000004 56.56267166137696 -0.35805164277553553 16.304504394531254 6.5000000000000009 3.5000000000000004 1.0000000180025095e-35 6.5000000000000009 -0.95647868514060963 80.424057006835952 32.328477859497077 68.500000000000014 239.50000000000003
decision_type=2 2 2 2 2 2 2 2 2 2 2 2 2 2 2 2 2 2 2 2 2 2 2 2 2 2 2 2 2 2
left_child=1 2 5 16 7 6 13 -4 29 11 -8 15 -13 -1 22 -6 -2 -10 -7 -20 -14 -11 -9 -24 -25 -26 -22 -16 -19 -5
right_child=3 -3 4 8 9 18 10 14 17 21 -12 12 20 -15 27 -17 -18 28 19 -21 26 -23 23 24 25 -27 -28 -29 -30 -31
leaf_value=-1.0940343750000003 19.859681250000001 -1.1406437500000004 13.027474999999999 -3.8136937500000005 2.9209750000000003 -0.21700625000000004 -1.5457750000000001 -0.54858749999999934 -0.12294374999999996 8.3996257812500001 -0.5634812499999996 -0.75232187500000025 1.5454812499999997 1.5256531250000003 8.8575999999999997 -4.5501625000000008 0.72118125000000033 -2.6154437499999998 5.4944593749999999 0.49395312499999949 1.2562249999999999 3.4924875000000002 1.9764441406250004 3.4438500000000007 4.4953625000000006 -1.6471499999999999 -0.28561875000000042 -2.685025 -6.2654437500000002 -18.666756250000002
leaf_weight=2318 80 547 423 754 366 1877 535 491 375 1606 1080 230 245 392 94 52 742 1058 790 1343 114 415 352 3347 203 914 273 898 2159 221
leaf_count=2318 80 547 423 754 366 1877 535 491 375 1606 1080 230 245 392 94 52 742 1058 790 1343 114 415 352 3347 203 914 273 898 2159 221
internal_value=-0.000168765 0.00372651 0.00486978 -0.0138335 0.0103112 -0.00167365 -0.00680909 0.00636706 -0.0173305 0.0183424 -0.0157575 0.00976486 0.0028999 -0.00147596 0.00505628 0.0239177 0.00559543 -0.0141978 0.00386524 0.00803994 0.00980857 0.0237742 0.00679279 0.00797326 0.00672028 -0.000492346 0.00116249 -0.00423344 -0.0158062 -0.0288688
internal_weight=24294 18905 18358 5389 10023 8335 4325 6722 4567 3301 1615 1280 862 2710 6299 418 822 3592 4010 2133 632 2021 5307 4816 4464 1117 387 992 3217 975
internal_count=24294 18905 18358 5389 10023 8335 4325 6722 4567 3301 1615 1280 862 2710 6299 418 822 3592 4010 2133 632 2021 5307 4816 4464 1117 387 992 3217 975
is_linear=0
shrinkage=0.05


Tree=4
num_leaves=31
num_cat=0
split_feature=4 9 0 8 12 10 8 11 10 7 12 8 1 0 8 8 14 0 8 9 9 10 10 12 1 1 1 2 11 12
split_gain=485.44 257.746 124.819 121.688 91.6282 90.194 89.2291 78.0048 70.144 59.5088 52.1256 38.9866 44.1391 49.735 40.52 37.5697 37.531 34.0323 31.8512 31.4542 30.0825 28.5467 24.6735 22.8419 22.3096 22.3078 21.055 20.8451 20.5177 20.283
threshold=1.0000000180025095e-35 3.5000000000000004 31.500000000000004 0.034528613090515144 40.618124008178718 3.5000000000000004 0.0072203108575195083 48.928390502929695 1.5000000000000002 1.0000000180025095e-35 47.730339050292976 -0.86602646112442005 5.5000000000000009 68.500000000000014 0.077254641801118865 0.14845097064971927 350.76643371582037 301.50000000000006 -0.93743476271629322 1.5000000000000002 4.5000000000000009 2.5000000000000004 1.5000000000000002 51.468818664550788 6.5000000000000009 5.5000000000000009 2.5000000000000004 1.0000000180025095e-35 49.12916564941407 23.804891586303714
decision_type=2 2 2 2 2 2 2 2 2 2 2 2 2 2 2 2 2 2 2 2 2 2 2 2 2 2 2 2 2 2
left_child=1 2 3 22 20 -6 17 10 -8 11 19 25 13 14 23 28 -10 18 -2 -5 -3 -4 -1 -13 -22 -7 -15 -14 -16 -24
right_child=6 4 21 7 5 9 8 -9 16 -11 -12 12 27 26 15 -17 -18 -19 -20 -21 24 -23 29 -25 -26 -27 -28 -29 -30 -31
leaf_value=-3.8930826562500003 -3.5342590625000003 -0.120970625 -0.91050281249999976 -1.4684862500000002 -0.43361156250000016 10.144599960937501 17.181078437500002 -1.5412740625000003 -2.8846715624999999 -3.9034862499999998 0.26456781250000033 0.59903843750000019 1.5846340625000004 9.0868457812500001 -0.30160710937499985 0.89903843750000023 -6.6594621875000009 -23.142690312500001 -4.0617590625000002 -0.5797759375 2.3216575000000006 1.1366960937500001 -2.8393326562500008 3.6408287304687508 -0.26604249999999968 5.3004450000000007 6.1986390234375008 0.62695152343750071 -0.85096156249999988 -0.1893326562500004
leaf_weight=57 211 2171 570 247 664 437 101 770 3747 265 321 387 175 912 104 163 376 187 767 532 1471 3456 21 170 513 568 1364 789 123 2655
leaf_count=57 211 2171 570 247 664 437 101 770 3747 265 321 387 175 912 104 163 376 187 767 532 1471 3456 21 170 513 568 1364 789 123 2655
internal_value=-0.000131719 0.00364187 -0.00272914 -0.00835307 0.00899174 0.0128817 -0.0133696 -0.0181808 -0.00999029 0.0149988 -0.00963549 0.0161784 0.0140551 0.0168626 0.0072326 -0.00512689 -0.010999 -0.0256201 -0.0218792 -0.0166217 0.00326105 0.00370085 -0.00162819 0.0158858 0.0077113 0.0250224 0.020869 0.00466757 -0.0182739 -0.000934195
internal_weight=24294 18905 8629 4603 10276 6121 5389 1870 4224 5457 1100 5192 4187 3223 947 390 4123 1165 978 779 4155 4026 2733 557 1984 1005 2276 964 227 2676
internal_count=24294 18905 8629 4603 10276 6121 5389 1870 4224 5457 1100 5192 4187 3223 947 390 4123 1165 978 779 4155 4026 2733 557 1984 1005 2276 964 227 2676
is_linear=0
shrinkage=0.05


Tree=5
num_leaves=31
num_cat=0
split_feature=2 13 13 3 9 13 0 10 9 8 13 12 13 11 13 12 14 14 10 12 1 13 12 9 12 13 14 9 0 10
split_gain=491.516 216.198 157.224 192.741 152.867 137.436 92.084 74.1762 67.0306 54.7851 48.1412 56.5899 54.7102 61.7844 41.6927 40.8781 38.3029 37.0521 37.0136 36.7267 36.1056 35.1782 35.1211 38.6804 32.5892 37.0686 32.0148 30.7112 47.9299 29.9556
threshold=1.0000000180025095e-35 68.440422058105483 96.76904678344728 1.0000000180025095e-35 2.5000000000000004 24.708065986633304 34.500000000000007 2.5000000000000004 4.5000000000000009 0.005025252467021347 79.111354827880874 47.702192306518562 57.484724044799812 37.301280975341804 74.361293792724624 32.98573303222657 10.814889430999758 350.76643371582037 4.5000000000000009 53.81341743469239 6.5000000000000009 36.43745422363282 55.998853683471687 2.5000000000000004 23.804891586303714 28.89953708648682 26.27635478973389 1.5000000000000002 29.500000000000004 3.5000000000000004
decision_type=2 2 2 2 2 2 2 2 2 2 2 2 2 2 2 2 2 2 2 2 2 2 2 2 2 2 2 2 2 2
left_child=2 8 3 5 27 15 7 -6 24 -7 11 12 -9 16 18 -1 -14 -11 -3 -20 21 -10 -16 -24 -2 -26 -12 28 -5 -8
right_child=1 14 -4 4 6 9 29 10 20 17 26 -13 13 -15 22 -17 -18 -19 19 -21 -22 -23 23 -25 25 -27 -28 -29 -30 -31
leaf_value=-1.5888004843749997 -3.1422030039062503 0.84215038769531247 -1.108413484375 -1.3950619375000004 -0.83939305468749981 -5.9586711093750004 1.2505474687500007 1.3279521152343752 11.860018375000001 -3.8404379843749994 0.54227792187500012 1.602368078125 1.2045379628906252 0.99368160937500072 7.5088371015625004 6.3189807656249997 -1.0063183906249993 -7.7937609531249992 8.5088371015625004 0.70883710156250013 -0.33941849999999968 3.6672771113281257 -8.2222614101562499 5.4801834531250009 5.4596497812500004 -0.061292927734375273 -0.66125098437500085 -0.4063183906249993 1.0124206640624991 2.8221155683593757
leaf_weight=362 92 550 563 498 344 976 428 206 305 3267 111 289 26 155 837 391 229 325 803 337 738 2095 66 267 465 7587 228 774 104 790
leaf_count=362 92 550 563 498 344 976 428 206 305 3267 111 289 26 155 837 391 229 325 803 337 738 2095 66 267 465 7587 228 774 104 790
internal_value=-0.000247851 0.00576293 -0.00869254 -0.00717134 0.000860812 -0.0134841 0.00755497 -0.00037781 0.00265022 -0.0167466 0.00530504 0.0113247 0.00275929 -0.00780297 0.0180413 0.00630726 -0.0229322 -0.0138916 0.013017 0.0181563 0.00885886 0.0118328 0.025297 0.0115581 0.000257855 0.000596118 -0.0107638 -0.0127898 -0.0212589 0.0178967
internal_weight=24208 14142 10066 9503 4182 5321 2806 1588 11282 4568 1244 905 616 410 2860 753 255 3592 1690 1140 3138 2400 1170 333 8144 8052 339 1376 602 1218
internal_count=24208 14142 10066 9503 4182 5321 2806 1588 11282 4568 1244 905 616 410 2860 753 255 3592 1690 1140 3138 2400 1170 333 8144 8052 339 1376 602 1218
is_linear=0
shrinkage=0.05


Tree=6
num_leaves=31
num_cat=0
split_feature=2 13 13 3 9 13 10 0 13 12 12 14 8 8 5 12 12 13 13 13 12 13 14 9 13 10 9 0 10 0
split_gain=451.862 213.33 149.146 171.594 131.962 124.167 80.8162 61.9492 52.1875 90.4397 74.7275 68.4902 49.1131 45.5172 41.0203 40.9098 39.0227 37.5484 37.0845 36.6871 36.3401 34.9486 33.3992 32.6819 32.4962 31.5757 31.0141 45.386 29.5152 28.8417
threshold=1.0000000180025095e-35 68.440422058105483 96.76904678344728 1.0000000180025095e-35 2.5000000000000004 24.708065986633304 2.5000000000000004 168.50000000000003 75.742309570312514 32.925607681274421 53.81341743469239 26.27635478973389 0.005025252467021347 0.32340897619724279 1.0000000180025095e-35 30.868613243103031 35.047574996948249 27.669736862182621 57.913679122924812 29.802427291870121 54.450002670288093 70.523578643798842 350.76643371582037 2.5000000000000004 75.742309570312514 4.5000000000000009 1.5000000000000002 29.500000000000004 3.5000000000000004 268.50000000000006
decision_type=2 2 2 2 2 2 2 2 2 2 2 2 2 2 2 2 2 2 2 2 2 2 2 2 2 2 2 2 2 2
left_child=2 7 3 5 26 16 13 15 9 18 11 -10 29 -6 -3 -2 -1 -9 -8 -17 24 -20 -14 -22 -16 -11 27 -5 -12 -7
right_child=1 14 -4 4 6 12 8 17 10 25 28 -13 22 -15 20 19 -18 -19 21 -21 23 -23 -24 -25 -26 -27 -28 -29 -30 -31
leaf_value=-0.76233624140625 -1.8009842764648434 -3.8447911365722662 -1.05299281015625 -1.3253088406250002 -0.96077762070312511 -3.4107375539062499 1.0702973122070312 12.279451717968751 0.87166968642578091 1.262178718457031 -0.6873359742187497 -0.72118511435546973 -3.6484160851562493 0.51480053281250027 7.1584190821777334 8.4929923325683596 7.4030317273437509 2.2373616932617195 -0.75600247109374941 0.34243384951171874 -3.5766047535156247 0.85032841171874995 -7.4040729054687491 5.2061742804687503 6.7935064271484364 3.8931263426757816 -0.38600247109374952 0.96179963085937392 4.5318037225585943 -17.828350366406251
leaf_weight=460 1580 84 563 498 287 773 140 272 316 490 22 396 3267 281 1415 226 293 2962 193 6242 189 46 325 648 524 485 774 104 150 203
leaf_count=460 1580 84 563 498 287 773 140 272 316 490 22 396 3267 281 1415 226 293 2962 193 6242 189 46 325 648 524 485 774 104 150 203
internal_value=-0.000198281 0.00556494 -0.00829517 -0.00681357 0.000765166 -0.0127699 0.00698478 0.00247294 0.0112596 0.0174286 0.00180975 -0.00533633 -0.0158709 -0.00985742 0.0177616 0.000124253 0.00604169 0.00831762 -0.00329728 0.00188618 0.0188034 -0.0152656 -0.0131678 0.0100944 0.022562 0.0254846 -0.0119177 -0.0204285 0.0313771 -0.025817
internal_weight=24208 14142 10066 9503 4182 5321 2806 11282 2238 1354 884 712 4568 568 2860 8048 753 3234 379 6468 2776 239 3592 837 1939 975 1376 602 172 976
internal_count=24208 14142 10066 9503 4182 5321 2806 11282 2238 1354 884 712 4568 568 2860 8048 753 3234 379 6468 2776 239 3592 837 1939 975 1376 602 172 976
is_linear=0
shrinkage=0.05


Tree=7
num_leaves=31
num_cat=0
split_feature=2 13 13 3 9 13 0 9 10 13 12 8 12 13 10 12 13 11 1 13 10 12 13 14 9 9 13 11 13 9
split_gain=424.386 202.29 141.729 154.459 121.149 115.62 76.9108 59.2505 54.5268 50.2572 55.2136 47.3058 39.6236 37.728 40.6491 36.45 35.4228 34.2622 32.8795 32.5514 32.3565 32.3191 32.1023 31.0717 31.1868 29.4147 29.0464 36.0438 28.9655 28.8591
threshold=1.0000000180025095e-35 68.440422058105483 96.76904678344728 1.0000000180025095e-35 2.5000000000000004 24.708065986633304 34.500000000000007 4.5000000000000009 2.5000000000000004 79.111354827880874 32.925607681274421 0.005025252467021347 54.450002670288093 74.045745849609389 4.5000000000000009 32.98573303222657 24.12955474853516 29.775637626647953 6.5000000000000009 74.045745849609389 2.5000000000000004 23.804891586303714 28.89953708648682 26.27635478973389 4.5000000000000009 3.5000000000000004 57.913679122924812 37.96263504028321 76.385059356689467 1.5000000000000002
decision_type=2 2 2 2 2 2 2 2 2 2 2 2 2 2 2 2 2 2 2 2 2 2 2 2 2 2 2 2 2 2
left_child=2 7 3 5 29 15 8 21 -6 10 26 -7 13 14 -3 -1 -9 19 -18 -12 -13 -2 -23 24 -11 -14 -10 -28 -27 -5
right_child=1 12 -4 4 6 11 -8 16 9 23 17 20 25 -15 -16 -17 18 -19 -20 -21 -22 22 -24 -25 -26 28 27 -29 -30 -31
leaf_value=-1.4712436480859372 -2.9192273399121094 0.96239219056884695 -1.0003431696484377 -1.15918525796875 -0.74938452091796837 -5.2630042621484376 2.1032953783984381 14.872401714101564 0.80022150519042945 -0.63671917550781176 0.85319141695800838 0.40187971910156262 -1.2921304376855467 6.793719925126954 7.7254742923754893 5.6828801409765628 3.7911939279345712 1.4101776188037114 -1.1413264861767576 -1.3812314489697266 -4.1993077808984376 4.839785357573243 -0.092713413276367618 -0.59464855443847708 1.5014578852099618 0.89295650316406283 -0.91955245691406273 0.72676537394531171 5.4001273760156252 -0.36670234753906217
leaf_weight=362 92 437 563 602 344 976 1218 153 117 60 118 374 318 739 823 391 2292 404 693 36 3218 465 7587 228 51 285 160 70 258 774
leaf_count=362 92 437 563 602 344 976 1218 153 117 60 118 374 318 739 823 391 2292 404 693 36 3218 465 7587 228 51 285 160 70 258 774
internal_value=-0.000190019 0.00539524 -0.00803688 -0.00659259 0.000597786 -0.0122437 0.00655714 0.00238431 -0.000692652 0.00417973 0.0103304 -0.0152361 0.0172721 0.0211345 0.0158718 0.00590891 0.00822154 0.0200681 0.00701819 0 -0.0125832 0.000135067 0.000471927 -0.0122383 0.00945095 0.00830333 -0.00532988 -0.0156454 0.0153747 -0.0115544
internal_weight=24208 14142 10066 9503 4182 5321 2806 11282 1588 1244 905 4568 2860 1999 1260 753 3138 558 2985 154 3592 8144 8052 339 111 861 347 230 543 1376
internal_count=24208 14142 10066 9503 4182 5321 2806 11282 1588 1244 905 4568 2860 1999 1260 753 3138 558 2985 154 3592 8144 8052 339 111 861 347 230 543 1376
is_linear=0
shrinkage=0.05


Tree=8
num_leaves=31
num_cat=0
split_feature=2 13 13 3 9 13 0 9 13 10 13 8 13 12 12 12 12 12 11 11 0 13 10 12 13 1 10 0 8 13
split_gain=397.154 189.906 135.177 135.67 116.41 105.998 73.5711 55.5609 58.7578 46.8426 43.4088 42.9228 42.2368 50.3465 38.9496 36.3711 36.3656 34.1117 37.4659 33.8037 32.624 30.5509 30.4085 37.9849 29.8775 36.4105 29.4483 28.4921 31.1664 42.5814
threshold=1.0000000180025095e-35 68.440422058105483 96.76904678344728 1.0000000180025095e-35 2.5000000000000004 24.708065986633304 34.500000000000007 3.5000000000000004 27.180653572082523 2.5000000000000004 74.361293792724624 0.005025252467021347 79.111354827880874 32.925607681274421 31.008303642272953 35.112834930419929 23.804891586303714 50.337347030639656 50.74879455566407 29.775637626647953 268.50000000000006 74.045745849609389 4.5000000000000009 53.81341743469239 57.913679122924812 4.5000000000000009 2.5000000000000004 20.500000000000004 0.077254641801118865 57.695371627807624
decision_type=2 2 2 2 2 2 2 2 2 2 2 2 2 2 2 2 2 2 2 2 2 2 2 2 2 2 2 2 2 2
left_child=2 7 3 5 27 15 9 16 -9 -6 22 20 13 24 -10 -1 -2 -12 -19 21 -7 -15 -3 -24 -11 -26 -13 -5 -29 -30
right_child=1 10 -4 4 6 11 -8 8 14 12 17 26 -14 19 -16 -17 -18 18 -20 -21 -22 -23 23 -25 25 -27 -28 28 29 -31
leaf_value=-0.60630796763476624 -2.7490822728920898 0.40380598092034925 -0.95032601116601578 -1.1680520344912109 -0.71191529487206984 -2.9770504631035153 1.9981306094785158 11.07002840768042 -1.6546588497512209 0.76021042993090759 5.7504690437448733 0.38178573314648434 -0.36239675171655322 0.81053184611010787 2.1735382636374516 7.0175673839277355 -0.37539683243188482 5.8611292767761238 -1.2464871209035646 1.3396687378635257 -16.673782634978519 -1.3121698765212402 7.3392005777567135 0.64830867800586001 -0.77222472469335879 0.69042710524804607 -3.9893423918535156 -0.61160260516211062 -1.9788214593964844 1.6937468245253904
leaf_weight=475 64 550 563 584 344 773 1218 417 1118 117 418 374 339 118 4759 278 4924 604 148 404 203 36 803 337 171 59 3218 567 82 143
leaf_count=475 64 550 563 584 344 773 1218 417 1118 117 418 374 339 118 4759 278 4924 604 148 404 203 36 803 337 171 59 3218 567 82 143
internal_value=-0.000128056 0.00527503 -0.00771898 -0.00630847 0.000430406 -0.0116047 0.00627205 0.00235772 0.00548132 -0.000818588 0.0167826 -0.0144699 0.00369745 0.00933598 0.00419425 0.00577613 -0.00158377 0.024186 0.0178168 0.0186347 -0.0237681 -0.00129786 0.0116561 0.0163144 -0.00561798 -0.01608 -0.0119429 -0.0114817 -0.00530236 0.0104398
internal_weight=24208 14142 10066 9503 4182 5321 2806 11282 6294 1588 2860 4568 1244 905 5877 753 4988 1170 752 558 976 154 1690 1140 347 230 3592 1376 792 225
internal_count=24208 14142 10066 9503 4182 5321 2806 11282 6294 1588 2860 4568 1244 905 5877 753 4988 1170 752 558 976 154 1690 1140 347 230 3592 1376 792 225
is_linear=0
shrinkage=0.05


Tree=9
num_leaves=31
num_cat=0
split_feature=2 13 13 14 12 13 3 10 13 12 9 9 13 13 9 0 13 0 10 12 11 13 9 0 13 12 13 10 12 12
split_gain=359.524 187.901 125.702 125.675 77.1285 73.9214 96.6044 94.0208 60.905 60.6443 55.5072 48.2193 45.1879 41.2941 39.5486 50.9443 59.041 37.6281 38.4755 35.243 35.7192 34.8 46.169 40.6817 39.6912 32.0502 31.6467 30.8097 37.5134 29.5414
threshold=1.0000000180025095e-35 68.440422058105483 103.72949600219728 186.39423370361331 48.542791366577156 80.965160369873061 1.0000000180025095e-35 3.5000000000000004 31.963959693908695 60.742162704467781 4.5000000000000009 1.5000000000000002 55.668424606323249 74.361293792724624 4.5000000000000009 41.500000000000007 90.406482696533217 136.50000000000003 1.5000000000000002 50.337347030639656 50.74879455566407 75.428649902343764 4.5000000000000009 32.500000000000007 68.440422058105483 23.804891586303714 28.89953708648682 4.5000000000000009 53.81341743469239 34.270107269287116
decision_type=2 2 2 2 2 2 2 2 2 2 2 2 2 2 2 2 2 2 2 2 2 2 2 2 2 2 2 2 2 2
left_child=2 10 3 4 11 6 8 -8 -6 14 25 12 -1 27 15 -7 -17 21 -19 -15 -21 22 -13 -23 -24 -2 29 -3 -29 -27
right_child=1 13 -4 -5 5 9 7 -9 -10 -11 -12 17 -14 19 -16 16 -18 18 -20 20 -22 23 24 -25 -26 26 -28 28 -30 -31
leaf_value=-0.53600788553325196 -2.6631724448504208 0.38361568187433159 -1.2586065856077153 -4.4740627722608393 8.7243621837352539 -0.97059503865385821 -0.09793066004851117 2.9568728892125367 -2.5740627722608398 2.2416972370368158 2.8094792712856576 -0.4442802267054326 -1.5185230743914795 5.4629455915576308 0.13493663298408051 -0.92910892277763613 4.6501422370368166 16.18398920677803 -5.0740627722608398 5.5680728129373174 -1.1841627648583863 -0.66717700669096658 0.95152551627035542 0.43523845349189472 1.7851342484443355 0.55994405631617428 -0.1054005386069214 6.9722405488688786 0.61589324410556689 11.107611233677014
leaf_weight=314 92 550 272 1173 168 506 478 755 987 54 3138 2251 324 418 196 69 51 47 1221 604 148 423 540 169 68 306 7587 803 337 159
leaf_count=314 92 550 272 1173 168 506 478 755 987 54 3138 2251 324 418 196 69 51 47 1221 604 148 423 540 169 68 306 7587 803 337 159
internal_value=-4.95702e-05 0.00509118 -0.00727193 -0.00634055 -0.0042512 0.00180754 0.00636489 0.0160976 -0.00402563 -0.0106152 0.00218931 -0.00794273 -0.0208431 0.0165379 -0.0139886 -0.0201246 0.00915903 -0.00619822 -0.0135636 0.0237587 0.0172849 -0.00349164 -0.00120667 -0.0145246 0.0110179 1.22788e-05 0.000347735 0.0115378 0.0162266 0.013008
internal_weight=24208 14142 10066 9794 8621 3264 2388 1233 1155 876 11282 5357 638 2860 822 626 120 4719 1268 1170 752 3451 2859 592 608 8144 8052 1690 1140 465
internal_count=24208 14142 10066 9794 8621 3264 2388 1233 1155 876 11282 5357 638 2860 822 626 120 4719 1268 1170 752 3451 2859 592 608 8144 8052 1690 1140 465
is_linear=0
shrinkage=0.05


Tree=10
num_leaves=31
num_cat=0
split_feature=2 13 13 14 12 13 3 10 13 12 12 9 9 13 5 9 13 5 12 0 8 9 12 12 12 12 13 10 11 14
split_gain=334.813 194.499 114.383 117.732 82.0325 64.5841 95.0638 69.7181 68.3769 59.2837 60.0239 59.1832 53.8518 55.1847 54.2054 44.14 59.3529 40.6714 40.0425 39.3634 57.6306 38.16 36.3714 35.6305 30.9019 33.8748 30.3579 29.8558 28.9622 28.9582
threshold=1.0000000180025095e-35 68.650268554687514 100.89768600463869 180.40700531005862 48.542791366577156 80.965160369873061 1.0000000180025095e-35 3.5000000000000004 33.530624389648445 53.834787368774421 49.978851318359382 3.5000000000000004 3.5000000000000004 33.113262176513679 1.0000000180025095e-35 1.5000000000000002 55.668424606323249 1.0000000180025095e-35 34.706089019775398 229.50000000000003 0.99803149700164806 4.5000000000000009 55.392860412597663 23.848025321960453 54.034259796142585 60.742162704467781 74.045745849609389 4.5000000000000009 36.490407943725593 17.150540351867679
decision_type=2 2 2 2 2 2 2 2 2 2 2 2 2 2 2 2 2 2 2 2 2 2 2 2 2 2 2 2 2 2
left_child=2 12 3 4 15 6 8 -8 -6 10 11 29 23 18 -15 16 -1 -3 -14 21 -21 -17 26 -2 -11 -26 27 -19 -9 -7
right_child=1 17 -4 -5 5 9 7 28 -10 24 -12 -13 13 14 -16 19 -18 22 -20 20 -22 -23 -24 -25 25 -27 -28 -29 -30 -31
leaf_value=-0.36588113969408947 -2.7173607177617805 -5.8306269829715127 -1.1776739039875224 -4.0628278732962348 8.7616396555445846 0.42477858952868885 0.049387384260677437 0.8659436307766466 -2.5086004148977983 4.417635125184975 -1.1145755137605329 0.54220254132497769 2.8522998822985226 -2.8454939588174444 1.8656281366942746 -0.55882934392373984 -1.4406159896261777 1.2707066854006719 14.192864534920501 -12.284116020475922 -3.0203596336477974 0.54534742477274134 1.3316563068988403 -0.36395520218560873 -0.34537678137563149 1.983834875184975 6.6569831678086064 6.717632294862935 3.675443461418415 -1.4836520640048556
leaf_weight=323 73 79 360 1218 184 33 473 316 973 44 323 160 442 874 4728 2838 340 393 276 268 561 992 719 4964 127 50 791 798 445 65
leaf_count=323 73 79 360 1218 184 33 473 316 973 44 323 160 442 874 4728 2838 340 393 276 268 561 992 719 4964 127 50 791 798 445 65
internal_value=0.000193974 0.00516018 -0.00676205 -0.00573815 -0.00365821 0.00267765 0.00679604 0.0164492 -0.00350013 -0.0095998 -0.0179831 0 0.0022585 0.00533219 0.00365934 -0.00745946 -0.0195295 0.0170138 0.0183818 -0.00574145 -0.0156193 -0.00360304 0.0180482 -0.00159814 0.0124378 0.00310559 0.0215428 0.0164974 0.0258179 -0.030581
internal_weight=24230 14137 10093 9733 8515 3193 2391 1234 1157 802 581 258 11357 6320 5602 5322 663 2780 718 4659 829 3830 2701 5037 221 177 1982 1191 761 98
internal_count=24230 14137 10093 9733 8515 3193 2391 1234 1157 802 581 258 11357 6320 5602 5322 663 2780 718 4659 829 3830 2701 5037 221 177 1982 1191 761 98
is_linear=0
shrinkage=0.05


Tree=11
num_leaves=31
num_cat=0
split_feature=2 13 13 14 12 13 3 10 13 12 12 5 0 0 12 13 12 13 13 11 10 0 0 14 8 0 8 0 8 13
split_gain=318.173 183.419 105.075 104.632 78.4431 51.1317 91.2921 67.1998 63.5707 51.0803 47.766 43.8746 43.1027 42.1602 36.2582 61.7826 36.0213 40.516 35.3111 32.6894 31.5843 30.8189 57.194 30.5639 30.2867 40.067 32.6825 29.9841 37.8974 33.3044
threshold=1.0000000180025095e-35 67.249572753906264 96.76904678344728 180.40700531005862 48.542791366577156 80.965160369873061 1.0000000180025095e-35 3.5000000000000004 33.530624389648445 53.834787368774421 49.978851318359382 1.0000000180025095e-35 15.500000000000002 661.50000000000011 31.008303642272953 33.855607986450202 55.392860412597663 74.045745849609389 22.754407882690433 48.928390502929695 4.5000000000000009 56.500000000000007 29.500000000000004 15.372015953063967 0.367367833852768 24.500000000000004 -0.98158097267150868 223.50000000000003 0.50084173679351818 75.428649902343764
decision_type=2 2 2 2 2 2 2 2 2 2 2 2 2 2 2 2 2 2 2 2 2 2 2 2 2 2 2 2 2 2
left_child=2 13 3 4 18 6 8 -8 -6 10 12 -3 -7 14 -2 -16 17 20 -1 -4 -13 22 -11 -14 25 26 -17 29 -29 -20
right_child=1 11 19 -5 5 9 7 -9 -10 21 -12 16 23 -15 15 24 -18 -19 27 -21 -22 -23 -24 -25 -26 -27 -28 28 -30 -31
leaf_value=1.5141979684784979 -1.2261585414727636 -6.2858320052945045 0.28398467227246815 -3.859686479631423 8.3235576727673557 -1.8845078363753036 0.046918015047643286 2.5808423872519484 -2.3831703941529083 -0.56290603097792558 -1.2539048910874477 0.97284710113063755 1.6359511002687102 5.6242650366445703 5.6565985223637725 2.8217002297986724 1.0870390945939208 6.3241340094181755 -0.43895226537792953 -0.85558520077638966 6.476961364381399 -0.85075254807407497 3.5383083689257262 -0.16274969843303 -1.1958401139513286 2.1715963627387112 -1.0470497702013284 -12.772184563592752 -3.8693416519654074 -0.60587668916023185
leaf_weight=448 2038 96 44 1218 184 39 473 761 973 50 253 511 65 792 569 427 758 791 3437 508 1070 50 97 95 2337 2885 1863 219 519 660
leaf_count=448 2038 96 44 1218 184 39 473 761 973 50 253 511 65 792 569 427 758 791 3437 508 1070 50 97 95 2337 2885 1863 219 519 660
internal_value=0.000276516 0.00511774 -0.00650444 -0.00527717 -0.00327402 0.0031249 0.00650328 0.015963 -0.00358655 -0.0093206 -0.01858 0.0155916 -0.00025113 0.00202088 0.00115129 0.00265434 0.0166129 0.019645 -0.00695614 -0.0277124 0.0150212 0.0119229 0.0234534 0.011243 0.00145099 0.00358447 -0.00135365 -0.00820045 -0.0174773 -0.00652901
internal_weight=24230 14137 10093 9541 8323 3040 2391 1234 1157 649 452 3226 199 10911 10119 8081 3130 2372 5283 552 1581 197 147 160 7512 5175 2290 4835 738 4097
internal_count=24230 14137 10093 9541 8323 3040 2391 1234 1157 649 452 3226 199 10911 10119 8081 3130 2372 5283 552 1581 197 147 160 7512 5175 2290 4835 738 4097
is_linear=0
shrinkage=0.05


Tree=12
num_leaves=31
num_cat=0
split_feature=2 13 13 14 9 0 8 0 9 13 13 13 5 5 1 13 1 8 10 0 13 3 13 14 10 11 9 9 10 1
split_gain=292.373 178.391 101.163 86.8205 77.871 75.1788 67.1811 43.3343 42.8813 55.7699 41.237 40.6455 40.464 39.7139 34.5115 44.628 32.6247 28.6265 27.4892 24.4772 24.3365 31.3551 69.981 46.475 27.4792 42.4565 27.8463 23.8344 23.2874 21.5566
threshold=1.0000000180025095e-35 67.249572753906264 103.72949600219728 180.40700531005862 3.5000000000000004 229.50000000000003 0.49041920900344854 22.500000000000004 3.5000000000000004 33.113262176513679 30.741165161132816 79.462242126464858 1.0000000180025095e-35 1.0000000180025095e-35 5.5000000000000009 74.683879852294936 11.500000000000002 -0.79402852058410633 1.5000000000000002 23.500000000000004 17.830595970153812 1.0000000180025095e-35 75.742309570312514 26.27635478973389 3.5000000000000004 32.938516616821296 4.5000000000000009 4.5000000000000009 3.5000000000000004 5.5000000000000009
decision_type=2 2 2 2 2 2 2 2 2 2 2 2 2 2 2 2 2 2 2 2 2 2 2 2 2 2 2 2 2 2
left_child=2 8 3 4 7 20 -7 11 18 16 -8 -1 -3 -11 15 -14 -10 -16 -2 -9 -6 -22 24 -24 26 -26 -23 -4 -15 -30
right_child=1 12 27 -5 5 6 10 19 9 13 -12 -13 14 28 17 -17 -18 -19 -20 -21 21 22 23 -25 25 -27 -28 -29 29 -31
leaf_value=-0.67563946944048858 -2.9730569129412618 -5.9715404050297787 -1.3382164260891338 -3.666702155649852 7.0894763879811906 -11.72774883700005 7.8921243878659215 0.85716448685036828 8.764268287767317 -2.714624347033221 -2.9758745693671376 -1.0767677123363522 5.1818938091663425 -3.4549811216059734 3.8700654789301767 4.8728401995722654 -7.8277019999859299 -0.29925740695008862 -0.29469728169126203 -0.53899005801601951 -0.41593253346342973 -0.28019220341280365 0.60336279394149983 -0.43307411603380164 0.6448574448485872 3.2836805565011726 1.1934801809059004 -0.36280594073757017 2.9588399392888074 0.48409759914652994
leaf_weight=1052 107 96 201 1218 104 264 172 39 675 862 616 376 1300 214 597 773 43 460 4767 2866 1236 156 497 454 251 374 144 73 2811 1432
leaf_count=1052 107 96 201 1218 104 264 172 39 675 862 616 376 1300 214 597 773 43 460 4767 2866 1236 156 497 454 251 374 144 73 2811 1432
internal_value=0.000342549 0.00498334 -0.00615767 -0.00532126 -0.00355187 0.00124177 -0.0103602 -0.00827352 0.00192923 0.00474566 -0.0030453 -0.0154051 0.0153126 0.00297983 0.0162934 0.0200424 0.0178248 0.00893955 -0.00155926 -0.00476748 0.00503716 0.00424151 0.00831512 -0.00120913 0.0181062 0.0240761 0.00566478 -0.0361182 0.00487985 0.00569159
internal_weight=24230 14137 10093 9819 8601 4268 1052 4333 10911 6037 788 1428 3226 5319 3130 2073 718 1057 4874 2905 3216 3112 1876 951 925 625 300 274 4457 4243
internal_count=24230 14137 10093 9819 8601 4268 1052 4333 10911 6037 788 1428 3226 5319 3130 2073 718 1057 4874 2905 3216 3112 1876 951 925 625 300 274 4457 4243
is_linear=0
shrinkage=0.05


Tree=13
num_leaves=31
num_cat=0
split_feature=2 13 13 14 12 13 3 13 10 12 12 9 9 13 12 1 5 8 12 13 0 3 1 13 12 13 0 10 10 10
split_gain=268.802 170.147 88.9163 81.4581 64.029 51.2633 80.246 60.6344 57.293 56.0615 58.356 51.2672 47.9602 45.7432 43.706 41.7323 40.86 37.1439 36.0337 35.1457 49.3083 46.0607 54.0728 69.7041 65.013 47.8273 38.9462 34.2323 32.5268 30.5321
threshold=1.0000000180025095e-35 69.064975738525405 103.72949600219728 180.40700531005862 48.542791366577156 80.965160369873061 1.0000000180025095e-35 33.530624389648445 3.5000000000000004 53.834787368774421 49.978851318359382 3.5000000000000004 3.5000000000000004 33.113262176513679 34.706089019775398 2.5000000000000004 1.0000000180025095e-35 -0.79402852058410633 23.848025321960453 75.428649902343764 32.500000000000007 1.0000000180025095e-35 1.0000000180025095e-35 55.668424606323249 47.438241958618171 25.316832542419437 21.500000000000004 3.5000000000000004 4.5000000000000009 3.5000000000000004
decision_type=2 2 2 2 2 2 2 2 2 2 2 2 2 2 2 2 2 2 2 2 2 2 2 2 2 2 2 2 2 2
left_child=2 12 3 4 19 6 7 -6 -8 10 11 -7 18 14 28 -3 -15 -17 -2 21 -21 25 23 -23 26 -1 -25 -11 -14 -28
right_child=1 15 -4 -5 5 9 8 -9 -10 27 -12 -13 13 16 -16 17 -18 -19 -20 20 -22 22 -24 24 -26 -27 29 -29 -30 -31
leaf_value=1.2133427774012544 -2.5054498907154903 6.9720116798280261 -1.0271024797846771 -3.4833670478673597 7.7205081117699512 -0.79956286766273343 0.091443712371844302 -2.2295863837632113 2.4531038266556386 -0.7497524693610349 -0.96920199061733259 0.41761537020905987 -2.9649500327014846 -2.5805338760921419 12.762177967667922 4.7703955645167087 1.6606703943420791 2.5465643235157724 -0.27996241760669882 -0.82470121117641826 0.30250608666389955 0.62130958802043779 1.0734875619938575 -1.3091734069151693 1.0615915778281504 -3.3811571625943611 0.20569998173048135 0.52450505365802724 9.0131942611997129 -0.65323908589062896
leaf_weight=557 73 543 274 1218 184 102 473 973 761 63 332 169 206 877 276 855 4786 1247 5038 532 194 244 626 215 144 2499 111 205 236 217
leaf_count=557 73 543 274 1218 184 102 473 973 761 63 332 169 206 877 276 855 4786 1247 5038 532 194 244 626 215 144 2499 111 205 236 217
internal_value=0.000392074 0.00484187 -0.00584062 -0.00505647 -0.0033426 0.00217651 0.0059596 -0.00350013 0.0148286 -0.00820801 -0.0166639 0.000553301 0.00221021 0.005101 0.0169893 0.0162754 0.00359344 0.0130822 -0.00139892 -0.00671461 -0.0169398 -0.00510503 0.00189455 -0.00574589 -0.013899 -0.00867118 -0.0218192 0.0108169 0.00723818 -0.0109723
internal_weight=24230 14137 10093 9819 8601 3262 2391 1157 1234 871 603 271 11492 6381 718 2645 5663 2102 5111 5339 726 4613 1557 931 687 3056 543 268 442 328
internal_count=24230 14137 10093 9819 8601 3262 2391 1157 1234 871 603 271 11492 6381 718 2645 5663 2102 5111 5339 726 4613 1557 931 687 3056 543 268 442 328
is_linear=0
shrinkage=0.05


Tree=14
num_leaves=31
num_cat=0
split_feature=2 12 9 0 1 8 8 0 0 0 5 1 11 12 8 14 11 11 10 12 0 11 8 0 12 12 11 1 11 8
split_gain=244.999 85.9139 81.709 85.2414 76.1488 67.4732 58.0134 57.2911 51.3133 45.6816 34.3789 32.6277 30.928 34.6542 29.987 28.3566 30.1701 27.5711 27.0485 26.6031 25.6067 24.8204 25.2815 24.4192 21.3782 21.4474 22.1439 20.843 20.6269 30.108
threshold=1.0000000180025095e-35 38.147008895874031 3.5000000000000004 229.50000000000003 2.5000000000000004 0.88603895902633678 -0.81143927574157704 15.500000000000002 22.500000000000004 32.500000000000007 1.0000000180025095e-35 5.5000000000000009 48.928390502929695 47.826915740966804 -0.9793732464313506 279.88272094726568 61.102115631103523 50.950229644775398 1.5000000000000002 49.118940353393562 24.500000000000004 56.310926437377937 0.040169851854443557 454.50000000000006 25.235399246215824 25.810338020324711 53.075769424438484 1.5000000000000002 37.873378753662116 0.019716139882802967
decision_type=2 2 2 2 2 2 2 2 2 2 2 2 2 2 2 2 2 2 2 2 2 2 2 2 2 2 2 2 2 2
left_child=2 20 8 24 -3 23 7 14 12 -8 -11 17 13 -1 -6 16 19 -12 -7 -10 -2 22 28 -5 -4 -26 -27 -23 29 -21
right_child=1 4 3 5 6 18 9 -9 15 10 11 -13 -14 -15 -16 -17 -18 -19 -20 21 -22 27 -24 -25 25 26 -28 -29 -30 -31
leaf_value=-0.88941371228101218 -1.564613939245306 6.6234110958366248 -0.71597481207635172 -5.9281300354333926 3.4093482032736362 17.692622928875529 -2.1770804947418472 4.6051812937121941 -0.78346615061759728 -4.2694742923354916 3.3649858413749953 -0.27461828891386303 -1.1994661057954432 0.053847742876811822 -0.2634976459143234 -4.7141986954739918 -1.0757473557954433 -0.11748419349012061 -2.5566974421612345 -2.3665853725710884 0.64690047642233139 3.6631547537870222 0.98283112039103138 -28.801636026879478 1.2743803629589388 0.46754323415865856 -0.35622100506302135 -2.1892436862314399 -1.144561882387237 1.3662964766032681
leaf_weight=609 1571 992 206 231 435 64 740 1446 2194 331 1802 1083 679 365 752 372 81 496 852 53 4489 52 558 130 37 2983 367 24 179 57
leaf_count=609 1571 992 206 231 435 64 740 1446 2194 331 1802 1083 679 365 752 372 81 496 852 53 4489 52 558 130 37 2983 367 24 179 57
internal_value=0.000367312 0.00461552 -0.00558302 -0.000924006 0.00799173 -0.0120194 0.00617493 0.012058 -0.00992705 0.00269536 0.00495676 0.00646239 -0.0172101 -0.0114978 0.00391711 -0.00655444 -0.00503424 0.00983421 -0.00480297 -0.00425075 0.00011551 0.00287076 0.000413174 -0.030324 0.00301968 0.00397095 0.00355213 0.0302234 -0.0115877 0.00544959
internal_weight=24230 14137 10093 4870 8077 1277 7085 2633 5223 4452 3712 3381 1653 974 1187 3570 3198 2298 916 3117 6060 923 847 361 3593 3387 3350 76 289 110
internal_count=24230 14137 10093 4870 8077 1277 7085 2633 5223 4452 3712 3381 1653 974 1187 3570 3198 2298 916 3117 6060 923 847 361 3593 3387 3350 76 289 110
is_linear=0
shrinkage=0.05


Tree=15
num_leaves=31
num_cat=0
split_feature=4 10 13 12 13 13 13 2 13 0 12 0 13 11 8 0 12 12 10 8 5 12 9 13 13 1 13 10 13 13
split_gain=218.259 155.037 107.988 112.076 82.9624 74.0175 73.6018 53.9777 50.0605 96.8164 50.0962 42.3887 40.755 38.7911 37.575 42.669 36.3134 40.2408 32.0845 31.2647 31.189 30.9342 34.8999 30.0434 34.469 37.4166 30.0147 32.3152 29.8492 28.2869
threshold=1.0000000180025095e-35 2.5000000000000004 96.76904678344728 40.618124008178718 47.616971969604499 66.853481292724624 22.754407882690433 1.0000000180025095e-35 83.201320648193374 42.500000000000007 55.622457504272468 22.500000000000004 90.406482696533217 57.477209091186531 0.014793417416512968 364.50000000000006 48.451128005981452 47.980693817138679 3.5000000000000004 -0.39943820238113398 1.0000000180025095e-35 51.595560073852546 3.5000000000000004 29.802427291870121 51.278041839599616 1.0000000180025095e-35 57.484724044799812 3.5000000000000004 75.742309570312514 62.442043304443366
decision_type=2 2 2 2 2 2 2 2 2 2 2 2 2 2 2 2 2 2 2 2 2 2 2 2 2 2 2 2 2 2
left_child=1 13 3 11 -5 7 -2 18 10 16 19 29 -11 -1 15 -8 17 -10 -6 28 -9 22 -18 -13 -25 26 -26 -28 -7 -3
right_child=6 2 -4 4 5 8 14 20 9 12 -12 23 -14 -15 -16 -17 21 -19 -20 -21 -22 -23 -24 24 25 -27 27 -29 -30 -31
leaf_value=-0.59656349327922875 2.7401064698686728 -0.73987412911296857 -0.57268973605986984 11.050948240584749 -1.734671951642033 5.3016167216052628 -2.2813862106120277 -7.1063356444590857 -0.25551291497466194 1.1597830677400247 0.40295342125703792 4.7343521650050056 3.0600511743223748 -1.4044274548098707 -2.4163800783513318 -20.688048234089422 -1.7458145621043242 1.3088998557789404 2.9309315492456451 1.5779312946576134 0.54875763101388664 -0.1818872156300021 -0.035918745924224636 -0.63694528164048492 0.60772046407787605 2.1464396625051854 0.28379926788153115 -0.68709096207339548 5.0943063421529899 -0.95829910469301471
leaf_weight=1785 619 1610 412 519 89 1085 1080 216 99 161 780 583 146 172 3524 149 146 51 372 1949 3354 142 83 2889 61 1337 89 239 290 257
leaf_count=1785 619 1610 412 519 89 1085 1080 216 99 161 780 583 146 172 3524 149 146 51 372 1949 3354 142 83 2889 61 1337 89 239 290 257
internal_value=0.000349966 0.00287586 0.00441356 0.00504318 0.00859514 0.00746951 -0.00854414 0.0024435 0.0115772 0.000362275 0.0138398 0.000276005 0.0226311 -0.0104491 -0.0106562 -0.018184 -0.0127615 0.00799467 0.0185426 0.0165157 0.000364135 -0.0211533 -0.0325186 0.0025971 0.00124591 0.00683622 -0.00681059 -0.012801 0.0222893 -0.00618606
internal_weight=24288 18916 16959 16547 9482 8963 5372 4031 4932 828 4104 7065 307 1957 4753 1229 521 150 461 3324 3570 371 229 5198 4615 1726 389 328 1375 1867
internal_count=24288 18916 16959 16547 9482 8963 5372 4031 4932 828 4104 7065 307 1957 4753 1229 521 150 461 3324 3570 371 229 5198 4615 1726 389 328 1375 1867
is_linear=0
shrinkage=0.05


Tree=16
num_leaves=31
num_cat=0
split_feature=4 0 13 13 10 13 12 10 2 13 11 8 8 0 12 13 12 0 12 13 12 10 0 0 0 10 12 12 14 13
split_gain=199.202 143.282 156.55 93.8736 83.6684 67.1022 60.8349 60.7881 68.2348 42.4848 42.3319 40.6519 35.3401 41.2674 35.1914 37.0462 31.7587 30.4181 28.621 27.7597 27.0323 26.4877 26.2971 26.0131 38.9775 25.7775 28.4608 33.7391 24.6824 23.4268
threshold=1.0000000180025095e-35 41.500000000000007 82.562618255615249 69.284263610839858 1.5000000000000002 22.754407882690433 47.488933563232429 4.5000000000000009 1.0000000180025095e-35 32.328477859497077 49.262044906616218 -0.51968991756439198 0.014793417416512968 416.50000000000006 29.771375656127933 37.034200668334968 62.336055755615241 470.50000000000006 35.266717910766609 75.428649902343764 32.744756698608406 1.5000000000000002 84.500000000000014 26.500000000000004 18.500000000000004 4.5000000000000009 49.224458694458015 49.273948669433601 46.822521209716804 67.954059600830092
decision_type=2 2 2 2 2 2 2 2 2 2 2 2 2 2 2 2 2 2 2 2 2 2 2 2 2 2 2 2 2 2
left_child=1 2 4 7 -1 18 19 14 -9 -10 -4 -5 13 -7 -3 20 23 -13 -2 -6 -16 -14 -23 24 -12 26 -8 -28 -26 -27
right_child=5 3 10 11 6 12 25 8 9 -11 16 17 21 -15 15 -17 -18 -19 -20 -21 -22 22 -24 -25 28 29 27 -29 -30 -31
leaf_value=-1.4956272589358628 -0.22426002250601479 -2.7697382246400259 -0.19456451976975553 5.5776042300240753 -0.24326415197803686 -2.3048135370785352 -0.50656947384536577 3.9203084705910238 9.9581270296750546 2.2749286839351335 -1.0608583137026775 0.76739394447864206 10.475487654583709 -22.50364582238495 -0.94966722060959086 -0.36272728770121176 1.2159357860343336 5.8998970110212605 8.1175777127618218 -0.75577987498965915 4.061946543137541 -0.77865556079871989 -3.8572270287532753 -1.1113163585809764 0.15780704658985592 1.4384246809747951 3.3968756894406469 0.57703876023331346 -1.7056236512305334 1.9657518791105411
leaf_weight=264 404 445 424 638 3422 1112 717 209 352 3392 255 1395 70 117 127 2709 29 538 215 139 358 1452 2002 294 167 1104 44 1041 39 814
leaf_count=264 404 445 424 638 3422 1112 717 209 352 3392 255 1395 70 117 127 2709 29 538 215 139 358 1452 2002 294 167 1104 44 1041 39 814
internal_value=0.000362317 0.00277541 -0.00191361 0.00681387 0.000762084 -0.00813462 0.00176484 0.00401733 0.00830993 0.0067573 -0.0186243 0.0150714 -0.0101513 -0.0174518 -0.000645764 0.00118969 -0.025507 0.0114583 0.00734938 -0.00290641 0.0139147 -0.00760478 -0.00822211 -0.0274798 -0.0200607 0.00623639 0.00194218 0.00705004 -0.00388161 0.0102706
internal_weight=24288 18916 8753 10163 7545 5372 7281 7592 3953 3744 1208 2571 4753 1229 3639 3194 784 1933 619 3561 485 3524 3454 755 461 3720 1802 1085 206 1918
internal_count=24288 18916 8753 10163 7545 5372 7281 7592 3953 3744 1208 2571 4753 1229 3639 3194 784 1933 619 3561 485 3524 3454 755 461 3720 1802 1085 206 1918
is_linear=0
shrinkage=0.05


Tree=17
num_leaves=31
num_cat=0
split_feature=4 9 13 10 12 13 13 5 13 13 8 10 12 12 11 13 8 13 13 14 12 12 2 12 8 1 8 1 11 12
split_gain=178.519 147.292 119.66 61.7037 61.5367 69.0311 51.5396 61.9409 47.2074 45.2268 43.9023 42.618 43.0053 39.9024 38.8817 46.3328 32.3419 30.5838 37.0432 29.4195 28.4245 27.397 26.7607 34.8185 27.7922 26.6353 26.4275 26.1859 25.967 37.521
threshold=1.0000000180025095e-35 3.5000000000000004 84.021179199218764 1.5000000000000002 40.618124008178718 48.216686248779304 67.249572753906264 1.0000000180025095e-35 22.754407882690433 75.742309570312514 0.027973395772278312 2.5000000000000004 48.948131561279304 52.542108535766609 32.405925750732429 92.21045303344728 0.074271079152822508 30.741165161132816 49.78405952453614 65.719970703125014 48.451128005981452 54.034259796142585 1.0000000180025095e-35 51.125007629394538 -0.35805164277553553 1.5000000000000002 0.014793417416512968 1.5000000000000002 47.687290191650398 47.980693817138679
decision_type=2 2 2 2 2 2 2 2 2 2 2 2 2 2 2 2 2 2 2 2 2 2 2 2 2 2 2 2 2 2
left_child=1 2 11 -2 17 -6 19 14 -5 -9 -4 -1 -13 20 -8 28 -17 -3 25 -7 -12 -15 23 -14 -24 -19 -10 -20 -16 -30
right_child=3 4 10 8 5 6 7 9 26 -11 13 12 22 21 15 16 -18 18 27 -21 -22 -23 24 -25 -26 -27 -28 -29 29 -31
leaf_value=-0.85130154791590051 11.298152549917305 5.1771888348131911 1.0101818339215343 1.6860995432347341 12.114249999163082 2.1283830703906998 -0.79377990165146317 4.0677293531111136 -3.2268860231830163 4.0601461680616442 -0.6285601981641874 -0.23632247292189171 2.015723756768439 2.2394537660113754 0.13143057233959468 0.31423776808567044 -0.37665682009027468 1.3430285148994869 -0.29259418756509065 -1.3197661761159987 -1.2241000304561169 -0.46622851208004373 2.0909207660069922 0.19553009344533978 -1.8666649280338303 -1.675194201545098 -2.3092687400013476 1.652185032561964 -0.39852646231246142 2.2757869045018224
leaf_weight=1288 116 531 74 586 420 1352 190 1357 1216 659 186 4289 228 37 273 141 258 58 232 967 345 161 1305 205 556 1953 3454 1384 77 390
leaf_count=1288 116 531 74 586 420 1352 190 1357 1216 659 186 4289 228 37 273 141 258 58 232 967 345 161 1305 205 556 1953 3454 1384 77 390
internal_value=0.000411724 0.00269612 -0.0020982 -0.00763202 0.00675643 0.00996039 0.00850974 0.0124809 -0.0084283 0.0180051 -0.0204831 -0.000222332 0.00140511 -0.0242079 0.00410052 0.00759371 -0.00613881 0.00206825 0.000427339 0.00278125 -0.03135 -0.00504796 0.00693082 0.0181251 0.0043254 -0.00410223 -0.0101068 0.00606398 0.014998 0.022158
internal_weight=24288 18916 8674 5372 10242 6084 5664 3345 5256 2016 803 7871 6583 729 1329 1139 399 4158 3627 2319 531 198 2294 433 1861 2011 4670 1616 740 467
internal_count=24288 18916 8674 5372 10242 6084 5664 3345 5256 2016 803 7871 6583 729 1329 1139 399 4158 3627 2319 531 198 2294 433 1861 2011 4670 1616 740 467
is_linear=0
shrinkage=0.05


Tree=18
num_leaves=31
num_cat=0
split_feature=2 13 13 3 13 10 12 13 14 12 12 13 10 0 12 13 0 11 12 8 12 12 11 8 0 12 12 11 12 8
split_gain=165.172 164.14 74.5133 56.5785 73.4608 85.6997 75.5313 57.2641 56.4361 48.2512 45.9408 45.3128 37.4103 45.8295 37.6403 42.3283 36.8039 33.6812 33.2393 39.3374 32.5358 53.8438 34.5747 31.473 36.2956 30.898 28.9244 28.1013 27.4688 26.5358
threshold=1.0000000180025095e-35 73.002231597900405 103.72949600219728 1.0000000180025095e-35 75.428649902343764 4.5000000000000009 53.81341743469239 23.505669593811039 27.630525588989261 50.337347030639656 40.618124008178718 56.303817749023445 4.5000000000000009 183.50000000000003 29.771375656127933 27.669736862182621 134.50000000000003 47.826915740966804 26.799804687500004 -0.37911385297775263 54.034259796142585 55.319793701171882 31.424530029296879 0.97746318578720104 454.50000000000006 37.773851394653327 35.266717910766609 50.74879455566407 34.706089019775398 -0.53801012039184559
decision_type=2 2 2 2 2 2 2 2 2 2 2 2 2 2 2 2 2 2 2 2 2 2 2 2 2 2 2 2 2 2
left_child=2 12 3 7 5 -5 8 26 25 -3 11 -7 14 -14 -2 28 29 -13 -15 -20 -8 -22 -23 24 -18 -6 -1 -11 -16 -9
right_child=1 9 -4 4 6 10 20 16 -10 27 -12 17 13 18 15 -17 23 -19 19 -21 21 22 -24 -25 -26 -27 -28 -29 -30 -31
leaf_value=-0.27202531588334722 -2.547448020474961 4.0027813454740526 -0.83496779581332314 -0.022285295540621065 -0.69776841166041204 1.2046104078086686 3.6291698309443996 -1.8670050423885123 -0.86987731109913247 3.9372458714390968 2.9851026723000715 -0.63554100951614201 0.67582622937734593 15.408753713671445 0.20841262719436743 -0.16629192569154264 -4.1627285166865651 2.0081651197059958 7.9563831112469918 2.3269196020068961 -1.7591533018176542 -0.91818777852512246 0.68132045125546414 -3.2115501084504405 -28.741947321215321 0.0051407129601578564 6.9333976839579652 -2.0738771908467357 15.049733046550489 -0.81848675337209986
leaf_weight=439 644 555 276 1724 113 128 53 477 684 755 459 144 4782 130 90 5001 533 61 319 1567 39 29 243 1225 136 803 230 191 126 2332
leaf_count=439 644 555 276 1724 113 128 53 477 684 755 459 144 4782 130 90 5001 533 61 319 1567 39 29 243 1225 136 803 230 191 126 2332
internal_value=0.00043231 0.00391946 -0.00444308 -0.00372509 0.000424098 0.00608084 -0.00682246 -0.00718527 -0.0114993 0.0195523 0.0196945 0.00555389 0.00206571 0.00458952 -0.000861613 0.000546281 -0.00913227 -0.00901999 0.0109122 0.00922539 0.0137325 0.00755384 0.0154355 -0.0145188 -0.0232402 -0.00338391 0.00650127 0.0126836 0.0222119 -0.00549998
internal_weight=24288 14160 10128 9852 4480 2516 1964 5372 1600 1501 792 333 12659 6798 5861 5217 4703 205 2016 1886 364 311 272 1894 669 916 669 946 216 2809
internal_count=24288 14160 10128 9852 4480 2516 1964 5372 1600 1501 792 333 12659 6798 5861 5217 4703 205 2016 1886 364 311 272 1894 669 916 669 946 216 2809
is_linear=0
shrinkage=0.05


Tree=19
num_leaves=31
num_cat=0
split_feature=9 7 13 13 4 12 13 12 10 13 13 11 12 13 0 12 14 0 8 11 13 0 0 11 10 0 0 0 13 13
split_gain=162.289 94.4921 92.1648 86.7292 64.9088 59.5326 47.613 45.1526 42.2391 40.9367 53.6568 54.8639 42.2117 35.9612 45.3971 41.1523 35.2313 34.6784 51.3833 34.2401 33.1188 32.8258 32.1428 31.3517 28.7351 31.503 25.7795 23.9253 24.4717 22.7076
threshold=3.5000000000000004 1.0000000180025095e-35 98.555053710937514 32.328477859497077 1.0000000180025095e-35 38.754013061523445 96.76904678344728 33.965169906616218 1.5000000000000002 48.216686248779304 67.249572753906264 37.301280975341804 47.861955642700202 83.201320648193374 42.500000000000007 48.948131561279304 41.783210754394538 134.50000000000003 0.99803149700164806 61.102115631103523 75.428649902343764 333.50000000000006 47.500000000000007 38.780080795288093 1.5000000000000002 107.50000000000001 96.500000000000014 22.500000000000004 50.500770568847663 76.098167419433608
decision_type=2 2 2 2 2 2 2 2 2 2 2 2 2 2 2 2 2 2 2 2 2 2 2 2 2 2 2 2 2 2
left_child=2 5 4 7 8 27 9 -3 26 -7 -11 12 -12 15 16 20 -15 -5 21 -13 -10 -19 -16 -17 -6 -26 -1 29 -29 -2
right_child=1 3 -4 17 24 6 -8 -9 13 10 11 19 -14 14 22 23 -18 18 -20 -21 -22 -23 -24 -25 25 -27 -28 28 -30 -31
leaf_value=-1.3101345339081623 -0.56987120975947292 -0.030633115319393413 -0.91983414933211449 -0.0018428007393531233 7.9541159219441147 11.320448039722118 -0.20260376275394557 7.2438401915374442 -0.21844596577887643 1.0985091236730178 3.5939944913726096 2.7193914956222089 0.030496748913662587 -0.41444116490390287 2.8731800131095313 1.3234148844832447 -1.6194011633783547 -3.8834531916002804 -2.2229418756528627 1.8327138694257401 -0.81604726070554257 -14.902267528018115 -1.2724235481839234 0.15168756621029972 -1.3223903972358986 -6.2869350525571335 0.69011550206602479 0.031490122913515606 1.5802425732292364 -0.64033850380012935
leaf_weight=309 702 493 266 1113 70 404 249 471 4634 2190 213 1831 892 290 61 1154 144 340 1139 109 142 218 48 1547 1877 660 79 1606 989 48
leaf_count=309 702 493 266 1113 70 404 249 471 4634 2190 213 1831 892 290 61 1154 144 340 1139 109 142 218 48 1547 1877 660 79 1606 989 48
internal_value=0.000395255 0.00420155 -0.0039934 -0.00246416 -0.00329094 0.00692617 0.00995228 0.0104761 -0.00115365 0.0108971 0.00971328 0.0140061 0.00511266 -0.00037406 -0.0127969 0.00052828 -0.0200415 -0.00690367 -0.0114018 0.0190712 -0.00226126 -0.0238309 0.0160403 0.00546074 -0.0101837 -0.0110559 -0.0172636 0.00159935 0.00387268 -0.00626583
internal_weight=24288 13007 11281 3774 11015 9233 5888 964 8408 5639 5235 3045 1105 8020 543 7477 434 2810 1697 1940 4776 558 109 2701 2607 2537 388 3345 2595 750
internal_count=24288 13007 11281 3774 11015 9233 5888 964 8408 5639 5235 3045 1105 8020 543 7477 434 2810 1697 1940 4776 558 109 2701 2607 2537 388 3345 2595 750
is_linear=0
shrinkage=0.05


Tree=20
num_leaves=31
num_cat=0
split_feature=2 13 13 9 0 8 1 9 13 1 8 13 8 0 10 10 14 13 13 8 9 0 13 11 14 13 0 0 10 11
split_gain=202.367 142.149 69.3792 52.874 67.143 55.4204 47.3812 39.4003 42.3426 34.9502 44.2261 31.7932 28.8237 31.9782 24.9498 24.5844 24.5197 47.4136 25.8464 23.9355 23.8262 22.845 21.3904 20.1265 19.5912 31.8821 28.7006 23.9215 21.0481 19.2397
threshold=1.0000000180025095e-35 74.361293792724624 103.72949600219728 3.5000000000000004 183.50000000000003 0.50084173679351818 6.5000000000000009 3.5000000000000004 26.589126586914066 6.5000000000000009 -0.95341250300407399 17.830595970153812 0.0014035426429472866 12.500000000000002 1.5000000000000002 1.5000000000000002 22.376512527465824 75.742309570312514 67.249572753906264 -0.4995256215333938 4.5000000000000009 497.50000000000006 34.443407058715827 30.86307525634766 42.968502044677741 94.626880645751967 126.50000000000001 12.500000000000002 1.5000000000000002 61.102115631103523
decision_type=2 2 2 2 2 2 2 2 2 2 2 2 2 2 2 2 2 2 2 2 2 2 2 2 2 2 2 2 2 2
left_child=2 7 3 24 11 21 29 15 -9 12 -11 -5 13 -10 -7 -2 -13 18 -18 -8 -4 -6 -16 -19 27 26 28 -1 -26 -3
right_child=1 6 20 4 5 14 19 8 9 10 -12 16 -14 -15 22 -17 17 23 -20 -21 -22 -23 -24 -25 25 -27 -28 -29 -30 -31
leaf_value=-0.81527003159015055 -2.2816911590872393 5.0558417919978229 -0.98841591883845692 6.1404755295674676 -4.3343121222439462 16.660079119665159 3.5779166586228395 8.210559768681545 -1.8456588137919885 3.2922706261506267 -1.9230519311327492 0.82497778213145456 0.94644310137130638 3.8965934781785054 2.0999053837280672 0.031875315668037273 0.24239444272183458 -1.5498146003381663 1.4918308854743865 -6.8876559163570228 -0.15849823114495082 -27.460662968303701 -3.2750355631202215 -0.31121866178996282 -3.0229613987470203 -1.5318175172348014 -6.5682420342678132 -0.13780132103539841 -0.7858239445638846 1.6320417489252819
leaf_weight=385 113 818 195 110 294 67 182 395 280 300 1445 936 2898 1884 288 5551 1484 41 203 79 72 105 765 450 80 70 485 2150 1899 100
leaf_count=385 113 818 195 110 294 67 182 395 280 300 1445 936 2898 1884 288 5551 1484 41 203 79 72 105 765 450 80 70 485 2150 1899 100
internal_value=0.000410378 0.00428975 -0.00499549 -0.004311 -0.00051654 -0.00918307 0.0209058 0.00276696 0.0052207 0.00429698 -0.00180505 0.00356689 0.00640051 0.0107666 -0.00348183 -0.000353101 0.00263318 -0.000275469 0.00370458 0.00210647 -0.0301385 -0.0251817 -0.00536511 -0.0139483 -0.00786136 -0.0109704 -0.0100239 -0.00475326 -0.00735183 0.0262499
internal_weight=24124 14045 10079 9812 4743 1519 1179 12866 7202 6807 1745 3224 5062 2164 1120 5664 3114 2178 1687 261 267 399 1053 491 5069 2534 2464 2535 1979 918
internal_count=24124 14045 10079 9812 4743 1519 1179 12866 7202 6807 1745 3224 5062 2164 1120 5664 3114 2178 1687 261 267 399 1053 491 5069 2534 2464 2535 1979 918
is_linear=0
shrinkage=0.05


Tree=21
num_leaves=31
num_cat=0
split_feature=2 13 13 12 12 9 10 13 12 13 13 12 9 12 8 13 12 13 3 10 11 12 13 10 11 11 1 8 13 3
split_gain=185.355 136.357 64.7922 56.5888 56.3619 42.9458 39.5304 44.3849 51.5205 61.5861 54.6182 35.7845 32.3458 31.9791 37.0461 30.9832 32.2137 29.5022 50.5878 48.4938 45.8883 40.3735 39.3608 38.3895 31.037 44.3326 29.2359 27.7864 26.1869 26.8451
threshold=1.0000000180025095e-35 74.683879852294936 103.72949600219728 49.056907653808601 55.998853683471687 2.5000000000000004 4.5000000000000009 24.12955474853516 40.618124008178718 50.863607406616218 55.415325164794929 29.569596290588382 3.5000000000000004 47.620552062988288 -0.92228758335113514 35.030492782592781 34.100557327270515 80.965160369873061 1.0000000180025095e-35 3.5000000000000004 26.310268402099613 60.742162704467781 30.741165161132816 4.5000000000000009 35.111595153808601 49.087142944335945 5.5000000000000009 0.034270063042640693 13.382874965667726 1.0000000180025095e-35
decision_type=2 2 2 2 2 2 2 2 2 2 2 2 2 2 2 2 2 2 2 2 2 2 2 2 2 2 2 2 2 2
left_child=2 6 3 12 -3 -6 11 -8 10 -10 -9 -2 -1 -11 -15 16 -13 18 22 -20 -21 23 -5 24 -19 -26 -7 -27 -14 -30
right_child=1 4 -4 17 5 26 7 8 9 13 -12 15 28 14 -16 -17 -18 21 19 20 -22 -23 -24 -25 25 27 -28 -29 29 -31
leaf_value=-0.75588467271743731 -2.2866170438060296 4.1890027628878661 -0.69780690261412848 7.7059905111619065 -7.6980182709054477 2.8727649017056041 10.75170893714651 -1.2040107984873374 10.787905562759002 7.119463767894648 6.287869576675674 -0.038558224399015732 3.8583841511931229 3.2024514057647013 0.71216922432233898 -0.15448206558543004 3.5596325667266657 -1.0660083483718805 -0.0043123729124925347 -1.2046717085126097 2.6609994479546515 1.4091117988011206 -1.0426659991442104 -0.90214085056115501 0.77390089833173059 3.1726871317054681 -1.7757419141030195 -0.32917572564062925 -2.2655679409445262 0.094517848735574728
leaf_weight=3520 589 800 267 136 70 151 191 2587 391 241 349 316 115 841 2352 4724 341 68 446 56 552 51 1052 214 145 25 102 274 2003 1155
leaf_count=3520 589 800 267 136 70 151 191 2587 391 241 349 316 115 841 2352 4724 341 68 446 56 552 51 1052 214 145 25 102 274 2003 1155
internal_value=0.000455976 0.00416871 -0.00471768 -0.00405622 0.0208797 0.00324977 0.00271628 0.00527898 0.00460724 0.00843115 -0.000374647 -0.000268002 -0.00658757 0.00628986 0.00496383 0.0010128 0.0111855 0.00163956 0.00454931 0.0125225 0.021707 -0.00675589 -0.00252504 -0.00977827 -0.00234329 0.00247692 0.0128408 -0.00852558 -0.00300938 -0.00386308
internal_weight=24124 14045 10079 9812 1123 323 12922 6952 6761 3825 2936 5970 6793 3434 3193 5381 657 3019 2242 1054 608 777 1188 726 512 444 253 299 3273 3158
internal_count=24124 14045 10079 9812 1123 323 12922 6952 6761 3825 2936 5970 6793 3434 3193 5381 657 3019 2242 1054 608 777 1188 726 512 444 253 299 3273 3158
is_linear=0
shrinkage=0.05


Tree=22
num_leaves=31
num_cat=0
split_feature=2 13 13 12 12 9 9 13 3 10 12 11 13 12 9 0 8 13 12 13 5 13 12 8 13 12 13 13 9 9
split_gain=177.441 131.575 63.333 53.3552 50.2626 39.4334 36.6459 32.9658 47.8864 45.7644 45.2576 42.0126 41.3275 35.2826 32.6272 51.8071 35.6029 31.8744 39.047 50.5326 46.3491 37.6721 27.2473 26.4422 25.2675 29.1093 26.7211 24.9332 24.906 23.6166
threshold=1.0000000180025095e-35 75.041618347167983 103.72949600219728 50.950229644775398 49.118940353393562 3.5000000000000004 3.5000000000000004 80.965160369873061 1.0000000180025095e-35 3.5000000000000004 53.027666091918952 26.310268402099613 30.741165161132816 50.138500213623054 3.5000000000000004 186.50000000000003 0.50084173679351818 26.589126586914066 40.618124008178718 50.863607406616218 1.0000000180025095e-35 49.78405952453614 47.620552062988288 -0.92228758335113514 76.098167419433608 48.007003784179695 69.064975738525405 94.626880645751967 4.5000000000000009 4.5000000000000009
decision_type=2 2 2 2 2 2 2 2 2 2 2 2 2 2 2 2 2 2 2 2 2 2 2 2 2 2 2 2 2 2
left_child=2 6 4 -3 14 -5 -2 8 12 -10 13 -11 -6 -9 -1 24 -17 -8 21 -20 -21 -19 -22 -24 26 -26 -16 -27 -28 -4
right_child=1 3 29 5 7 -7 17 10 9 11 -12 -13 -14 -15 15 16 -18 18 19 20 22 -23 23 -25 25 27 28 -29 -30 -31
leaf_value=-0.70889552859203853 -0.11108557438204976 3.0093319223161319 -0.90410477776582787 -1.4865439683377888 7.6213121614427237 4.1226497366565544 7.6024843413317029 0.080684252625647629 0.0021572825524614815 -1.1444381230869796 0.2015409341307553 2.5455032526009642 -1.0068397502220947 -0.86667792141506761 0.34530295142311901 -8.0542459217639113 -2.138750081466545 -1.3312169019665323 9.919381505055151 -7.4452158789609841 6.7634905794999156 1.7945941964631744 3.4591423222525663 1.1486908056947733 -0.57671867439025204 0.75854685198166794 0.10113252145401504 -0.22202165197777932 1.2737231564465965 -0.11568297445699685
leaf_weight=3601 5709 414 195 205 131 443 395 140 429 56 311 535 1005 261 1649 315 764 2048 457 199 185 1119 494 2377 226 165 89 56 79 72
leaf_count=3601 5709 414 195 205 131 443 395 140 429 56 311 535 1005 261 1649 315 764 2048 457 199 185 1119 494 2377 226 165 89 56 79 72
internal_value=0.00044354 0.00407615 -0.00461847 0.0209961 -0.00396449 0.0120352 0.00269196 0.00160385 0.00468438 0.0125478 -0.00772363 0.02157 -0.00237655 -0.0188232 -0.00626431 -0.00270707 -0.0117227 0.0050453 0.00425201 0.00773147 0.00554514 0.00017366 0.00706783 0.00586883 0.00159004 -0.00905838 0.00421 0.00384441 0.0232005 -0.028641
internal_weight=24124 14045 10079 1062 9812 648 12983 2868 2156 1020 712 591 1136 401 6944 3343 1079 7274 6879 3712 3255 3167 3056 2871 2264 447 1817 221 168 267
internal_count=24124 14045 10079 1062 9812 648 12983 2868 2156 1020 712 591 1136 401 6944 3343 1079 7274 6879 3712 3255 3167 3056 2871 2264 447 1817 221 168 267
is_linear=0
shrinkage=0.05


Tree=23
num_leaves=31
num_cat=0
split_feature=2 13 13 12 12 9 1 8 9 14 13 8 12 13 13 0 9 11 3 13 10 11 12 10 11 11 11 8 12 13
split_gain=168.523 132.24 64.2782 53.3552 46.3987 35.525 36.2554 37.8294 35.3045 34.6605 33.5291 31.0212 34.6444 27.2621 25.7492 31.415 36.3901 25.5592 28.3292 47.949 36.7724 35.4497 34.2999 36.734 32.9493 26.8071 27.1386 25.4611 25.3755 25.1923
threshold=1.0000000180025095e-35 75.041618347167983 103.72949600219728 50.950229644775398 49.118940353393562 3.5000000000000004 6.5000000000000009 -0.95341250300407399 3.5000000000000004 350.76643371582037 33.113262176513679 0.0014035426429472866 40.618124008178718 30.741165161132816 24.708065986633304 223.50000000000003 3.5000000000000004 61.023616790771491 1.0000000180025095e-35 80.965160369873061 3.5000000000000004 26.310268402099613 60.742162704467781 4.5000000000000009 35.111595153808601 49.087142944335945 57.965570449829109 0.77842378616333019 51.595560073852546 49.621044158935554
decision_type=2 2 2 2 2 2 2 2 2 2 2 2 2 2 2 2 2 2 2 2 2 2 2 2 2 2 2 2 2 2
left_child=2 5 4 -3 9 -2 10 -8 -5 14 -7 12 29 -6 -1 16 -16 18 -15 20 -20 -22 23 24 -21 -26 -27 -17 -25 -12
right_child=1 3 -4 8 13 6 7 -9 -10 -11 11 -13 -14 17 15 27 -18 -19 19 22 21 -23 -24 28 25 26 -28 -29 -30 -31
leaf_value=1.0833682482003482 -0.10553129566294715 2.8588653262003252 -0.61771131859513062 -1.4122167699208994 7.5324269335154854 7.8257200052367288 2.7945774084422315 -1.50023062962092 3.9165172498237268 -3.6650868414211559 -1.6259679206434798 0.68952106590379381 4.6381810453409633 -0.94019071167589507 -0.5682250383307359 -9.2841559505415372 0.040074408270763945 -1.448533050772014 0.015750249255782479 -0.99607950627117858 -1.0872162169326303 2.4141261647275121 1.3285791621545266 -1.2249992711172526 0.69360104086797603 -0.31493884085345969 3.0100185624889124 -2.8953520398239729 -0.24363524438100478 2.8401134096739957
leaf_weight=641 5709 414 267 205 133 505 306 1561 443 443 501 2766 1269 1002 2792 280 2135 39 417 66 56 534 51 88 136 226 24 653 96 366
leaf_count=641 5709 414 267 205 133 505 306 1561 443 443 501 2766 1269 1002 2792 280 2135 39 417 66 56 534 51 88 136 226 24 653 96 366
internal_value=0.000493283 0.00403344 -0.00443988 0.0209961 -0.00378105 0.00264575 0.00496281 -0.0010444 0.0120352 -0.0059907 0.00703704 0.00577304 0.0102991 0.00156898 -0.00506837 -0.00610911 -0.00451584 0.000493583 0.00107563 0.00501741 0.011965 0.0199966 -0.00516664 -0.00833202 -0.00066357 0.004921 -0.00479808 -0.0145215 -0.0271592 0.00259486
internal_weight=24124 14045 10079 1062 9812 12983 7274 1867 648 6944 5407 4902 2136 2868 6501 5860 4927 2735 2696 1694 1007 590 687 636 452 386 250 933 184 867
internal_count=24124 14045 10079 1062 9812 12983 7274 1867 648 6944 5407 4902 2136 2868 6501 5860 4927 2735 2696 1694 1007 590 687 636 452 386 250 933 184 867
is_linear=0
shrinkage=0.05


Tree=24
num_leaves=31
num_cat=0
split_feature=2 13 13 12 12 9 10 0 9 0 13 13 14 10 13 12 12 9 11 13 12 12 13 13 1 12 5 13 11 13
split_gain=155.132 132.93 62.0667 52.7395 46.0724 40.4041 36.668 37.2728 32.0727 45.7253 35.2306 42.8665 42.2388 33.2713 33.1174 30.8539 29.8722 27.8196 33.0221 27.1734 26.5229 25.9651 50.2612 42.9256 24.5054 24.3635 28.4039 22.1167 20.1708 19.6997
threshold=1.0000000180025095e-35 73.519893646240249 100.89768600463869 50.950229644775398 53.599163055419929 3.5000000000000004 4.5000000000000009 178.50000000000003 3.5000000000000004 186.50000000000003 75.742309570312514 67.249572753906264 20.587439537048343 3.5000000000000004 25.316832542419437 29.569596290588382 56.160091400146491 2.5000000000000004 47.687290191650398 35.030492782592781 34.100557327270515 40.618124008178718 50.863607406616218 55.415325164794929 1.5000000000000002 26.799804687500004 1.0000000180025095e-35 20.473286628723148 48.928390502929695 61.819993972778327
decision_type=2 2 2 2 2 2 2 2 2 2 2 2 2 2 2 2 2 2 2 2 2 2 2 2 2 2 2 2 2 2
left_child=2 6 4 -3 8 -5 15 21 28 10 11 27 -12 14 -11 -2 -4 -6 -19 20 -17 23 -23 -8 -20 -9 -27 -10 -1 -24
right_child=1 3 16 5 17 -7 7 25 9 13 12 -13 -14 -15 -16 19 -18 18 24 -21 -22 22 29 -25 -26 26 -28 -29 -30 -31
leaf_value=-0.37829073696768156 -2.1360394504141444 2.9473310851328467 -0.95401325980439045 -1.3144744977829887 -0.38815778268510548 3.8482037993329605 -1.5151088488272979 13.479187312582759 5.9306629358724141 14.243084057736523 0.40256220784844765 1.3926217691485989 -0.50450048267667291 -4.5299726677031842 -1.5005844378327744 -0.082773786021887841 -0.17194948810076058 0.10867823844164307 3.0637853818507299 -0.19056248649181315 3.2572993672643267 8.6681813476940466 -1.22932312510118 5.9392517562144382 3.3219006461021729 -1.9164792337218644 4.2769011774087629 0.11634261499854599 -0.91082651806233317 1.6641212778034777
leaf_weight=2926 589 565 185 269 226 554 2028 126 148 51 340 323 417 919 393 316 174 307 118 4629 341 267 666 248 170 259 1662 1709 1673 1526
leaf_count=2926 589 565 185 269 226 554 2028 126 148 51 340 323 417 919 393 316 174 307 118 4629 341 267 666 248 170 259 1662 1709 1673 1526
internal_value=0.000501573 0.00389816 -0.00423153 0.0185866 -0.00347733 0.0105091 0.00228725 0.00479203 -0.00452293 -0.00141857 0.0020939 0.00532086 -0.00719852 -0.00898687 0.00225175 -0.000604245 -0.0246449 0.00785532 0.0135271 0.000605361 0.0101202 0.00235475 0.0059168 -0.00149378 0.0256855 0.0104294 0.00903128 0.00239621 -0.00742537 0.00342138
internal_weight=24124 14045 10079 1388 9720 823 12657 6782 8899 4300 2937 2180 757 1363 444 5875 359 821 595 5286 657 4735 2459 2276 288 2047 1921 1857 4599 2192
internal_count=24124 14045 10079 1388 9720 823 12657 6782 8899 4300 2937 2180 757 1363 444 5875 359 821 595 5286 657 4735 2459 2276 288 2047 1921 1857 4599 2192
is_linear=0
shrinkage=0.05


Tree=25
num_leaves=31
num_cat=0
split_feature=2 13 12 13 3 13 12 10 14 12 11 13 9 10 0 12 9 12 8 10 12 12 11 10 12 13 8 13 12 9
split_gain=125.289 145.022 55.4848 44.9674 50.423 64.1173 70.1564 63.3777 45.8706 43.8308 39.9731 39.2982 37.6124 34.394 41.4486 32.2764 31.023 30.5449 32.183 29.2043 27.02 26.905 26.3673 30.9297 30.029 25.9271 28.9503 25.6701 25.5599 27.4527
threshold=1.0000000180025095e-35 73.519893646240249 56.067777633666999 100.89768600463869 1.0000000180025095e-35 75.742309570312514 53.81341743469239 4.5000000000000009 27.630525588989261 26.799804687500004 26.756301879882816 25.316832542419437 2.5000000000000004 4.5000000000000009 183.50000000000003 27.312630653381351 1.5000000000000002 26.799804687500004 -0.42163050174713129 3.5000000000000004 29.771375656127933 54.450002670288093 34.52833557128907 1.5000000000000002 27.312630653381351 57.913679122924812 -0.92228758335113514 35.030492782592781 32.98573303222657 2.5000000000000004
decision_type=2 2 2 2 2 2 2 2 2 2 2 2 2 2 2 2 2 2 2 2 2 2 2 2 2 2 2 2 2 2
left_child=3 13 -3 4 11 7 8 16 -7 -9 -11 15 -4 20 25 -1 22 -16 -19 -8 -2 -5 -6 -24 -25 -15 -27 28 -22 -30
right_child=1 2 12 21 5 6 19 9 -10 10 -12 -13 -14 14 17 -17 -18 18 -20 -21 27 -23 23 24 -26 26 -28 -29 29 -31
leaf_value=-1.098624288797224 -1.9195340936590939 3.7123302147048927 -5.8490623583336454 -0.88071197561265502 -0.88841003397757268 -0.060995091350712016 -0.53126661415326826 -0.64842315361251157 -0.73775164540862836 -0.56293766434095505 1.8316151273006356 -1.9566748656182484 1.0854157143232115 -0.5183610705987256 12.797146746648654 3.1719134494624459 0.26030474200532655 6.274333578335737 2.3386747465152453 1.1355539983542629 -0.4154822367052578 -0.18960854071823655 -1.1145062108788175 -0.64548083182321148 1.1720121758933491 2.9035271471084729 0.56364799961526557 -0.22005523970272806 -0.65073217914087711 5.7265852674244719
leaf_weight=198 654 1034 79 157 138 881 74 62 654 90 643 4541 277 2750 123 609 1434 296 1613 217 237 194 66 38 88 749 1302 4583 125 301
leaf_count=198 654 1034 79 157 138 881 74 62 654 90 643 4541 277 2750 123 609 1434 296 1613 217 237 194 66 38 88 749 1302 4583 125 301
internal_value=0.000617587 0.00365713 0.0189914 -0.00363939 -0.00300521 0.000969191 -0.00618805 0.00607635 -0.0104553 0.0177965 0.0212113 -0.00626391 0.00196574 0.00198302 0.00439771 0.00390286 0.000793606 0.0103833 0.00882615 0.0163174 -0.000813546 -0.021219 -0.0130264 -0.00104112 0.0134814 0.00186416 0.00611867 0.000381236 0.00957623 0.0168974
internal_weight=24207 14123 1390 10084 9733 4385 1826 2559 1535 795 733 5348 356 12733 6833 807 1764 2032 1909 291 5900 351 330 192 126 4801 2051 5246 663 426
internal_count=24207 14123 1390 10084 9733 4385 1826 2559 1535 795 733 5348 356 12733 6833 807 1764 2032 1909 291 5900 351 330 192 126 4801 2051 5246 663 426
is_linear=0
shrinkage=0.05


Tree=26
num_leaves=31
num_cat=0
split_feature=4 0 13 13 10 8 10 10 2 13 9 14 0 0 1 12 8 0 2 11 13 12 13 0 8 0 9 8 13 1
split_gain=124.665 116.434 83.4171 72.7631 61.8362 43.7276 37.9134 37.2071 47.5034 37.3492 35.4339 38.7655 34.2862 44.0438 32.3309 32.2151 35.5513 38.2685 30.0611 53.3349 54.7476 28.4197 34.5081 27.2071 26.2099 37.1406 24.2773 23.55 23.4111 23.5797
threshold=1.0000000180025095e-35 41.500000000000007 84.021179199218764 69.709499359130874 1.5000000000000002 -0.4995256215333938 1.5000000000000002 4.5000000000000009 1.0000000180025095e-35 32.328477859497077 4.5000000000000009 40.355499267578132 68.500000000000014 45.500000000000007 2.5000000000000004 47.488933563232429 -0.92228758335113514 20.500000000000004 1.0000000180025095e-35 35.692199707031257 74.361293792724624 51.595560073852546 75.428649902343764 134.50000000000003 0.86684119701385509 497.50000000000006 3.5000000000000004 0.77842378616333019 49.976116180419929 10.500000000000002
decision_type=2 2 2 2 2 2 2 2 2 2 2 2 2 2 2 2 2 2 2 2 2 2 2 2 2 2 2 2 2 2
left_child=1 2 4 7 -1 -5 -2 -3 -9 -10 11 -4 13 21 -14 27 17 -17 19 20 -18 22 -7 26 25 -25 -8 -6 -20 -30
right_child=6 3 10 5 15 12 23 8 9 -11 -12 -13 14 -15 -16 16 18 -19 28 -21 -22 -23 -24 24 -26 -27 -28 -29 29 -31
leaf_value=-1.1194953825152716 9.7086858253691162 0.019558047172940365 -0.35331114627055238 4.1062027318313197 -0.29408134202274905 1.4500416364659934 -1.2948919401736425 3.0061766088048678 8.1028487709066503 1.7802458872344133 0.029845150321730785 -1.153024432285825 4.1294932985139639 -0.3228525228517789 1.7210867549372666 1.0717191391112806 0.73728089618602943 5.2875561214845579 5.5702761554299274 1.0425351881779534 -0.99117032892733192 2.8538184128404795 -0.77719007599600731 -3.2506032017912321 -2.1694883741488336 -25.413307024067308 0.60770198480656346 1.7384736146223547 -0.74847195018988522 -4.1483039797219874
leaf_weight=270 113 3678 624 623 3320 33 2024 215 347 3443 219 255 493 413 762 1103 166 286 129 470 228 88 54 602 1400 125 1084 259 1197 184
leaf_count=270 113 3678 624 623 3320 33 2024 215 347 3443 219 255 493 413 762 1103 166 286 129 470 228 88 54 602 1400 125 1084 259 1197 184
internal_value=0.000642374 0.00255314 -0.0016877 0.00619267 0.000170781 0.0136653 -0.00609562 0.00379404 0.00712841 0.00583098 -0.0145706 -0.0190536 0.00979328 -0.000170039 0.014461 0.00103513 0.0042651 0.0106184 0.000547576 0.00798519 -0.00558234 0.0208452 0.000574053 -0.00671429 -0.0110714 -0.0187732 -0.00373218 -0.00236093 -0.00370836 -0.00561147
internal_weight=24207 18859 8710 10149 7612 2466 5348 7683 4005 3790 1098 879 1843 588 1255 7342 3763 1389 2374 864 394 175 87 5235 2127 727 3108 3579 1510 1381
internal_count=24207 18859 8710 10149 7612 2466 5348 7683 4005 3790 1098 879 1843 588 1255 7342 3763 1389 2374 864 394 175 87 5235 2127 727 3108 3579 1510 1381
is_linear=0
shrinkage=0.05


Tree=27
num_leaves=31
num_cat=0
split_feature=9 7 0 2 8 12 1 0 8 0 11 9 8 12 0 8 11 10 0 10 9 0 8 11 10 2 0 0 0 12
split_gain=115.134 83.1739 49.8077 49.6133 45.2931 62.5636 56.4654 31.3484 57.1594 39.236 24.761 24.5312 22.6698 21.6305 40.0807 20.5023 18.9265 18.5594 18.5018 17.7 17.4972 21.9764 18.6831 16.5186 19.1862 16.1405 14.9433 14.9276 14.8273 14.5532
threshold=3.5000000000000004 1.0000000180025095e-35 661.50000000000011 1.0000000180025095e-35 0.058866845443844802 38.754013061523445 6.5000000000000009 111.50000000000001 0.99803149700164806 559.50000000000011 48.928390502929695 2.5000000000000004 -0.97710916399955738 49.910873413085945 36.500000000000007 -0.87165910005569447 52.842067718505866 1.5000000000000002 70.500000000000014 4.5000000000000009 4.5000000000000009 40.500000000000007 0.074271079152822508 61.102115631103523 4.5000000000000009 1.0000000180025095e-35 37.500000000000007 34.500000000000007 24.500000000000004 34.020851135253913
decision_type=2 2 2 2 2 2 2 2 2 2 2 2 2 2 2 2 2 2 2 2 2 2 2 2 2 2 2 2 2 2
left_child=3 2 4 10 5 28 15 19 9 25 -1 -12 -8 -13 16 -7 -15 -5 -16 -3 21 26 -23 24 -4 -9 27 -6 -2 -19
right_child=1 7 23 17 20 6 12 8 -10 -11 11 13 -14 14 18 -17 -18 29 -20 -21 -22 22 -24 -25 -26 -27 -28 -29 -30 -31
leaf_value=-0.23500731957987783 -1.0802000668046794 2.2315692199733372 0.84144851289718658 -1.927875336591852 -0.34329671507068016 4.6196199925835932 3.5726063223200222 -2.3245147358710683 -0.14438006485284091 -28.286679120697755 -1.0010108077456594 -0.4609500357209857 -0.10934738996295473 0.066508320423475459 2.6198694148229316 1.810770402151636 -0.58564596390256296 -1.1812888436744124 1.2125034131523058 -0.53125506133606137 0.43085145344655551 2.4351180665195202 -0.013421797955626858 0.29964723867871329 5.7049990074020442 -9.5094982834326984 -1.2259492688352296 2.9330622526066628 1.0641595647322397 0.38048489759585941
leaf_weight=3131 599 692 430 106 456 512 162 591 1691 117 1333 487 812 67 78 1508 49 1261 42 541 1841 30 1135 41 634 134 56 27 990 4654
leaf_count=3131 599 692 430 106 456 512 162 591 1691 117 1333 487 812 67 78 1508 49 1261 42 541 1841 30 1135 41 634 134 56 27 990 4654
internal_value=0.000617587 0.0038195 0.00637381 -0.00309598 0.00501962 0.00830224 0.012558 -0.00244285 -0.00562552 -0.0162689 -0.00668003 -0.010943 0.00266913 -0.00352648 0.00889454 0.0173259 -0.0120586 -8.30413e-06 0.0291424 0.00409537 0.000775719 -0.00287542 0.00098704 0.0163334 0.0151302 -0.0119294 -0.0112224 -0.00838336 0.000283179 0.000363477
internal_weight=24207 12999 9233 11208 8128 4583 2994 3766 2533 842 5187 2056 974 723 236 2020 116 6021 120 1233 3545 1704 1165 1105 1064 725 539 483 1589 5915
internal_count=24207 12999 9233 11208 8128 4583 2994 3766 2533 842 5187 2056 974 723 236 2020 116 6021 120 1233 3545 1704 1165 1105 1064 725 539 483 1589 5915
is_linear=0
shrinkage=0.05


Tree=28
num_leaves=31
num_cat=0
split_feature=9 12 5 13 13 4 0 13 13 10 13 14 10 0 13 8 3 13 1 1 13 13 1 12 8 1 12 12 10 14
split_gain=109.599 77.9537 52.1797 83.7143 49.062 45.3805 42.8082 39.3733 35.7211 35.389 41.4574 34.8427 30.4507 30.0498 33.0785 32.1224 31.2621 28.8084 27.0974 26.0887 26.0692 48.7737 27.0016 25.8601 25.1816 23.773 22.1958 25.777 21.8709 27.1055
threshold=3.5000000000000004 38.754013061523445 1.0000000180025095e-35 74.683879852294936 103.72949600219728 1.0000000180025095e-35 40.500000000000007 49.031562805175788 20.473286628723148 1.5000000000000002 82.562618255615249 41.783210754394538 3.5000000000000004 338.50000000000006 75.742309570312514 0.99803149700164806 1.0000000180025095e-35 92.21045303344728 5.5000000000000009 4.5000000000000009 33.113262176513679 49.78405952453614 1.5000000000000002 47.830930709838874 -0.89503732323646534 1.5000000000000002 34.706089019775398 34.766277313232429 3.5000000000000004 45.216796875000007
decision_type=2 2 2 2 2 2 2 2 2 2 2 2 2 2 2 2 2 2 2 2 2 2 2 2 2 2 2 2 2 2
left_child=4 20 8 7 5 6 9 -4 -3 -1 -11 -12 -9 14 16 -15 -10 -8 23 -5 26 25 -23 -14 -20 -22 -2 -28 29 -18
right_child=1 2 3 19 -6 -7 17 12 13 10 11 -13 18 15 -16 -17 28 -19 24 -21 21 22 -24 -25 -26 -27 27 -29 -30 -31
leaf_value=-0.84553676271083167 0.31884338577871996 7.9343746127625465 8.8747531266246806 3.1893656344435009 -0.7663023344822335 -1.7092332964864037 0.48709994360588027 -4.1576960545083708 0.77223493520152653 -0.091424143151637702 -0.18264388216485533 -1.1859757280582908 4.9058836686919296 -14.946746010513209 -0.077372388107446899 -1.7030226186608546 2.4937610660568463 2.5649555845470582 2.1605632782668436 1.9309730093278816 1.0943286095444393 -0.35846010179034737 1.1888689772136198 2.2661543364681616 -2.2096928746218998 -2.2131586579949309 19.676797224295999 3.5764614225939511 2.2833404559175898 -6.4317191327733019
leaf_weight=263 866 80 400 550 144 2606 3220 106 822 4384 356 179 432 120 988 393 103 56 425 237 74 236 1512 1539 676 2728 55 288 339 30
leaf_count=263 866 80 400 550 144 2606 3220 106 822 4384 356 179 432 120 988 393 103 56 425 237 74 236 1512 1539 676 2728 55 288 339 30
internal_value=0.000687815 0.0038118 0.00726509 0.0107099 -0.00293538 -0.00255782 -0.000780317 0.00746206 0.00203471 -0.00360858 -0.00265292 -0.0157914 0.00560083 0.0010912 0.00354936 -0.00984214 0.00880921 0.00369342 0.0065102 0.0254733 -0.000529597 -0.00226369 0.00429037 0.0100198 0.000227046 -0.00635238 0.0059962 0.016759 0.0190638 0.00187829
internal_weight=24207 12999 7240 4365 11208 11064 8458 3578 2875 5182 4919 535 3178 2795 2282 513 1294 3276 3072 787 5759 4550 1748 1971 1101 2802 1209 343 472 133
internal_count=24207 12999 7240 4365 11208 11064 8458 3578 2875 5182 4919 535 3178 2795 2282 513 1294 3276 3072 787 5759 4550 1748 1971 1101 2802 1209 343 472 133
is_linear=0
shrinkage=0.05


Tree=29
num_leaves=31
num_cat=0
split_feature=4 0 13 13 10 8 13 0 0 10 2 13 1 8 0 14 12 13 8 0 14 5 12 13 12 13 1 0 10 8
split_gain=103.698 97.1316 70.7841 58.7726 56.128 43.7672 37.0923 34.437 41.4338 31.882 38.8362 32.8778 31.4917 31.0634 31.6147 30.7707 30.1022 36.4852 26.9516 23.4589 22.3953 22.3791 21.6746 29.6854 21.7849 33.8043 19.0277 18.8102 28.6792 23.3027
threshold=1.0000000180025095e-35 41.500000000000007 69.709499359130874 84.021179199218764 1.5000000000000002 -0.4995256215333938 13.382874965667726 68.500000000000014 45.500000000000007 4.5000000000000009 1.0000000180025095e-35 32.328477859497077 2.5000000000000004 -0.97710916399955738 7.5000000000000009 40.355499267578132 53.834787368774421 75.428649902343764 0.034528613090515144 8.5000000000000018 101.93232727050783 1.0000000180025095e-35 47.620552062988288 103.72949600219728 50.152439117431648 98.555053710937514 4.5000000000000009 134.50000000000003 1.5000000000000002 -0.65993198752403248
decision_type=2 2 2 2 2 2 2 2 2 2 2 2 2 2 2 2 2 2 2 2 2 2 2 2 2 2 2 2 2 2
left_child=1 3 9 4 -1 -4 -2 8 16 -3 -11 -12 -9 14 26 18 17 -7 -5 -15 -14 -13 -20 24 -24 -26 -6 29 -29 -8
right_child=6 2 5 15 13 7 27 12 -10 10 11 21 20 19 -16 -17 -18 -19 22 -21 -22 -23 23 -25 25 -27 -28 28 -30 -31
leaf_value=-0.9767867793839109 3.2806717633358256 0.028991550558694359 3.6923209986387548 0.56527060095282777 -10.504502673730871 1.5140436217445954 -1.7877152510801375 3.5583460597716638 -0.3366844487718133 2.8307610541897321 7.6889831663150234 -2.780278580071311 1.9899248130610521 -1.3197805708031596 4.3784732745871535 -0.74680018231165191 2.5238266312698401 -0.65024724353808561 -0.94133114673306728 0.059459246724868998 -2.5198653554047974 2.2768620132771948 0.16494523880341952 -0.55796257506410674 -0.54723147159919205 0.37716201019555218 0.81535360584807715 14.557332313949457 -3.0447823452169169 -0.42119787521587515
leaf_weight=270 212 3678 623 86 53 34 448 493 413 215 347 493 546 789 422 340 83 58 68 5648 216 2950 269 140 151 44 430 47 2036 2605
leaf_count=270 212 3678 623 86 53 34 448 493 413 215 347 493 546 789 422 340 83 58 68 5648 216 2950 269 140 151 44 430 47 2036 2605
internal_value=0.000741518 0.00248421 0.0058084 -0.00138919 0.000170781 0.0131787 -0.00540379 0.00930498 -0.000680156 0.00344262 0.00652918 0.00535606 0.0139829 0.000994266 0.00966744 -0.0122029 0.019703 0 -0.00659544 -0.000225257 0.00761055 0.00387732 -0.00996875 -0.00695249 -0.000861883 -0.0135828 0.000931484 -0.00624988 -0.00991311 -0.00375029
internal_weight=24207 18859 10149 8710 7612 2466 5348 1843 588 7683 4005 3790 1255 7342 905 1098 175 92 758 6437 762 3443 672 604 464 195 483 5136 2083 3053
internal_count=24207 18859 10149 8710 7612 2466 5348 1843 588 7683 4005 3790 1255 7342 905 1098 175 92 758 6437 762 3443 672 604 464 195 483 5136 2083 3053
is_linear=0
shrinkage=0.05


Tree=30
num_leaves=31
num_cat=0
split_feature=9 12 13 8 13 1 8 4 0 8 13 13 13 12 12 3 0 11 10 0 5 13 1 11 0 12 1 1 8 13
split_gain=87.6185 58.5017 45.8318 44.7894 46.1419 38.45 39.1372 36.2755 29.8383 31.9584 25.7535 43.3588 25.1953 27.4972 24.3174 24.2878 23.4757 22.386 21.6368 33.5906 21.433 21.2361 20.461 20.3692 20.1721 19.5039 19.4215 18.8722 18.8327 18.286
threshold=3.5000000000000004 38.754013061523445 103.72949600219728 -0.89503732323646534 21.742725372314457 4.5000000000000009 -1.0000000180025095e-35 1.0000000180025095e-35 22.500000000000004 -0.8196461796760558 32.328477859497077 49.78405952453614 94.626880645751967 61.031497955322273 33.901655197143562 1.0000000180025095e-35 12.500000000000002 62.336055755615241 2.5000000000000004 67.500000000000014 1.0000000180025095e-35 49.232978820800788 3.5000000000000004 32.938516616821296 1169.5000000000002 56.484737396240241 1.5000000000000002 1.5000000000000002 -0.53801012039184559 67.249572753906264
decision_type=2 2 2 2 2 2 2 2 2 2 2 2 2 2 2 2 2 2 2 2 2 2 2 2 2 2 2 2 2 2
left_child=2 10 7 16 -5 6 29 8 9 22 14 27 13 17 -2 21 -3 24 -9 20 -20 -7 -1 -16 -8 -4 -13 -12 -22 -6
right_child=1 3 25 4 5 15 12 18 -10 -11 11 26 -14 -15 23 -17 -18 -19 19 -21 28 -23 -24 -25 -26 -27 -28 -29 -30 -31
leaf_value=-8.3622784037097784 0.44620012866021103 0.97207973896995559 -0.89536814882372784 9.3055811866336242 3.6489218326000015 2.2454398666141167 0.54436224925549082 1.1821503965402431 0.19132906345110251 -0.45897478082108772 1.0218708704060411 -0.32980748426864931 -0.18214089296368138 0.45849831367094329 -0.89245801591179874 0.75751019337487835 4.2214274688639852 -0.052720707965980301 0.035442035627533765 -4.6257002511239849 -4.4009898125589624 -1.649191577700087 0.22068199604305436 6.8594543467717912 4.2174940016776805 -0.042767798709015641 1.069004996428933 -1.8627013250370454 0.27722546829561062 3.7638834860564829
leaf_weight=73 724 271 110 123 352 554 2036 267 5173 1646 77 232 316 85 84 331 591 64 988 965 258 1612 1610 291 519 43 1483 2858 148 369
leaf_count=73 724 271 110 123 352 554 2036 267 5173 1646 77 232 316 85 84 331 591 64 988 965 258 1612 1610 291 519 43 1483 2858 148 369
internal_value=0.000674141 0.00347669 -0.00254851 0.00647229 0.00502272 0.00442442 0.00763145 -0.00217467 -0.00058809 -0.00428044 -0.000287001 -0.00191394 0.00513228 0.00669354 0.00659631 -0.000380441 0.0171674 0.00578443 -0.00731122 -0.00883812 -0.00387347 -0.0023083 0.000564435 0.0169288 0.00651638 -0.0297191 0.00440208 -0.00560458 -0.0135435 0.0180974
internal_weight=24253 12972 11281 7223 6361 6238 3741 11128 8502 3329 5749 4650 3020 2704 1099 2497 862 2619 2626 2359 1394 2166 1683 375 2555 153 1715 2935 406 721
internal_count=24253 12972 11281 7223 6361 6238 3741 11128 8502 3329 5749 4650 3020 2704 1099 2497 862 2619 2626 2359 1394 2166 1683 375 2555 153 1715 2935 406 721
is_linear=0
shrinkage=0.05


Tree=31
num_leaves=31
num_cat=0
split_feature=9 12 13 13 8 1 5 4 13 0 10 13 14 11 0 13 14 13 13 12 12 12 13 12 12 11 8 10 0 1
split_gain=80.194 53.5715 46.4018 44.0179 43.1167 36.1371 33.8504 31.3378 29.8556 28.2521 34.013 28.9514 28.6884 24.4777 37.4811 24.2483 23.4982 23.2542 36.0275 23.5535 23.8564 23.2321 19.6685 19.5039 19.2004 20.2657 19.6104 18.8234 29.9447 18.142
threshold=3.5000000000000004 38.754013061523445 103.72949600219728 20.473286628723148 -0.86602646112442005 4.5000000000000009 1.0000000180025095e-35 1.0000000180025095e-35 71.295005798339858 40.500000000000007 1.5000000000000002 82.562618255615249 37.263208389282234 62.558259963989265 631.50000000000011 90.406482696533217 13.124662876129152 32.328477859497077 49.78405952453614 34.706089019775398 34.766277313232429 48.410812377929695 76.098167419433608 56.484737396240241 48.904567718505866 38.780080795288093 -0.99645689129829396 2.5000000000000004 67.500000000000014 1.5000000000000002
decision_type=2 2 2 2 2 2 2 2 2 2 2 2 2 2 2 2 2 2 2 2 2 2 2 2 2 2 2 2 2 2
left_child=2 17 7 -3 -5 6 16 9 21 10 -1 24 -13 -10 -15 -11 -6 19 29 -2 -21 -8 -20 -4 26 -26 -12 -9 -29 -19
right_child=1 3 23 4 5 -7 8 27 13 15 11 12 -14 14 -16 -17 -18 18 22 20 -22 -23 -24 -25 25 -27 -28 28 -30 -31
leaf_value=-0.75162101136553527 0.55440240765147275 8.880812022660443 -0.85059974138254146 3.1582413455292695 0.86160153403761019 -0.080477842959356852 4.7882297772520444 1.1230428767132308 3.3975264331834141 0.39794503185362801 5.1902806121654228 -0.10860052250721459 -1.0610136922039666 0.93001750144685369 -0.050084672567680857 2.3638311946335238 -0.091493152227209162 0.97077732688573881 0.72352316318188492 18.337799226685462 3.5517561286476056 0.48420429510233165 -0.34115519840457686 -0.040629408773564891 0.7863148476138847 -0.13822360771476791 -0.30524748353685927 -0.52743170730735522 -4.3944152385677855 -1.7695662587851928
leaf_weight=276 782 115 110 997 372 2427 553 267 629 3282 21 336 202 23 32 56 1312 77 1607 54 263 763 108 43 664 884 2781 1394 965 2858
leaf_count=276 782 115 110 997 372 2427 553 267 629 3282 21 336 202 23 32 56 1312 77 1607 54 263 763 108 43 664 884 2781 1394 965 2858
internal_value=0.000703003 0.00338419 -0.00238009 0.00625078 0.005754 0.00418092 0.00730165 -0.00200394 0.0116994 -0.000529281 -0.00284658 -0.00188212 -0.0128229 0.0201725 -0.0117967 0.00305563 0.00207826 -0.000217425 -0.0017634 0.00632336 0.0178177 0.00729428 0.00399394 -0.0297191 -0.000528723 0.00394031 -0.00299775 -0.00677811 -0.00820228 -0.00512759
internal_weight=24253 12972 11281 7223 7108 6111 3684 11128 2000 8502 5164 4888 538 684 55 3338 1684 5749 4650 1099 317 1316 1715 153 4350 1548 2802 2626 2359 2935
internal_count=24253 12972 11281 7223 7108 6111 3684 11128 2000 8502 5164 4888 538 684 55 3338 1684 5749 4650 1099 317 1316 1715 153 4350 1548 2802 2626 2359 2935
is_linear=0
shrinkage=0.05


Tree=32
num_leaves=31
num_cat=0
split_feature=9 12 13 13 8 1 8 4 0 10 13 14 13 0 11 13 13 12 12 0 11 1 14 13 12 1 3 1 13 13
split_gain=75.4095 48.3094 42.3891 37.4389 38.841 35.9804 34.4729 26.5951 25.1227 31.5587 27.3324 26.356 24.6062 22.063 23.0069 22.0212 33.9741 25.4409 24.4418 21.0922 30.5174 20.4071 19.5529 20.5163 18.7244 18.0021 17.9967 21.8845 21.7078 20.5543
threshold=3.5000000000000004 38.754013061523445 103.72949600219728 20.473286628723148 -0.89503732323646534 4.5000000000000009 -1.0000000180025095e-35 1.0000000180025095e-35 40.500000000000007 1.5000000000000002 82.562618255615249 37.263208389282234 90.406482696533217 12.500000000000002 62.558259963989265 33.113262176513679 49.78405952453614 34.706089019775398 34.766277313232429 1169.5000000000002 62.558259963989265 1.5000000000000002 12.637618064880373 79.921283721923842 25.235399246215824 1.5000000000000002 1.0000000180025095e-35 10.500000000000002 75.742309570312514 49.232978820800788
decision_type=2 2 2 2 2 2 2 2 2 2 2 2 2 2 2 2 2 2 2 2 2 2 2 2 2 2 2 2 2 2
left_child=2 15 7 -3 13 6 -6 8 9 -1 -11 -12 -10 -5 -15 17 25 -2 -19 22 -21 24 -8 -24 -18 -17 29 28 -28 -7
right_child=1 3 -4 4 5 26 19 -9 12 10 11 -13 -14 14 -16 16 21 18 -20 20 -22 -23 23 -25 -26 -27 27 -29 -30 -31
leaf_value=-0.71403996079725851 0.37844672318056355 8.4367714215274212 -0.63607680922435539 0.74369860985123426 3.4342539223606252 2.1803820057275405 0.85629757489641889 -1.3949780180544775 0.37804778026094682 -0.050118351686094798 -0.10317049638185374 -1.0079630075937682 2.2456396349018477 4.0788753600505947 -0.41910116892851623 0.92223846054145187 -0.73668556956065956 17.421127814738401 3.4002107324416304 3.4974652600515554 -0.047580438939296248 0.97937858844839243 0.60959398622810923 -0.25612693200546416 -0.22554839762843173 -1.7664026476329935 1.3921912288603782 1.4653325889786295 -0.30387834015623449 -1.6063227712440356
leaf_weight=276 845 115 153 270 721 561 456 2626 3282 4350 336 202 56 564 25 77 26 55 279 550 24 1483 1509 485 206 2778 118 91 122 1612
leaf_count=276 845 115 153 270 721 561 456 2626 3282 4350 336 202 56 564 25 77 26 55 279 550 24 1483 1509 485 206 2778 118 91 122 1612
internal_value=0.000707126 0.0033071 -0.00228258 0.00602927 0.00557111 0.0042006 0.00730288 -0.00192306 -0.000564566 -0.00274975 -0.00182075 -0.0124512 0.00281597 0.0155395 0.0209642 -0.000113061 -0.00168486 0.00597914 0.0176594 0.00496015 0.0135865 0.00387732 0.00293866 0.000802367 -0.00990952 -0.00502609 -0.00043928 0.0104198 0.00249896 -0.00209378
internal_weight=24253 12972 11281 7223 7108 6249 3745 11128 8502 5164 4888 538 3338 859 589 5749 4570 1179 334 3024 574 1715 2450 1994 232 2855 2504 331 240 2173
internal_count=24253 12972 11281 7223 7108 6249 3745 11128 8502 5164 4888 538 3338 859 589 5749 4570 1179 334 3024 574 1715 2450 1994 232 2855 2504 331 240 2173
is_linear=0
shrinkage=0.05


Tree=33
num_leaves=31
num_cat=0
split_feature=9 7 13 13 12 0 11 8 14 0 13 8 13 0 8 12 8 8 0 4 13 9 12 8 0 14 9 13 11 8
split_gain=70.7523 48.5202 45.151 38.9428 33.5118 29.8477 31.0781 29.7899 29.6215 29.1459 28.3036 23.1879 23.3123 22.9346 38.8458 22.1253 26.1138 21.5804 23.9881 27.2836 21.1923 20.888 20.6314 19.4271 17.0099 18.026 16.9048 18.1019 27.1116 16.9068
threshold=3.5000000000000004 1.0000000180025095e-35 32.328477859497077 103.72949600219728 34.706089019775398 41.500000000000007 62.558259963989265 -0.8290465474128722 201.7736740112305 661.50000000000011 73.519893646240249 0.23861283808946612 96.76904678344728 324.50000000000006 0.99803149700164806 32.32586860656739 -0.89503732323646534 -0.97498750686645497 22.500000000000004 1.0000000180025095e-35 26.589126586914066 4.5000000000000009 34.706089019775398 0.0042105449829250583 67.500000000000014 178.91888427734378 4.5000000000000009 79.921283721923842 51.735084533691413 0.034528613090515144
decision_type=2 2 2 2 2 2 2 2 2 2 2 2 2 2 2 2 2 2 2 2 2 2 2 2 2 2 2 2 2 2
left_child=3 5 4 17 -3 15 7 -7 23 11 -11 12 -9 22 -15 21 -17 -1 -19 -20 -13 -2 -4 -6 -21 -26 27 -18 29 -29
right_child=1 2 13 -5 8 6 -8 9 -10 10 -12 20 -14 14 -16 16 26 18 19 24 -22 -23 -24 -25 25 -27 -28 28 -30 -31
leaf_value=0.89508186282144531 -0.89881795198155157 -0.18701718893730801 -2.4343508832936851 -0.60427296876313763 -2.8123265641498936 3.8610905209107589 -0.045201416992331649 1.8856155408378621 -8.9199496411862675 3.8505067663028059 3.0368298360504369 7.7025422003523234 -0.31150752713539059 -11.095383272533173 -1.9657564641519707 2.122637643205191 -0.043983915495862648 -0.43227860474076057 0.13631594607577213 -0.13196529001211008 0.087760928150578371 0.49402942968666114 0.52227192251673493 7.9628327524919884 -1.663354968707333 -5.663325641135482 0.16068122333088652 0.43021624884896498 0.40201199856370168 -0.79739732736327262
leaf_weight=701 392 526 723 153 46 447 82 2102 32 829 251 78 85 226 658 867 693 3184 5119 987 2085 219 1187 356 825 312 816 26 46 200
leaf_count=701 392 526 723 153 46 447 82 2102 32 829 251 78 85 226 658 867 693 3184 5119 987 2085 219 1187 356 825 312 816 26 46 200
internal_value=0.000834945 0.00335335 -0.00143843 -0.00206097 0.00791584 0.00530478 0.00740884 0.0078355 0.0181986 0.00681387 0.0141654 0.00498839 0.00861872 -0.00465266 -0.0113109 0.00145746 0.00343643 -0.00171638 -0.00228731 -0.000697215 0.00131755 -0.00711831 -0.0015706 0.0218851 -0.00546114 -0.00962976 -2.80725e-05 -0.0045073 -0.0154355 -0.0225564
internal_weight=24253 12972 3754 11281 960 9218 5959 5877 434 5430 1080 4350 2187 2794 884 3259 2648 11128 10427 7243 2163 611 1910 402 2124 1137 1781 965 272 226
internal_count=24253 12972 3754 11281 960 9218 5959 5877 434 5430 1080 4350 2187 2794 884 3259 2648 11128 10427 7243 2163 611 1910 402 2124 1137 1781 965 272 226
is_linear=0
shrinkage=0.05


Tree=34
num_leaves=31
num_cat=0
split_feature=4 0 8 10 0 10 8 12 13 2 13 1 12 0 11 0 14 12 8 13 0 1 8 11 11 0 13 12 7 10
split_gain=53.5617 63.8198 41.972 39.109 35.2347 33.1274 32.9157 34.4771 28.5683 34.689 37.0026 61.8163 40.4398 36.209 30.4341 29.786 27.0918 39.4759 27.6192 21.9371 21.7219 21.2049 20.7694 20.5558 20.6026 22.9499 19.5018 29.1659 23.5927 20.4161
threshold=1.0000000180025095e-35 32.500000000000007 -0.97042450308799733 2.5000000000000004 236.50000000000003 1.5000000000000002 -0.78541910648345936 40.618124008178718 75.041618347167983 1.0000000180025095e-35 55.238517761230476 5.5000000000000009 47.826915740966804 17.500000000000004 50.670743942260749 25.500000000000004 41.059576034545906 57.748405456542976 -0.75776877999305714 19.224151611328129 7.5000000000000009 4.5000000000000009 0.10552579164505006 62.830816268920906 34.367332458496101 12.500000000000002 27.180653572082523 34.706089019775398 1.0000000180025095e-35 4.5000000000000009
decision_type=2 2 2 2 2 2 2 2 2 2 2 2 2 2 2 2 2 2 2 2 2 2 2 2 2 2 2 2 2 2
left_child=1 2 20 19 -5 -4 7 -3 9 10 -7 12 14 -14 15 -12 23 18 -18 -2 21 -1 -17 24 -10 -26 27 29 -28 -8
right_child=3 6 5 4 -6 8 26 -9 16 -11 11 -13 13 -15 -16 22 17 -19 -20 -21 -22 -23 -24 -25 25 -27 28 -29 -30 -31
leaf_value=-8.0484739482933456 15.349989364040745 -1.4985260724116416 -0.59955081774500418 -0.53626998079473809 -4.5925491466655934 0.82229589905956502 -1.8638259445942269 3.3325130957011098 -0.63227142410276338 -0.76658889442566469 -0.78833640739126543 1.1060298389119592 1.2562797814594742 -0.23124989942545576 0.24014238265641624 0.23895861685635966 2.3275469289963455 3.0273218087405467 -0.89398706019442042 1.5700149584211864 3.4313457781030241 0.55923057080072869 -0.84847684254931011 -0.52566359755112235 -0.59152827108663819 0.078194420178689938 0.59240108390248347 10.40831736845565 -1.3338570289097229 7.4697218607804903
leaf_weight=74 52 261 344 3664 1203 343 181 952 132 3260 286 248 80 82 35 165 32 30 383 448 522 506 74 55 118 682 8453 154 1300 134
leaf_count=74 52 261 344 3664 1203 343 181 952 132 3260 286 248 80 82 35 165 32 30 383 448 522 506 74 55 118 682 8453 154 1300 134
internal_value=0.000690633 0.00194323 -0.00165747 -0.00371709 -0.00508516 -0.00322093 0.00428942 0.0120765 -0.00235633 -0.000426407 0.00643515 0.00144315 -0.00595485 0.0160395 -0.0123192 -0.0153304 -0.00851896 -0.0187598 -0.0227656 0.00959808 0.00734961 0.000689536 -0.00230029 -0.00390031 -0.00214569 0.000874891 0.00336526 0.0133234 0.00288626 0.00460171
internal_weight=24253 18886 7451 5367 4867 6349 11435 1213 6005 4573 1313 970 722 162 560 525 1432 445 415 500 1102 580 239 987 932 800 10222 469 9753 315
internal_count=24253 18886 7451 5367 4867 6349 11435 1213 6005 4573 1313 970 722 162 560 525 1432 445 415 500 1102 580 239 987 932 800 10222 469 9753 315
is_linear=0
shrinkage=0.05


Tree=35
num_leaves=31
num_cat=0
split_feature=9 11 4 12 13 7 12 13 10 0 8 13 12 8 0 1 10 13 14 12 8 14 11 0 0 8 0 8 12 13
split_gain=61.6638 57.3506 60.494 44.1951 74.893 49.2436 42.0739 38.3637 35.5985 29.8197 29.6022 27.6248 26.3714 27.5591 32.1775 45.1386 26.8777 29.7103 25.9599 25.1823 31.5156 24.907 36.0766 23.7923 22.0036 26.4566 20.4595 20.211 17.6603 26.8096
threshold=2.5000000000000004 62.336055755615241 1.0000000180025095e-35 40.618124008178718 48.216686248779304 1.0000000180025095e-35 47.620552062988288 84.021179199218764 1.5000000000000002 23.500000000000004 -0.97498750686645497 83.201320648193374 52.910678863525398 -0.93042355775833119 50.500000000000007 2.5000000000000004 4.5000000000000009 85.045127868652358 72.935737609863295 55.622457504272468 0.074271079152822508 41.783210754394538 48.627479553222663 15.500000000000002 134.50000000000003 -0.65993198752403248 2777.5000000000005 0.087102424353361144 56.160091400146491 75.428649902343764
decision_type=2 2 2 2 2 2 2 2 2 2 2 2 2 2 2 2 2 2 2 2 2 2 2 2 2 2 2 2 2 2
left_child=7 2 3 9 -5 6 11 10 -4 -2 -1 -6 13 23 -15 16 -16 -18 -17 20 -14 -9 -23 -8 25 -10 28 -22 29 -21
right_child=1 -3 8 4 5 -7 12 21 24 -11 -12 -13 19 14 15 18 17 -19 -20 26 27 22 -24 -25 -26 -27 -28 -29 -30 -31
leaf_value=0.84878281918232334 -0.48445955086862541 -0.19938041767356618 13.479285172146973 8.2142799959463275 4.8200385830456511 -6.7206189709162105 0.91191142910074463 -0.29269392046230325 -4.5352701162928648 0.46038405891701295 -0.41419873441486676 -0.87431541251448053 3.3685576855305062 -0.16825087162300889 0.053306742313423076 1.3922270242593677 3.1594488278063313 -1.5368239882938508 -1.8461325069149392 -3.9690891633692909 -1.5554560797439914 0.57477688203525124 -0.99703487245477707 4.0259680707421683 -2.186223172019115 0.44013985460545446 -0.10392379301720354 1.5930025360896432 0.77428469916975551 2.5556479779443251
leaf_weight=487 1271 291 63 474 271 301 348 365 173 4512 5239 25 385 1766 200 1155 520 26 739 211 21 30 134 312 1900 1809 32 409 685 124
leaf_count=487 1271 291 63 474 271 301 348 365 173 4512 5239 25 385 1766 200 1155 520 26 739 211 21 30 134 312 1900 1809 32 409 685 124
internal_value=0.000432489 0.00191698 0.00227835 0.00384055 0.0062468 0.00503313 0.00585827 -0.00384486 -0.00318116 0.000510107 -0.00265451 0.0243161 0.00506988 0.00319773 0.00177027 0.00526495 0.0156815 0.0214246 0.0011615 0.0101494 0.0167464 -0.0167265 -0.0329068 0.0127253 -0.00378661 -0.000100903 0.00503754 0.00744013 0.00627389 -0.00313339
internal_weight=24278 18023 17732 13787 8004 7530 7229 6255 3945 5783 5726 296 6933 5066 4406 2640 746 546 1894 1867 815 529 164 660 3882 1982 1052 430 1020 335
internal_count=24278 18023 17732 13787 8004 7530 7229 6255 3945 5783 5726 296 6933 5066 4406 2640 746 546 1894 1867 815 529 164 660 3882 1982 1052 430 1020 335
is_linear=0
shrinkage=0.05


Tree=36
num_leaves=31
num_cat=0
split_feature=9 11 4 12 13 13 8 13 10 13 8 14 14 12 12 11 10 11 8 8 9 1 12 2 10 13 1 8 13 11
split_gain=56.37 57.033 52.6506 40.1057 47.3879 38.3807 35.698 40.6016 35.0197 28.7964 25.6839 24.4734 24.0114 21.7121 21.3006 22.4679 27.2999 21.2591 43.0117 20.9151 18.8836 27.1039 19.6671 17.8871 18.9951 24.5505 17.4904 17.2468 17.0762 22.1875
threshold=2.5000000000000004 62.336055755615241 1.0000000180025095e-35 32.925607681274421 37.034200668334968 84.021179199218764 0.074271079152822508 90.406482696533217 1.5000000000000002 67.249572753906264 -0.97498750686645497 12.262268066406252 51.723720550537116 53.745269775390632 47.620552062988288 32.98573303222657 4.5000000000000009 33.592111587524421 0.031452337279915817 -0.92228758335113514 4.5000000000000009 2.5000000000000004 55.142854690551765 1.0000000180025095e-35 4.5000000000000009 65.142917633056655 8.5000000000000018 -0.97498750686645497 107.48803329467775 60.268186569213874
decision_type=2 2 2 2 2 2 2 2 2 2 2 2 2 2 2 2 2 2 2 2 2 2 2 2 2 2 2 2 2 2
left_child=5 2 3 27 14 10 9 20 -4 13 -1 -9 28 23 15 -5 -17 18 -11 -10 22 -22 -8 24 -6 -26 -23 -2 29 -7
right_child=1 -3 8 4 6 12 7 11 19 17 -12 -13 -14 -15 -16 16 -18 -19 -20 -21 21 26 -24 -25 25 -27 -28 -29 -30 -31
leaf_value=0.80634367822320741 -9.551509516780774 -0.18941139678988783 12.805320913539626 -2.1002367463838909 -0.02395380740754547 -0.35996480676239995 -0.29235228270641617 0.088313362496176495 -10.930694691187826 1.9380829723274802 -0.39348879769412337 -0.31640382302968639 -0.94718312883203826 2.2672078926791008 12.677939311268984 4.8996496156251599 0.73408479047888597 1.0952554333169802 -1.034424675934053 -0.78263659434025235 2.4836471409596443 0.064928936961119635 2.5251739347424413 0.41407186696950549 2.4302480492245202 -0.060943544336836908 0.90391271425615116 -0.1629586371880489 -0.92950822369252095 0.64149507582823484
leaf_weight=487 60 291 63 129 104 335 2175 92 59 323 5239 283 118 225 157 238 138 1899 104 3823 648 1230 247 2853 104 47 100 2631 43 33
leaf_count=487 60 291 63 129 104 335 2175 92 59 323 5239 283 118 225 157 238 138 1899 104 3823 648 1230 247 2853 104 47 100 2631 43 33
internal_value=0.000436607 0.00185595 0.00221632 0.00367372 0.00500176 -0.00365302 0.00417861 0.000994744 -0.00287699 0.00686505 -0.00246241 -0.0147961 -0.0165375 0.00388527 0.0179731 0.0129677 0.0191438 0.0111345 0.00105362 -0.0034775 0.00234086 0.00596532 -0.000619297 0.00279914 0.0154841 0.0268034 0.00187956 -0.00180224 -0.0108246 -0.00733496
internal_weight=24278 18023 17732 13787 11096 6255 10434 4775 3945 5659 5726 375 529 3333 662 505 376 2326 427 3882 4400 1978 2422 3108 255 151 1330 2691 411 368
internal_count=24278 18023 17732 13787 11096 6255 10434 4775 3945 5659 5726 375 529 3333 662 505 376 2326 427 3882 4400 1978 2422 3108 255 151 1330 2691 411 368
is_linear=0
shrinkage=0.05


Tree=37
num_leaves=31
num_cat=0
split_feature=9 11 12 13 13 7 12 2 13 12 12 13 14 4 12 13 14 11 13 11 13 10 0 13 2 13 13 13 11 0
split_gain=52.0231 54.8088 48.5095 39.1465 33.9886 56.7939 43.7483 30.8486 29.2784 24.4366 35.5206 50.7505 24.0114 22.1111 20.1218 24.3894 37.4575 28.2445 23.9018 23.3316 26.7692 21.6486 33.5008 29.3503 31.7603 26.8499 26.042 32.7937 21.0212 19.7148
threshold=2.5000000000000004 62.336055755615241 38.754013061523445 84.021179199218764 41.199930191040046 1.0000000180025095e-35 47.620552062988288 1.0000000180025095e-35 83.201320648193374 51.518028259277351 48.904567718505866 66.61771392822267 51.723720550537116 1.0000000180025095e-35 52.910678863525398 90.406482696533217 36.219490051269538 32.405925750732429 96.76904678344728 50.950229644775398 74.045745849609389 4.5000000000000009 661.50000000000011 78.364681243896499 1.0000000180025095e-35 72.80420303344728 69.709499359130874 51.835308074951179 55.142854690551765 31.500000000000004
decision_type=2 2 2 2 2 2 2 2 2 2 2 2 2 2 2 2 2 2 2 2 2 2 2 2 2 2 2 2 2 2
left_child=3 2 -2 9 7 6 8 -4 -6 10 -1 -12 -5 14 21 17 18 -16 -17 20 -19 -8 23 24 25 -23 27 -26 -21 -25
right_child=1 -3 4 12 5 -7 13 -9 -10 -11 11 -13 -14 -15 15 16 -18 19 -20 28 -22 22 -24 29 26 -27 -28 -29 -30 -31
leaf_value=-0.40246228215349639 -0.12697551753304809 -0.17994082695039354 2.8954865912602874 -0.33856656624301673 4.4548542968453857 -1.8018200712571251 -0.022756117037168268 9.9257181963246399 -0.55174825002805583 -1.2523590586567548 -0.01841047995098517 1.4634165472019938 -0.89982397239043643 -3.3733815580101303 -0.60483111461370465 1.3479687976157395 -0.16448906734719346 2.1665585461547283 -0.11314827164566098 -2.2761831995209945 3.1406363238369424 2.4261625211022109 3.9938240550493784 0.062612461560845392 6.8037794505739901 -0.48031659742329258 2.1886462098993862 -0.38283580408389994 4.5976840724050323 -0.57796228870019772
leaf_weight=3825 8139 291 467 411 281 1307 2281 228 28 667 868 366 118 147 208 73 109 581 118 243 454 277 248 105 194 65 417 1495 96 171
leaf_count=3825 8139 291 467 411 281 1307 2281 228 28 667 868 366 118 147 208 73 109 581 118 243 454 277 248 105 194 65 417 1495 96 171
internal_value=0.000403656 0.00176718 0.00212045 -0.00352512 0.0045293 0.00369742 0.00535496 0.0151777 0.0237787 -0.0023227 -0.00113657 0.00623936 -0.0165375 0.00457286 0.0049684 0.00940439 -0.00366544 0.0118829 0.0096808 0.0144822 0.0182108 0.00337896 0.00619091 0.00458867 0.00633144 0.0204619 0.0040359 0.00127287 0.00309643 -0.0108656
internal_weight=24278 18023 17732 6255 9593 8898 7591 695 309 5726 5059 1234 529 7282 7135 1882 300 1582 191 1374 1035 5253 2972 2724 2448 342 2106 1689 339 276
internal_count=24278 18023 17732 6255 9593 8898 7591 695 309 5726 5059 1234 529 7282 7135 1882 300 1582 191 1374 1035 5253 2972 2724 2448 342 2106 1689 339 276
is_linear=0
shrinkage=0.05


Tree=38
num_leaves=31
num_cat=0
split_feature=11 9 4 13 12 13 10 8 8 13 9 1 1 8 8 13 13 12 12 8 8 1 8 10 12 13 11 11 13 12
split_gain=47.9006 52.0567 45.5112 35.3162 34.034 40.5535 31.759 30.1256 29.045 26.4871 22.74 19.3216 17.5733 17.4409 17.2294 28.166 21.4129 17.0472 24.5396 17.5743 16.6538 16.0327 18.3261 15.9517 32.1684 37.2277 21.0803 16.1987 15.6987 20.161
threshold=62.336055755615241 2.5000000000000004 1.0000000180025095e-35 103.72949600219728 32.925607681274421 37.034200668334968 1.5000000000000002 0.052864462137222297 -0.97498750686645497 65.922466278076186 4.5000000000000009 3.5000000000000004 10.500000000000002 -0.97498750686645497 0.11135424301028253 75.041618347167983 80.965160369873061 62.558259963989265 53.834787368774421 0.07175032421946527 -0.92228758335113514 2.5000000000000004 -0.83712315559387196 4.5000000000000009 55.622457504272468 83.201320648193374 37.301280975341804 29.481798171997074 34.149635314941413 34.819734573364265
decision_type=2 2 2 2 2 2 2 2 2 2 2 2 2 2 2 2 2 2 2 2 2 2 2 2 2 2 2 2 2 2
left_child=1 3 4 8 13 -6 -4 9 -1 -7 17 14 -13 -3 15 -12 -17 18 -9 -20 -8 -2 -23 26 25 -25 27 -11 29 -22
right_child=21 2 6 -5 5 7 20 10 -10 23 11 12 -14 -15 -16 16 -18 -19 19 -21 28 22 -24 24 -26 -27 -28 -29 -30 -31
leaf_value=0.86531527889885995 -0.077438092038064177 -9.0675852650650839 12.171403643739296 -0.693916495992141 3.842527047488546 0.83403536253308919 -10.215490878727929 -0.25396829845590896 -0.37102784952466694 1.5700022633080282 1.0234167870466357 -0.24808437574827702 1.2580086410620261 -0.14846192945199413 1.8859077881521538 -1.3563834956840433 -0.10626461397983392 -0.082393751723530792 1.3088391591663802 0.76648399658167399 -0.90994004511537363 -0.54973620609592755 -0.20400145342409814 2.9287007589359706 -0.24134284800790626 -0.6021302797421747 0.63651938981949174 -1.030705415403649 -1.4333952202422608 2.9751915219536085
leaf_weight=491 100 60 63 93 662 2975 59 2412 5671 29 49 904 56 2631 1078 47 66 57 50 345 641 42 149 1177 268 72 669 180 2657 525
leaf_count=491 100 60 63 93 662 2975 59 2412 5671 29 49 904 56 2631 1078 47 66 57 50 345 641 42 149 1177 268 72 669 180 2657 525
internal_value=0.000407775 0.000652434 0.00203586 -0.00326933 0.00339085 0.00461423 -0.00269955 0.00385275 -0.00280748 0.0064617 0.00108608 0.00490887 -0.000416623 -0.0016536 0.00903153 -0.00616903 -0.0198939 -0.00185049 -0.00130027 0.0102506 -0.00327143 -0.0197527 -0.0112507 0.0103753 0.0134797 0.0168521 0.00501082 -0.00884744 -0.00286417 0.00197239
internal_weight=24278 23987 17732 6255 13787 11096 3945 10434 6162 5370 5064 2200 960 2691 1240 162 113 2864 2807 395 3882 291 191 2395 1517 1249 878 209 3823 1166
internal_count=24278 23987 17732 6255 13787 11096 3945 10434 6162 5370 5064 2200 960 2691 1240 162 113 2864 2807 395 3882 291 191 2395 1517 1249 878 209 3823 1166
is_linear=0
shrinkage=0.05


Tree=39
num_leaves=31
num_cat=0
split_feature=13 4 10 0 14 12 13 8 2 13 12 9 13 10 10 12 13 12 1 0 13 13 2 1 13 12 12 9 12 9
split_gain=51.9647 50.9402 50.3974 62.1691 42.4313 38.0716 39.8842 41.5623 29.4594 29.1671 29.1096 25.598 24.4553 22.2719 22.133 22.8335 36.3853 21.4254 20.086 25.6709 19.4758 24.6241 28.7383 23.1594 21.3019 19.558 19.2344 17.968 17.7373 21.4453
threshold=83.201320648193374 1.0000000180025095e-35 4.5000000000000009 570.50000000000011 35.580316543579109 40.618124008178718 50.863607406616218 0.37561881542205816 1.0000000180025095e-35 24.708065986633304 47.620552062988288 1.5000000000000002 107.48803329467775 2.5000000000000004 2.5000000000000004 34.020851135253913 38.71028137207032 56.310926437377937 3.5000000000000004 54.500000000000007 74.683879852294936 53.396657943725593 1.0000000180025095e-35 1.5000000000000002 24.12955474853516 27.933966636657718 60.268186569213874 1.5000000000000002 29.14305400848389 1.5000000000000002
decision_type=2 2 2 2 2 2 2 2 2 2 2 2 2 2 2 2 2 2 2 2 2 2 2 2 2 2 2 2 2 2
left_child=1 2 14 5 12 20 -7 10 -9 13 -8 -6 -2 -3 27 -16 -17 -18 19 -12 21 22 25 28 -24 -4 -19 -1 -23 -30
right_child=4 9 3 -5 11 6 7 8 -10 -11 18 -13 -14 -15 15 16 17 26 -20 -21 -22 23 24 -25 -26 -27 -28 -29 29 -31
leaf_value=-0.94729447887398521 0.011362365792453489 11.455280014182536 -0.24543304271902786 4.1081375783122072 -0.83628138129468133 6.3651484501143551 4.2379998533004644 2.564729917752933 -2.9904754968976412 -1.1371875319939435 0.16727458675396534 -0.22795211998508125 -0.43003328087525716 0.70005547267433998 -0.47541087618126632 2.7145739525150194 0.023697386348192143 3.1116965384404107 0.69284368460416212 2.5183015711415124 -1.003561085079878 -1.00885074642095 6.870346912695303 2.8864892132517594 -1.6958534847649931 0.98885878514271419 -4.6806509633691222 -0.26649342598685166 -1.4482586694105557 0.14057309430468656
leaf_weight=393 913 79 34 875 111 366 139 71 632 4626 406 443 126 680 1758 557 4262 249 2386 566 55 23 119 574 2315 76 30 1291 23 100
leaf_count=393 913 79 34 875 111 366 139 71 632 4626 406 443 126 680 1758 557 4262 249 2386 566 55 23 119 574 2315 76 30 1291 23 100
internal_value=0.000411894 0.0010249 0.00234681 0.00501136 -0.00831712 0.00360807 0.00657016 0.00519035 -0.00590243 -0.00322185 0.00742043 -0.0194911 -0.00235781 0.00586221 -0.000386412 0.000875133 0.00256958 0.00109004 0.00649177 0.0125501 -0.000466994 3.06363e-05 -0.00227978 0.00819331 -0.00340988 0.0227066 0.0145109 -0.00552224 -0.00958248 -0.00203087
internal_weight=24278 22685 17300 8760 1593 7885 4566 4200 703 5385 3497 554 1039 759 8540 6856 5098 4541 3358 972 3319 3264 2544 720 2434 110 279 1684 146 123
internal_count=24278 22685 17300 8760 1593 7885 4566 4200 703 5385 3497 554 1039 759 8540 6856 5098 4541 3358 972 3319 3264 2544 720 2434 110 279 1684 146 123
is_linear=0
shrinkage=0.05


Tree=40
num_leaves=31
num_cat=0
split_feature=11 9 7 0 0 8 0 13 12 12 8 8 13 12 11 13 12 0 8 0 12 11 1 13 3 12 8 9 13 11
split_gain=57.0693 46.3494 40.3077 43.0494 40.5394 34.4061 41.0359 31.41 29.5299 28.9008 25.4947 24.1982 23.232 22.7588 22.5319 23.5537 20.0951 19.4306 19.9081 18.7943 47.7717 18.645 18.1155 17.8902 17.6965 17.4713 17.4322 16.9604 16.7271 16.5486
threshold=62.336055755615241 2.5000000000000004 1.0000000180025095e-35 49.500000000000007 134.50000000000003 0.99803149700164806 615.50000000000011 107.48803329467775 53.599163055419929 54.034259796142585 0.20074626803398135 -0.97498750686645497 90.406482696533217 51.735084533691413 55.142854690551765 83.201320648193374 52.255928039550788 310.50000000000006 -0.88370937108993519 661.50000000000011 62.558259963989265 50.950229644775398 2.5000000000000004 31.963959693908695 1.0000000180025095e-35 56.310926437377937 -0.8588166832923888 3.5000000000000004 74.361293792724624 48.928390502929695
decision_type=2 2 2 2 2 2 2 2 2 2 2 2 2 2 2 2 2 2 2 2 2 2 2 2 2 2 2 2 2 2
left_child=1 7 3 8 23 6 -6 11 16 -10 14 13 -11 -1 15 17 -3 18 -5 24 28 -14 -2 -4 -12 27 -24 -7 -21 -13
right_child=22 2 4 10 5 25 -8 -9 9 12 19 29 21 -15 -16 -17 -18 -19 -20 20 -22 -23 26 -25 -26 -27 -28 -29 -30 -31
leaf_value=1.0141055728249364 -0.052519125904946409 -0.025592444141257078 2.5772400908395472 3.761420248888939 -3.0182793301227164 -4.3795687588815611 -29.130647477642345 -0.78959459033140278 1.9385761816447513 1.3351652353981835 -0.075608809199532348 -0.12271869303925556 -0.43365245922775203 -1.5443685985212294 2.1298246106495924 -0.35415669145695611 -0.71443327208040552 4.0017233788527378 1.4428865168807647 2.6988599014204171 -0.10307608987141635 0.097143954551154377 -0.5234342651085413 0.18474104999126922 2.069365497171018 6.7491663420069816 -0.86698537580361801 -0.28270484668353468 3.1135833199831313 -0.63609217900869508
leaf_weight=420 103 4914 561 255 722 276 111 51 128 472 2385 3081 87 72 252 139 229 440 2069 785 33 63 39 1742 334 59 155 1498 180 2604
leaf_count=420 103 4914 561 255 722 276 111 51 128 472 2385 3081 87 72 252 139 229 440 2069 785 33 63 39 1742 334 59 155 1498 180 2604
internal_value=0.000406033 0.000676068 0.00197924 0.00346648 -0.00184138 -0.00603878 -0.014464 -0.00303463 0.000330895 0.00959872 0.00615532 -0.00271163 0.00514387 0.00792522 0.00946087 0.00821536 -0.00102079 0.00922543 0.00740071 0.00334939 0.00921751 -0.011992 -0.0213733 0.00301767 0.00119525 -0.00220937 -0.0123648 -0.00310016 0.0112424 -0.0036323
internal_weight=24259 23962 17734 12765 4969 2666 833 6228 5893 750 6872 6177 622 492 3155 2903 5143 2764 2324 3717 998 150 297 2303 2719 1833 194 1774 965 5685
internal_count=24259 23962 17734 12765 4969 2666 833 6228 5893 750 6872 6177 622 492 3155 2903 5143 2764 2324 3717 998 150 297 2303 2719 1833 194 1774 965 5685
is_linear=0
shrinkage=0.05


Tree=41
num_leaves=31
num_cat=0
split_feature=11 9 7 0 0 8 0 8 13 11 12 12 8 12 12 0 11 13 13 13 11 8 12 9 14 13 12 13 12 10
split_gain=55.1702 42.3947 33.2257 38.3452 36.2917 32.5327 40.5161 26.2378 36.5646 35.8964 25.7368 28.597 24.0192 23.5869 24.9212 22.5697 24.5829 21.5217 21.3573 19.0467 18.645 17.9025 26.6616 26.1492 22.9727 31.399 19.5299 17.8902 16.976 16.8413
threshold=62.336055755615241 2.5000000000000004 1.0000000180025095e-35 49.500000000000007 134.50000000000003 0.99803149700164806 615.50000000000011 -0.72453445196151722 68.205932617187514 48.948131561279304 53.599163055419929 54.034259796142585 0.20074626803398135 56.067777633666999 47.822984695434577 310.50000000000006 55.622457504272468 90.406482696533217 82.562618255615249 26.589126586914066 50.950229644775398 -0.93042355775833119 34.100557327270515 4.5000000000000009 33.64043045043946 76.098167419433608 52.255928039550788 31.963959693908695 56.310926437377937 1.5000000000000002
decision_type=2 2 2 2 2 2 2 2 2 2 2 2 2 2 2 2 2 2 2 2 2 2 2 2 2 2 2 2 2 2
left_child=1 7 3 10 27 6 -6 8 29 -9 21 -12 15 14 -10 16 18 -13 -5 -14 -19 22 -3 26 -25 -26 -23 -4 -7 -1
right_child=-2 2 4 12 5 28 -8 9 13 -11 11 17 19 -15 -16 -17 -18 20 -20 -21 -22 23 -24 24 25 -27 -28 -29 -30 -31
leaf_value=-2.3224173276945028 -0.2399751922054815 -4.2237695218240976 2.4483780862975699 1.8078808281341496 -2.8673653636165803 -0.71676394106384156 -27.674115103760222 -0.076129810614863666 -1.0567588449485932 -0.75740114354673449 1.841647372562514 1.2684069736282737 7.3153671020335329 -0.53696209270851691 3.7887182740705683 3.740566377737244 2.0139629900960188 -0.41196983626636413 -0.38310916307387438 0.64337672802606394 0.092286756823596508 -0.24117513064345994 1.6321984610844262 0.54633993419156546 0.60573374184039119 -0.58190078089456032 -0.98153807872633081 0.17550399749170581 6.4117080249066323 -0.055916782078234917
leaf_weight=38 297 245 561 2336 722 1774 111 2306 31 1968 128 472 152 88 226 491 183 87 145 3565 63 2743 968 510 382 137 158 1742 59 1571
leaf_count=38 297 245 561 2336 722 1774 111 2306 31 1968 128 472 152 88 226 491 183 87 145 3565 63 2743 968 510 382 137 158 1742 59 1571
internal_value=0.000377178 0.000642682 0.00188902 0.0032393 -0.00157976 -0.00555118 -0.0137438 -0.00290618 0.00189345 -0.00510049 0.000279988 0.00893214 0.00577698 0.0166618 0.0243096 0.00898545 0.0071694 0.00450088 0.00586433 0.00305346 -0.011992 -0.000981898 0.00432776 -0.0026208 0.00422699 -0.00317858 -0.00504981 0.00301767 -0.00182751 -0.001274
internal_weight=24259 23962 17734 12765 4969 2666 833 6228 1954 4274 5893 750 6872 345 257 3155 2664 622 2481 3717 150 5143 1213 3930 1029 519 2901 2303 1833 1609
internal_count=24259 23962 17734 12765 4969 2666 833 6228 1954 4274 5893 750 6872 345 257 3155 2664 622 2481 3717 150 5143 1213 3930 1029 519 2901 2303 1833 1609
is_linear=0
shrinkage=0.05


Tree=42
num_leaves=31
num_cat=0
split_feature=11 9 7 0 0 8 0 13 12 13 12 8 8 11 0 11 8 13 1 12 13 11 8 12 9 14 13 12 8 11
split_gain=45.5052 37.8507 31.3405 34.942 33.3444 29.6217 41.0061 25.9418 25.5367 27.0427 25.8847 25.018 21.86 21.1606 18.87 20.5559 19.221 18.8109 18.09 18.7009 26.1647 20.45 17.5839 23.8374 20.4947 22.2788 36.4832 17.0074 18.8749 17.7025
threshold=62.336055755615241 2.5000000000000004 1.0000000180025095e-35 50.500000000000007 134.50000000000003 0.99803149700164806 709.50000000000011 107.48803329467775 53.599163055419929 98.555053710937514 55.319793701171882 0.20074626803398135 -0.97498750686645497 50.950229644775398 310.50000000000006 56.098058700561531 -0.89918255805969227 26.589126586914066 5.5000000000000009 62.558259963989265 74.683879852294936 50.950229644775398 -0.93042355775833119 34.100557327270515 4.5000000000000009 27.630525588989261 76.098167419433608 56.310926437377937 -0.9652978479862212 35.692199707031257
decision_type=2 2 2 2 2 2 2 2 2 2 2 2 2 2 2 2 2 2 2 2 2 2 2 2 2 2 2 2 2 2
left_child=1 7 3 8 -4 6 -6 12 22 10 -10 14 -1 -11 15 16 -5 -13 19 20 -19 -22 23 -3 -24 -26 -27 28 -12 -29
right_child=-2 2 4 11 5 -7 -8 -9 9 13 27 17 -14 -15 -16 -17 -18 18 -20 -21 21 -23 24 -25 25 26 -28 29 -30 -31
leaf_value=0.70704552486517125 -0.22797643259520745 -4.012581045732893 0.67464922409251926 3.6587889031010721 -2.729857133585913 -0.41631425555677981 -34.445874066461094 -0.71224480363749587 1.8091650922439926 -0.37938515502446823 -7.0237297869063129 6.9832194825237996 -0.31277626785654961 0.08767241898241665 3.5535380588503815 1.910019488412273 1.0327066012695856 0.85994560263416064 -1.1213627409867457 -0.096018955752253998 3.4604071859418797 -1.492972014258507 -0.26378888795929994 1.6314661407602431 0.58904117689037749 0.57544705474837132 -0.4231782560028638 -0.73759885717749007 0.37375244132503554 2.3399159405200631
leaf_weight=492 297 245 2303 186 745 1833 88 51 194 66 40 151 5685 63 491 167 2141 2519 666 48 220 93 2949 998 465 472 178 60 165 188
leaf_count=492 297 245 2303 186 745 1833 88 51 194 66 40 151 5685 63 491 167 2141 2519 666 48 220 93 2949 998 465 472 178 60 165 188
internal_value=0.000430766 0.000671894 0.00184954 0.00316096 -0.00151939 -0.00532613 -0.0131437 -0.0026814 0.000419194 0.00889061 0.0130583 0.0056569 -0.00238785 -0.0120062 0.00906167 0.00729722 0.00608053 0.00290768 0.0021714 0.00388875 0.00441369 0.0180454 -0.000819657 0.0043842 -0.00241136 0.00336293 -0.00261498 0.0065107 -0.00414432 0.0153164
internal_weight=24259 23962 17734 12765 4969 2666 833 6228 6083 776 647 6682 6177 129 2985 2494 2327 3697 3546 2880 2832 313 5307 1243 4064 1115 650 453 205 248
internal_count=24259 23962 17734 12765 4969 2666 833 6228 6083 776 647 6682 6177 129 2985 2494 2327 3697 3546 2880 2832 313 5307 1243 4064 1115 650 453 205 248
is_linear=0
shrinkage=0.05


Tree=43
num_leaves=31
num_cat=0
split_feature=11 9 12 13 7 12 13 14 2 13 0 13 11 14 12 12 13 13 14 13 1 13 9 11 13 1 14 0 9 13
split_gain=41.3794 37.4812 30.4941 31.4528 36.0498 31.9852 23.3145 22.168 19.7862 19.3079 19.1753 17.7107 17.1081 16.3892 15.9418 14.1639 23.1264 13.9806 13.8685 17.4826 28.5019 53.9751 16.3672 23.374 16.1213 17.1332 14.621 16.976 15.7375 14.2654
threshold=62.336055755615241 2.5000000000000004 38.754013061523445 41.199930191040046 1.0000000180025095e-35 47.620552062988288 107.48803329467775 201.7736740112305 1.0000000180025095e-35 83.201320648193374 320.50000000000006 84.021179199218764 61.102115631103523 1478.4567871093752 56.310926437377937 27.312630653381351 63.63823318481446 42.463228225708015 167.8167419433594 51.074102401733406 1.5000000000000002 57.065061569213874 4.5000000000000009 36.490407943725593 24.12955474853516 1.5000000000000002 94.143215179443374 631.50000000000011 4.5000000000000009 33.113262176513679
decision_type=2 2 2 2 2 2 2 2 2 2 2 2 2 2 2 2 2 2 2 2 2 2 2 2 2 2 2 2 2 2
left_child=1 6 7 8 5 9 15 11 -4 -5 -6 18 -7 -9 -12 16 17 -1 19 24 21 -21 -23 -24 -3 -26 27 28 -22 -20
right_child=-2 2 3 4 10 12 -8 13 -10 -11 14 -13 -14 -15 -16 -17 -18 -19 29 20 26 22 23 -25 25 -27 -28 -29 -30 -31
leaf_value=-1.7600223092468086 -0.21657761096544714 1.1771914979816009 2.7918387179658062 3.6070650768641599 -0.074963897936408855 0.34579947216012813 -0.67663256345562106 -3.4391698119059173 9.1297819111799789 -0.43112314348835667 -7.2070807368744596 -0.45781256329982761 2.9444386166665328 1.1554995419298018 3.0387476528632678 -0.14659790147809307 -0.85173683918986631 0.45283938217268943 8.0703678556019298 1.1510943535667937 1.0701826439386233 -0.46014936118222782 -0.7406463466515355 0.75299975559848853 0.77876738859950911 -0.91019148083805401 -0.87476361106883016 -6.597171371704758 2.0744901503977817 0.70557715920888242
leaf_weight=301 297 569 466 287 900 7293 51 720 230 29 374 46 20 47 33 5739 52 85 182 66 720 294 34 49 123 4163 275 61 372 381
leaf_count=301 297 569 466 287 900 7293 51 720 230 29 374 46 20 47 33 5739 52 85 182 66 720 294 34 49 123 4163 275 61 372 381
internal_value=0.000537942 0.000767879 0.00193977 0.00384132 0.00304383 0.00435831 -0.002569 -0.000320904 0.0140784 0.0199304 -0.00462857 0.000524874 0.00368517 -0.00840829 -0.013633 -0.00229072 -0.0109564 -0.00673401 0.000720254 8.92047e-05 0.00419539 -0.00688332 -0.0141872 0.00541516 -0.00149328 -0.0025431 0.00763252 0.0101032 0.0115374 0.00825786
internal_weight=24259 23962 17734 9632 8936 7629 6228 8102 696 316 1307 7335 7313 767 407 6177 438 386 7289 6726 1871 443 377 83 4855 4286 1428 1153 1092 563
internal_count=24259 23962 17734 9632 8936 7629 6228 8102 696 316 1307 7335 7313 767 407 6177 438 386 7289 6726 1871 443 377 83 4855 4286 1428 1153 1092 563
is_linear=0
shrinkage=0.05


Tree=44
num_leaves=31
num_cat=0
split_feature=13 9 1 13 14 8 13 11 0 8 0 13 14 12 4 0 10 14 11 10 13 14 11 11 2 0 9 1 0 11
split_gain=42.7402 29.9699 33.2316 33.408 24.4127 23.6794 30.6737 25.6865 25.6665 21.1832 19.4233 18.2103 26.1144 24.813 18.0233 21.2265 23.1229 17.7324 17.0562 16.6923 25.0957 16.4424 15.8072 26.5002 27.7584 15.5389 17.3543 15.2246 16.4913 17.3677
threshold=94.626880645751967 3.5000000000000004 6.5000000000000009 17.830595970153812 35.580316543579109 -1.0000000180025095e-35 71.93750381469728 62.558259963989265 6.5000000000000009 -0.98357626795768727 5396.0000000000009 33.113262176513679 201.7736740112305 25.056118011474613 1.0000000180025095e-35 107.50000000000001 1.5000000000000002 77.115783691406264 62.830816268920906 1.5000000000000002 72.20270156860353 211.61338806152347 61.023616790771491 55.142854690551765 1.0000000180025095e-35 14.500000000000002 3.5000000000000004 4.5000000000000009 22.500000000000004 54.429777145385749
decision_type=2 2 2 2 2 2 2 2 2 2 2 2 2 2 2 2 2 2 2 2 2 2 2 2 2 2 2 2 2 2
left_child=1 14 3 -3 18 6 8 -8 -5 -4 11 12 13 -7 19 -16 -17 -6 25 20 -1 -18 23 27 -25 -2 -27 28 -21 -30
right_child=4 2 9 5 17 10 7 -9 -10 -11 -12 -13 -14 -15 15 16 21 -19 -20 22 -22 -23 -24 24 -26 26 -28 -29 29 -31
leaf_value=-0.92445090995339374 -0.36557332913643692 7.7013209778046416 3.4898964063020359 -3.7986042169031538 -0.51310284567253217 -4.9973537454326591 2.5181452746061996 -0.25363265218990849 1.946041406941573 -0.52659370755659818 5.3182310317739923 0.11760606604502613 -3.6059678613092845 6.1459902627399465 -0.36038656866331548 15.671444062889353 -2.9643751768387014 0.52308709003209608 -0.43078758120703925 -0.40432736798700547 0.35143931165632092 -6.9625180672004152 -1.4014151404427604 1.5163038604006169 1.5273220934146523 0.30907464789979167 -0.12194993102023979 0.30280330834973379 0.038316621004857866 -0.88309507392277597
leaf_weight=327 73 215 145 113 208 62 420 45 1962 3212 39 5897 66 477 1912 33 517 20 39 929 68 160 103 73 433 190 213 3925 2312 71
leaf_count=327 73 215 145 113 208 62 420 45 1962 3212 39 5897 66 477 1912 33 517 20 39 929 68 160 103 73 433 190 213 3925 2312 71
internal_value=0.000434888 0.000807957 0.00246185 0.00400168 -0.0113713 0.00354032 0.00763749 0.0192432 0.0050359 -0.00180215 0.00194921 0.0017379 0.00999835 0.0136338 -0.00111847 -0.00472903 -0.012111 -0.024989 -0.00533877 3.03358e-05 -0.00999747 -0.0141043 0.000535298 0.000794256 0.0118554 -0.00273052 0.00111635 2.07265e-05 -0.00247577 -0.000272754
internal_weight=24259 23516 12653 9296 743 9081 2540 465 2075 3357 6541 6502 605 539 10863 2622 710 228 515 8241 395 677 7846 7743 506 476 403 7237 3312 2383
internal_count=24259 23516 12653 9296 743 9081 2540 465 2075 3357 6541 6502 605 539 10863 2622 710 228 515 8241 395 677 7846 7743 506 476 403 7237 3312 2383
is_linear=0
shrinkage=0.05


Tree=45
num_leaves=31
num_cat=0
split_feature=0 8 8 13 13 12 7 12 12 8 11 9 1 0 12 0 12 14 8 13 14 8 1 13 3 12 11 13 0 13
split_gain=30.372 43.8061 41.9958 36.9376 26.3332 30.7044 26.8099 25.4651 22.7624 21.8832 21.7453 21.2657 19.016 18.6032 19.1991 17.9896 23.8223 18.1306 17.9883 17.5779 19.3175 20.9645 20.4756 17.5268 23.2173 20.3806 16.6034 24.477 16.1664 15.9437
threshold=22.500000000000004 1.0000000180025095e-35 0.0014035426429472866 69.709499359130874 33.113262176513679 34.706089019775398 1.0000000180025095e-35 34.766277313232429 55.622457504272468 -0.9793732464313506 62.558259963989265 4.5000000000000009 3.5000000000000004 70.500000000000014 55.622457504272468 159.50000000000003 62.336055755615241 38.077074050903327 -0.94733375310897816 72.80420303344728 5.7733781337738046 0.071247283369302764 12.500000000000002 79.462242126464858 1.0000000180025095e-35 27.133479118347172 59.11174392700196 74.683879852294936 45.500000000000007 98.555053710937514
decision_type=2 2 2 2 2 2 2 2 2 2 2 2 2 2 2 2 2 2 2 2 2 2 2 2 2 2 2 2 2 2
left_child=9 3 -3 18 5 -4 15 -7 10 12 -5 19 -1 -8 -15 17 26 -6 -2 -11 -21 -22 -23 24 -19 -26 27 -17 -25 -13
right_child=1 2 4 8 6 7 13 -9 -10 11 -12 29 -14 14 -16 16 -18 23 -20 20 21 22 -24 28 25 -27 -28 -29 -30 -31
leaf_value=-11.476842405052688 4.2779025835991975 -35.014638674382681 0.012879716618651749 2.4311542503704588 0.039775395718641707 14.230168591458579 0.28556373856159784 3.2672059918098064 0.13770526136311786 -0.42401546426389702 -0.45035445745531177 0.14212473876047654 0.91857579589629212 -2.1530536872614459 4.0459663494026259 1.1839863126543222 -0.12422654345735396 -1.8633112646760119 0.65050308590573103 0.095144257708341229 -0.16157414007922899 -0.66160939641047778 0.25365965333175033 -0.65766918393930496 -0.85734114422685759 0.49700841292672282 -0.010465618201349969 2.5526815893182757 0.52107183472134366 0.46469875801256644
leaf_weight=31 253 46 1188 837 2520 70 1172 791 276 3367 35 542 824 2827 154 2415 42 895 3840 126 298 402 23 188 42 522 76 311 55 27
leaf_count=31 253 46 1188 837 2520 70 1172 791 276 3367 35 542 824 2827 154 2415 42 895 3840 126 298 402 23 188 42 522 76 311 55 27
internal_value=0.00046497 0.00144165 -8.26192e-05 0.00531377 8.29056e-05 0.00529501 -0.000869054 0.012484 0.0132393 -0.00274818 0.0171999 -0.0040647 0.00461934 -0.00405721 -0.00615545 0.0010048 0.00407862 -0.00106582 0.00309057 -0.00528925 -0.0117183 -0.0148665 -0.0219948 -0.00505258 -0.00298129 0.00496366 0.00463938 0.00528227 -0.0174825 0.00500791
internal_weight=24195 18555 13314 5241 13268 2049 11219 861 1148 5640 872 4785 855 4153 2981 7066 2844 4222 4093 4216 849 723 425 1702 1459 564 2802 2726 243 569
internal_count=24195 18555 13314 5241 13268 2049 11219 861 1148 5640 872 4785 855 4153 2981 7066 2844 4222 4093 4216 849 723 425 1702 1459 564 2802 2726 243 569
is_linear=0
shrinkage=0.05


Tree=46
num_leaves=31
num_cat=0
split_feature=0 8 8 13 13 12 12 7 12 11 8 0 9 13 11 0 12 10 10 0 3 10 11 13 12 13 11 11 0 10
split_gain=28.9697 40.1771 38.3217 36.2834 24.1053 28.447 26.2913 23.2746 21.8218 21.3594 18.1616 17.4817 17.2941 19.9854 18.8431 16.6215 23.5985 20.3504 16.5914 18.2296 16.0299 38.5798 41.0055 32.3206 22.6848 22.9851 14.8818 19.6225 16.4841 16.8515
threshold=22.500000000000004 1.0000000180025095e-35 0.0014035426429472866 69.709499359130874 33.113262176513679 34.706089019775398 34.766277313232429 1.0000000180025095e-35 55.622457504272468 62.558259963989265 -0.9793732464313506 5.5000000000000009 4.5000000000000009 72.80420303344728 32.057823181152351 159.50000000000003 62.336055755615241 1.5000000000000002 1.5000000000000002 72.500000000000014 1.0000000180025095e-35 2.5000000000000004 27.233261108398441 55.013584136962898 32.744756698608406 62.656835556030281 49.64799880981446 50.024980545043952 13.500000000000002 4.5000000000000009
decision_type=2 2 2 2 2 2 2 2 2 2 2 2 2 2 2 2 2 2 2 2 2 2 2 2 2 2 2 2 2 2
left_child=10 3 -3 -2 5 -4 -7 15 9 -5 11 -1 13 20 -15 17 -17 -6 -9 -20 -12 -22 23 -23 25 -24 28 -28 -16 -30
right_child=1 2 4 8 7 6 -8 18 -10 -11 12 -13 -14 14 26 16 -18 -19 19 -21 21 22 24 -25 -26 -27 27 -29 29 -31
leaf_value=-0.11304547651059522 0.85793514822295558 -33.263906740663543 0.012235730787719135 2.3095965378519354 -1.4374100313702762 13.518660161885652 3.1038456922193163 6.2185499053664248 0.13081999829496169 -0.42783673458254584 -1.0416792605173466 2.443091812254897 0.16407435475895157 -1.2480895836162098 -0.61717542502904199 1.321765820490149 -0.11801521628448626 -0.021241830930051719 0.19628555163351794 -1.9533360634703982 -0.46241659861743661 0.51173830614943971 0.60457469901490224 -0.87722250915079913 1.3148827002203445 -0.79636124104227768 -0.64231124040971466 -0.30965245287240573 0.37716605243533297 -0.47710151616166602
leaf_weight=447 4093 46 1188 837 169 70 791 61 276 35 2684 408 569 87 127 2802 42 4053 1212 2880 216 63 68 92 195 49 44 341 143 107
leaf_count=447 4093 46 1188 837 169 70 791 61 276 35 2684 408 569 87 127 2802 42 4053 1212 2880 216 63 68 92 195 49 44 341 143 107
internal_value=0.000460837 0.00141471 -4.5065e-05 0.00512297 0.000113053 0.0050998 0.0120195 -0.000797747 0.012978 0.0168559 -0.00267726 0.00403462 -0.00387662 -0.00498091 -0.0118361 0.000948189 0.00390282 -0.00104214 -0.00376827 -0.00415435 -0.00325206 0.00358659 0.0116677 -0.00934881 0.0221083 0.00469684 -0.00931636 -0.0162296 -0.00225404 0.00519792
internal_weight=24195 18555 13314 5241 13268 2049 861 11219 1148 872 5640 855 4785 4216 849 7066 2844 4222 4153 4092 3367 683 467 155 312 117 762 385 377 250
internal_count=24195 18555 13314 5241 13268 2049 861 11219 1148 872 5640 855 4785 4216 849 7066 2844 4222 4153 4092 3367 683 467 155 312 117 762 385 377 250
is_linear=0
shrinkage=0.05


Tree=47
num_leaves=31
num_cat=0
split_feature=9 1 5 10 11 13 12 0 8 13 13 13 12 12 3 0 13 1 8 8 10 11 10 8 0 8 1 11 14 12
split_gain=28.9924 40.0792 24.001 41.702 29.281 26.065 30.3877 22.9885 30.9526 32.8826 21.2837 20.6019 22.8425 20.4748 19.1673 27.6377 30.4092 29.071 29.5465 39.7557 26.6938 24.6056 39.8921 21.0997 20.9154 18.8101 19.0827 17.0224 16.4691 16.2984
threshold=4.5000000000000009 6.5000000000000009 1.0000000180025095e-35 4.5000000000000009 51.604623794555671 71.295005798339858 49.056907653808601 22.500000000000004 -0.28364197909831995 57.913679122924812 36.121747970581062 33.113262176513679 34.706089019775398 34.766277313232429 1.0000000180025095e-35 42.500000000000007 59.204015731811531 3.5000000000000004 0.095445133745670332 0.087102424353361144 3.5000000000000004 36.220581054687507 4.5000000000000009 0.47844667732715612 29.500000000000004 -0.9793732464313506 3.5000000000000004 59.11174392700196 27.99890232086182 54.450002670288093
decision_type=2 2 2 2 2 2 2 2 2 2 2 2 2 2 2 2 2 2 2 2 2 2 2 2 2 2 2 2 2 2
left_child=7 2 4 -4 -2 6 -5 25 9 29 -6 12 -10 -14 27 16 24 18 19 -18 -20 22 23 -17 -16 26 -1 -13 -19 -9
right_child=1 -3 3 5 10 -7 -8 8 11 -11 -12 14 13 -15 15 21 17 28 20 -21 -22 -23 -24 -25 -26 -27 -28 -29 -30 -31
leaf_value=-10.897348010974525 0.36539500123515584 -0.67786350349624347 -0.87346320991692539 3.7421704779289557 4.9100696308532878 2.4097909042359067 -0.70280494801966009 -0.32548900775458417 -0.14340618737926722 1.6367514349028125 -0.92163698410709505 -0.65892337563756787 12.81772715379137 2.8658116603756243 0.93824069610829142 -1.2237046746302107 -0.25927272717543381 -0.088020447163807886 -0.013590547021893329 0.83310883863707952 -0.75107598922142105 0.98698881572324959 2.1781103509561244 -0.096259096978934269 -0.25237891841753213 -0.3565431789901638 0.84212699046484174 -0.20892490709567896 0.79430359239363924 3.9242197094856937
leaf_weight=29 1834 1585 560 1233 43 482 449 1390 874 1770 337 5572 55 567 125 89 648 92 69 79 123 655 94 114 60 4216 741 184 97 29
leaf_count=29 1834 1585 560 1233 43 482 449 1390 874 1770 337 5572 55 567 125 89 648 92 69 79 123 655 94 114 60 4216 741 184 97 29
internal_value=0.000378176 0.00322699 0.00544744 0.00858999 0.00158078 0.011737 0.00879853 -0.000673378 0.000457193 0.0047192 -0.0110497 -0.000973982 0.00441147 0.0117344 -0.00198098 0.00193755 -0.00282267 -0.00595614 -0.00962898 -0.00501994 -0.0270692 0.00840248 -0.00353416 -0.016002 0.0159373 -0.00354987 0.00363589 -0.00350932 0.0118985 -0.000951307
internal_weight=24195 6523 4938 2724 2214 2164 1682 17672 12686 3189 380 9497 1496 622 8001 2245 1293 1108 919 727 192 952 297 203 185 4986 770 5756 189 1419
internal_count=24195 6523 4938 2724 2214 2164 1682 17672 12686 3189 380 9497 1496 622 8001 2245 1293 1108 919 727 192 952 297 203 185 4986 770 5756 189 1419
is_linear=0
shrinkage=0.05


Tree=48
num_leaves=31
num_cat=0
split_feature=11 4 0 8 10 0 10 13 14 13 0 8 10 0 13 7 14 8 13 11 11 14 14 11 14 12 13 8 13 11
split_gain=29.2848 24.4421 35.6929 35.8816 26.8698 39.1729 23.0139 27.7502 33.0965 18.9524 18.8801 18.7645 18.4474 25.339 21.9888 18.3063 19.8583 19.2599 18.2324 16.9341 27.673 16.8318 22.7872 16.3622 16.6789 16.0479 18.4044 15.8971 19.2238 15.8494
threshold=62.336055755615241 1.0000000180025095e-35 41.500000000000007 -0.89503732323646534 4.5000000000000009 570.50000000000011 1.5000000000000002 80.424057006835952 40.355499267578132 74.361293792724624 37.500000000000007 0.095445133745670332 2.5000000000000004 236.50000000000003 52.02202224731446 1.0000000180025095e-35 70.589103698730483 0.99803149700164806 94.626880645751967 54.429777145385749 50.74879455566407 70.589103698730483 190.51131439208987 26.756301879882816 45.216796875000007 29.14305400848389 73.519893646240249 0.91091269254684459 19.224151611328129 35.916648864746101
decision_type=2 2 2 2 2 2 2 2 2 2 2 2 2 2 2 2 2 2 2 2 2 2 2 2 2 2 2 2 2 2
left_child=1 2 6 9 15 18 -1 23 10 -4 11 -9 14 29 -3 16 -5 -17 27 20 -10 -19 -23 24 -8 -7 -27 -6 -29 -14
right_child=-2 12 3 4 5 25 7 8 19 -11 -12 -13 13 -15 -16 17 -18 21 -20 -21 -22 22 -24 -25 -26 26 -28 28 -30 -31
leaf_value=-0.3742250174741692 -0.24034890039255005 3.6405685788799818 2.9521080900237489 0.6084708832364516 1.2153200717671553 12.50330895668945 -0.08716965865578441 0.1310919888823868 -0.51352218976035002 1.7275905047930444 -0.9207320420306303 -0.32766472929012624 0.5209990118967085 -3.3849994313363192 -2.1731095601129864 -5.5546527777244838 -0.32851802222317555 -3.2960659005061892 -0.44281780271480908 -0.61075999683706539 0.37007105468730261 2.0908346868441696 -11.874989139973529 0.15857450349253741 -1.1726733225058987 2.6055713697997009 2.100542100381749 10.112590893218886 -0.55957685459693385 -0.97411694708240781
leaf_weight=353 287 355 367 2418 2765 72 516 456 239 82 66 258 1334 1220 138 218 1414 136 32 89 54 329 34 6260 252 652 166 38 1310 2285
leaf_count=353 287 355 367 2418 2765 72 516 456 239 82 66 258 1334 1220 138 218 1414 136 32 89 54 329 34 6260 252 652 166 38 1310 2285
internal_value=0.000374043 0.000564662 0.00142118 0.0034436 0.0027963 0.0053127 -0.000953986 -0.000415135 -0.0075725 0.0172567 -0.00166645 0.000700182 -0.00241931 -0.00335806 0.00679375 1.09912e-05 0.00138305 -0.00732115 0.00326892 -0.0196284 -0.0138178 -0.00190343 0.00371798 0.000768344 -0.00611899 0.0148298 0.0128346 0.00356179 -0.000890142 -0.00125722
internal_weight=24195 23908 18576 10033 9584 5035 8543 8190 1162 449 780 714 5332 4839 493 4549 3832 717 4145 382 293 499 363 7028 768 890 818 4113 1348 3619
internal_count=24195 23908 18576 10033 9584 5035 8543 8190 1162 449 780 714 5332 4839 493 4549 3832 717 4145 382 293 499 363 7028 768 890 818 4113 1348 3619
is_linear=0
shrinkage=0.05


Tree=49
num_leaves=31
num_cat=0
split_feature=11 9 12 13 0 0 11 4 0 0 8 1 13 13 8 11 8 12 10 13 13 12 0 13 12 8 0 12 10 9
split_gain=29.3917 28.9679 28.8468 25.1105 21.1655 19.8224 18.6594 18.1797 23.0932 18.8568 23.0324 21.1235 30.2904 21.915 16.8124 16.5179 22.9135 19.7611 17.9066 16.0261 21.0279 18.47 18.4497 18.4475 32.7669 15.6717 15.5522 15.1305 14.5847 14.5164
threshold=62.336055755615241 2.5000000000000004 52.720449447631843 107.48803329467775 2777.5000000000005 1669.0000000000002 32.405925750732429 1.0000000180025095e-35 236.50000000000003 49.500000000000007 0.062828946858644499 2.5000000000000004 83.201320648193374 56.81214904785157 -0.92228758335113514 48.928390502929695 -0.42163050174713129 29.771375656127933 1.5000000000000002 98.555053710937514 73.002231597900405 62.830816268920906 31.500000000000004 66.229450225830092 54.450002670288093 0.45895722508430487 328.50000000000006 56.310926437377937 2.5000000000000004 3.5000000000000004
decision_type=2 2 2 2 2 2 2 2 2 2 2 2 2 2 2 2 2 2 2 2 2 2 2 2 2 2 2 2 2 2
left_child=1 3 5 15 6 7 -4 9 14 -3 11 12 13 -11 -9 -1 17 -17 -19 20 23 -22 -21 27 -25 -7 -18 -8 -10 -30
right_child=-2 2 4 -5 -6 25 19 8 28 10 -12 -13 -14 -15 -16 16 26 18 -20 22 21 -23 -24 24 -26 -27 -28 -29 29 -31
leaf_value=0.03174295780636243 -0.22833145537292268 -0.046181820771591477 -0.61115642054371211 -0.51055713378184153 -3.6302700284015601 -74.644775338543766 0.75331360169862105 -9.9051449373099061 2.0899815078095716 -0.47174630630893832 0.27170112362239146 1.2921840993328513 -0.87914443321114466 1.9410426949778625 0.19160926480540663 -5.0488076140419045 -0.58022199699521215 -2.2737013419052086 0.44929336034130857 0.13363472840673296 1.6823002913560494 -9.4960499069366104 -0.40151270715665377 3.0287917454470832 -2.8344192803228836 3.1436268837581127 3.9870015231559139 2.8538918428004894 -7.5259224696708138 -2.5988240378214749
leaf_weight=3336 287 5102 266 56 97 21 352 59 119 108 3882 1878 41 403 2417 66 1621 32 993 74 714 20 80 165 248 423 85 259 139 852
leaf_count=3336 287 5102 266 56 97 21 352 59 119 108 3882 1878 41 403 2417 66 1621 32 993 74 714 20 80 165 248 423 85 259 139 852
internal_value=0.000402974 0.000593941 0.00162254 -0.00235091 0.00687882 0.00084822 0.00789679 0.000539996 -0.00256546 0.00151567 0.00334279 0.0071602 0.015758 0.0190765 0.000121158 -0.00204627 -0.00488005 0.00077903 0.00248756 0.00962293 0.0109778 0.0174363 -0.00584036 0.00634704 -0.00181554 0.0112587 -0.00849892 0.0118639 -0.00855779 -0.0105438
internal_weight=24195 23908 17719 6189 2275 15444 2178 15000 3586 11414 6312 2430 552 511 2476 6133 2797 1091 1025 1912 1758 734 154 1024 413 444 1706 611 1110 991
internal_count=24195 23908 17719 6189 2275 15444 2178 15000 3586 11414 6312 2430 552 511 2476 6133 2797 1091 1025 1912 1758 734 154 1024 413 444 1706 611 1110 991
is_linear=0
shrinkage=0.05


Tree=50
num_leaves=31
num_cat=0
split_feature=9 0 1 13 8 12 13 14 11 13 12 8 11 12 13 14 10 13 12 1 14 3 13 1 10 0 12 14 9 0
split_gain=30.5048 38.9747 21.9516 22.6373 20.2488 18.4703 30.053 29.2806 21.6547 20.7234 40.3205 31.9669 22.1573 21.1192 18.4604 18.3758 17.0205 16.9246 17.6542 16.8673 14.4791 14.4399 19.1378 14.4679 14.1175 13.0829 15.1758 13.1524 12.7992 12.17
threshold=4.5000000000000009 1169.5000000000002 6.5000000000000009 15.0381236076355 -0.75776877999305714 48.948131561279304 83.201320648193374 35.580316543579109 62.558259963989265 66.853481292724624 55.998853683471687 0.095445133745670332 26.756301879882816 58.595743179321296 42.713558197021491 81.449752807617202 2.5000000000000004 27.669736862182621 25.810338020324711 3.5000000000000004 56.701896667480476 1.0000000180025095e-35 76.098167419433608 10.500000000000002 1.5000000000000002 338.50000000000006 56.310926437377937 3.7096201181411748 2.5000000000000004 42.500000000000007
decision_type=2 2 2 2 2 2 2 2 2 2 2 2 2 2 2 2 2 2 2 2 2 2 2 2 2 2 2 2 2 2
left_child=5 2 3 -2 19 17 8 29 9 14 11 16 -13 -12 -7 -9 -11 18 -1 -5 -14 -4 -23 -24 -16 27 -27 -26 -15 -8
right_child=1 -3 21 4 -6 6 7 15 -10 10 13 12 20 28 24 -17 -18 -19 -20 -21 -22 22 23 -25 25 26 -28 -29 -30 -31
leaf_value=-1.6221644247545968 8.7739773456404233 3.0209352932011058 -1.4556370301912196 3.6002258495184112 0.30377611119638676 3.164870637578352 -0.068387457138283203 -0.7373034593877108 -0.06077515717667268 -1.1582152698271102 -2.5374133718628409 -1.2250863895931028 1.1432642721286073 -2.037994068647774 -1.2244062954007895 0.11029009619136687 1.6496696807927766 -0.25798981528725451 1.4239311770847867 1.665740895142986 -0.67127526084984046 0.9260078239989582 -0.63274187616350097 0.42407949799626937 -2.5348105874728724 -4.1711192900015917 4.8382893529323443 0.39818354955138213 3.7125635818241665 0.80632972326201868
leaf_weight=265 59 516 1382 168 3950 355 414 211 103 25 259 25 291 75 200 50 1196 10315 857 268 198 105 51 34 170 299 24 2116 119 158
leaf_count=265 59 516 1382 168 3950 355 414 211 103 25 259 25 291 75 200 50 1196 10315 857 268 198 105 51 34 170 299 24 2116 119 158
internal_value=0.000362765 0.00328328 0.0021522 0.00394817 0.00353389 -0.000713677 0.00146308 -0.00738207 0.00281388 0.00325106 0.00699237 0.0104605 0 -0.00629 0.000663696 -0.0212562 0.0148636 -0.00191045 0.00392122 0.0137583 0.00235126 -0.00292602 0.00999474 -0.00763807 -0.000694173 0.000287455 -0.0091303 0.00161848 0.00618238 -0.00104877
internal_weight=24258 6533 6017 4445 4386 17725 6288 833 5455 5352 2188 1735 514 453 3164 261 1221 11437 1122 436 489 1572 190 85 2809 2609 323 2286 194 572
internal_count=24258 6533 6017 4445 4386 17725 6288 833 5455 5352 2188 1735 514 453 3164 261 1221 11437 1122 436 489 1572 190 85 2809 2609 323 2286 194 572
is_linear=0
shrinkage=0.05


Tree=51
num_leaves=31
num_cat=0
split_feature=9 1 13 1 11 13 11 12 13 10 12 11 11 11 13 12 8 12 11 11 13 13 12 8 7 12 3 11 12 14
split_gain=26.8228 27.0577 21.9746 21.457 35.2932 22.4664 24.2736 18.7328 27.599 28.3293 26.6816 22.0352 44.2284 21.7598 18.7569 24.1594 18.8822 28.2332 21.3961 18.6598 18.5797 17.9345 17.6684 17.0019 16.8723 16.5853 29.0789 23.2536 15.4847 15.003
threshold=4.5000000000000009 6.5000000000000009 83.201320648193374 2.5000000000000004 36.490407943725593 76.098167419433608 35.80696105957032 48.948131561279304 83.201320648193374 4.5000000000000009 55.622457504272468 37.873378753662116 48.948131561279304 62.558259963989265 65.922466278076186 51.125007629394538 -0.56651917099952687 55.392860412597663 55.142854690551765 55.622457504272468 42.713558197021491 37.034200668334968 49.569253921508796 0.13341730087995532 1.0000000180025095e-35 52.656742095947273 1.0000000180025095e-35 32.883178710937507 48.04137039184571 112.47220993041994
decision_type=2 2 2 2 2 2 2 2 2 2 2 2 2 2 2 2 2 2 2 2 2 2 2 2 2 2 2 2 2 2
left_child=7 2 3 4 5 6 -2 -1 13 11 22 -10 -13 14 20 23 17 -17 -19 -6 -9 -5 -11 -16 29 -18 -27 -28 -4 -23
right_child=1 -3 28 21 19 -7 -8 8 9 10 -12 12 -14 -15 15 16 25 18 -20 -21 -22 24 -24 -25 -26 26 27 -29 -30 -31
leaf_value=-0.20098537930451388 0.69345675850692534 -0.50754602048199338 -0.60486192835345642 4.0274782691380677 2.2644262061810707 -1.0698542460210285 -4.7840884018702532 3.006627105699434 -0.85859347745142012 -0.13159555188540892 0.1851435158084648 0.97507240061837119 -0.060565377571010617 -0.057736399317839471 1.4959092566700798 3.4987029085488275 -0.97629827969035787 -1.939173984198536 8.4916365556850391 -2.4446810975881221 -0.14499646335489233 1.8268727449380913 -0.78902214773410084 0.32922948162855481 -1.4405550442567847 -2.4105427032696989 -0.52754561758606966 1.3535538919931811 -0.0058212682136314703 -0.41373051190784482
leaf_weight=11437 247 1585 69 530 824 59 64 355 61 44 47 70 503 103 807 275 222 257 28 31 2629 1434 108 299 858 279 53 148 291 541
leaf_count=11437 247 1585 69 530 824 59 64 355 61 44 47 70 503 103 807 275 222 257 28 31 2629 1434 108 299 858 279 53 148 291 541
internal_value=0.000391622 0.00313021 0.0049514 0.00588479 0.0115501 -0.00135099 0.004018 -0.000617768 0.0015744 -0.00690193 -0.0233551 -0.00173474 0.00130867 0.00286887 0.00330711 0.00662979 0.00190159 0.00874844 -0.0022799 0.0171325 0.000670219 0.00382088 -0.0335306 0.0120242 0.00224136 -0.00356075 0.00166632 0.0161611 -0.00694252 0.00478457
internal_weight=24258 6533 4948 4588 1225 370 311 17725 6288 833 199 634 573 5455 5352 2368 1262 560 285 855 2984 3363 152 1106 2833 702 480 201 360 1975
internal_count=24258 6533 4948 4588 1225 370 311 17725 6288 833 199 634 573 5455 5352 2368 1262 560 285 855 2984 3363 152 1106 2833 702 480 201 360 1975
is_linear=0
shrinkage=0.05


Tree=52
num_leaves=31
num_cat=0
split_feature=9 0 8 13 13 11 1 13 3 8 1 0 1 8 14 9 11 13 0 11 3 13 11 11 8 10 11 11 9 13
split_gain=26.8228 35.3847 17.2222 44.4056 28.7814 16.075 15.5843 23.2042 19.0776 16.5237 19.0568 15.1609 16.8904 15.8661 14.9891 14.7997 18.4531 31.7039 20.5561 19.6378 19.102 23.1752 17.9045 20.3161 18.0568 17.0775 15.8275 22.2192 15.1144 19.3846
threshold=4.5000000000000009 1169.5000000000002 -0.28364197909831995 71.295005798339858 33.113262176513679 51.28924751281739 6.5000000000000009 15.0381236076355 1.0000000180025095e-35 -0.75776877999305714 3.5000000000000004 6.5000000000000009 4.5000000000000009 -0.97498750686645497 182.61954498291018 2.5000000000000004 48.162836074829109 72.51648330688478 34.500000000000007 47.620552062988288 1.0000000180025095e-35 100.89768600463869 48.928390502929695 34.52833557128907 0.037210106849670417 3.5000000000000004 31.291240692138675 37.056631088256843 1.5000000000000002 55.415325164794929
decision_type=2 2 2 2 2 2 2 2 2 2 2 2 2 2 2 2 2 2 2 2 2 2 2 2 2 2 2 2 2 2
left_child=2 6 3 11 -4 -5 7 -2 -8 10 -9 12 -1 -13 15 22 17 19 26 -17 -18 -22 23 28 -24 -23 -19 -28 29 -6
right_child=1 -3 4 5 14 -7 8 9 -10 -11 -12 13 -14 -15 -16 16 20 18 -20 -21 21 25 24 -25 -26 -27 27 -29 -30 -31
leaf_value=-5.5092026391120186 8.1339045649014974 2.7566672182319962 0.73621699686330933 1.8608012633857407 -0.050946733324379427 -0.033568734717547954 -1.3574778776575587 3.3848860012167337 0.16944428750814639 0.25173994111966741 1.4911102131389313 2.5944622357837481 -0.31068474779463778 0.032510397788295009 -1.912434582443491 0.080788281202138643 -0.036224787348008651 -1.137454789234144 -0.34559816181248704 -1.8073842571162317 0.35348215812733169 0.047791288882040206 -0.71495296532267893 0.167122148805397 -0.37504826109311973 -0.48365014872668388 -0.14704799856404946 -0.65253466597052268 -0.035445744196548438 -1.0401062587243517
leaf_weight=144 59 516 1595 684 101 213 1382 168 190 3950 268 378 919 4148 1070 2230 1684 58 250 466 713 76 256 811 1161 68 155 84 310 151
leaf_count=144 59 516 1595 684 101 213 1382 168 190 3950 268 378 919 4148 1070 2230 1684 58 250 466 713 76 256 811 1161 68 155 84 310 151
internal_value=0.000391622 0.00313021 -0.000617768 0.00143384 -0.00180175 0.0117601 0.00205248 0.00356572 -0.00222632 0.0031463 0.0123825 -0.00022365 -0.00559684 0.00103842 -0.00283075 -0.00213433 -0.000691551 -0.00319139 -0.0141656 -0.000964356 0.00249892 0.00857543 -0.00512526 -0.001056 -0.00906781 -0.00971548 -0.0230562 -0.0173568 -0.0083615 -0.0174534
internal_weight=24258 6533 17725 6486 11239 897 6017 4445 1572 4386 436 5589 1063 4526 9644 8574 5784 3243 547 2696 2541 857 2790 1373 1417 144 297 239 562 252
internal_count=24258 6533 17725 6486 11239 897 6017 4445 1572 4386 436 5589 1063 4526 9644 8574 5784 3243 547 2696 2541 857 2790 1373 1417 144 297 239 562 252
is_linear=0
shrinkage=0.05


Tree=53
num_leaves=31
num_cat=0
split_feature=0 13 14 14 9 13 1 12 11 12 10 13 9 12 9 14 10 1 12 12 3 10 14 11 0 0 13 14 12 9
split_gain=29.3689 19.6211 24.351 27.4644 26.9308 20.9491 24.7215 36.5547 43.545 34.8064 23.502 19.6249 19.0115 18.0612 35.5182 18.6703 17.003 16.6211 17.0258 19.6735 16.3004 30.7619 36.2443 29.1712 31.0094 41.6383 19.7806 19.6397 18.1388 26.4346
threshold=1169.5000000000002 83.201320648193374 32.665130615234382 77.115783691406264 1.5000000000000002 66.853481292724624 1.5000000000000002 50.152439117431648 32.883178710937507 55.852228164672859 4.5000000000000009 13.382874965667726 4.5000000000000009 49.224458694458015 2.5000000000000004 57.274644851684577 2.5000000000000004 3.5000000000000004 50.297775268554695 51.595560073852546 1.0000000180025095e-35 3.5000000000000004 46.543794631958015 26.756301879882816 27.500000000000004 50.500000000000007 61.39555740356446 35.580316543579109 54.450002670288093 2.5000000000000004
decision_type=2 2 2 2 2 2 2 2 2 2 2 2 2 2 2 2 2 2 2 2 2 2 2 2 2 2 2 2 2 2
left_child=1 5 -3 4 -4 11 7 -7 -9 10 13 -1 -2 15 16 -8 -15 18 -12 -20 28 22 -22 26 -25 27 -23 -26 -13 -30
right_child=12 2 3 -5 -6 6 9 8 -10 -11 17 20 -14 14 -16 -17 -18 -19 19 -21 21 23 -24 24 25 -27 -28 -29 29 -31
leaf_value=2.4660411847223518 0.059396941774166129 -0.010580308350038693 -0.4944799482098845 0.38099244906284258 -0.26790315952721161 -0.24350943061170194 0.036717598014418942 -0.8706106262441331 0.73797759755398329 -0.91271645003151469 2.0800264394204677 -0.38480595361063141 2.6188338573203964 -0.6744940959178497 0.3055314085245211 -4.1677119271930056 1.8778315480050694 1.7539865763343387 -6.032785580765502 2.1663199852682284 0.10636787042105525 -0.67916108501810146 -1.6154046197878806 1.0232715496555027 -0.61360071304393604 1.7306664690615272 0.54263941049111186 0.30166095594837583 -3.0172879889601933 2.1628576328237652
leaf_weight=275 460 1007 110 54 407 618 397 71 251 681 311 14632 516 22 548 118 151 1100 69 163 575 116 200 298 97 220 52 112 157 470
leaf_count=275 460 1007 110 54 407 618 397 71 251 681 311 14632 516 22 548 118 151 1100 69 163 575 116 200 298 97 220 52 112 157 470
internal_value=0.000416356 6.0132e-05 -0.00532286 -0.0135703 -0.0171147 0.000451528 0.00348881 -0.00372301 0.0099348 0.00539311 0.00779758 -0.000342942 0.00891302 0.00258879 0.00769657 -0.00456222 0.0274408 0.0117157 0.0188731 0.00861698 -0.00055821 0.00413149 -0.00316088 0.0104458 0.0147848 0.00617572 -0.00832838 -0.00980392 -0.00107149 0.00725562
internal_weight=24258 23282 1578 571 517 21704 4500 940 322 3560 2879 17204 976 1236 721 515 173 1643 543 232 16929 1670 775 895 727 429 168 209 15259 627
internal_count=24258 23282 1578 571 517 21704 4500 940 322 3560 2879 17204 976 1236 721 515 173 1643 543 232 16929 1670 775 895 727 429 168 209 15259 627
is_linear=0
shrinkage=0.05


Tree=54
num_leaves=31
num_cat=0
split_feature=0 8 13 12 13 12 0 9 1 3 8 11 1 9 12 13 3 10 11 12 10 13 13 8 11 13 0 0 11 0
split_gain=28.0252 22.0639 45.0927 42.4232 23.1933 25.691 22.9339 17.972 17.3672 19.7831 15.8614 15.0852 14.9374 14.6817 16.7115 18.3109 35.8408 28.6121 28.1368 24.202 20.9987 17.7325 20.3005 18.5161 17.5802 17.1373 17.7322 19.0285 17.4418 16.2239
threshold=1169.5000000000002 -1.0000000180025095e-35 69.709499359130874 55.622457504272468 32.328477859497077 33.55232238769532 49.500000000000007 4.5000000000000009 10.500000000000002 1.0000000180025095e-35 0.0072203108575195083 62.558259963989265 3.5000000000000004 2.5000000000000004 53.834787368774421 72.51648330688478 1.0000000180025095e-35 4.5000000000000009 32.98573303222657 49.781782150268562 1.5000000000000002 55.238517761230476 69.064975738525405 0.077254641801118865 32.405925750732429 98.555053710937514 68.500000000000014 35.500000000000007 50.950229644775398 489.50000000000006
decision_type=2 2 2 2 2 2 2 2 2 2 2 2 2 2 2 2 2 2 2 2 2 2 2 2 2 2 2 2 2 2
left_child=1 2 6 11 5 -3 -1 -2 13 -10 -7 12 -4 -6 15 16 -15 18 -17 21 -21 -18 -23 -24 -16 26 27 -26 -27 -19
right_child=7 4 3 -5 8 10 -8 -9 9 -11 -12 -13 -14 14 24 17 19 29 -20 20 -22 22 23 -25 25 28 -28 -29 -30 -31
leaf_value=-0.27591021272437433 0.05642709468545775 -0.27796033980101847 1.8348749344986091 -0.55452069595080722 -0.32241575456102967 -6.413073542094172 1.2016913289821554 2.4878921644543768 -0.52291800495614216 0.42852015345464151 3.3338045973908579 -0.22458743846990217 1.921989388216288 -0.7939558273079812 -0.73787642907055617 -0.93262629361594096 0.6850619234734503 -0.65353305325629452 0.019161174895584311 -2.5373166207507118 1.4666201833305585 -0.21518407474120593 0.068666040918883203 0.830080617578691 -0.048122477175918735 -0.35265687509266502 1.2275408678835964 1.4667151441001636 0.099997268198777078 4.1276030901780745
leaf_weight=5097 460 999 323 424 2792 45 2291 516 287 280 864 42 724 5527 80 132 269 480 809 21 207 593 63 49 71 69 464 175 84 21
leaf_count=5097 460 999 323 424 2792 45 2291 516 287 280 864 42 724 5527 80 132 269 480 809 21 207 593 63 49 71 69 464 175 84 21
internal_value=0.000408111 6.0132e-05 0.0020166 0.00988038 -0.00115082 0.00398302 0.000406058 0.00870812 -0.00193617 0.00661259 0.0100649 0.0151042 0.0162831 -0.00234334 -0.0013715 -0.00209886 -0.00100311 -0.00721171 -0.00207204 0.0068214 0.0214818 0.00338774 -0.000780031 0.0187333 0.00493055 0.00700962 0.0102802 0.0211296 -0.0081646 -0.0168629
internal_weight=24258 23282 8901 1513 14381 1908 7388 976 12473 567 909 1089 1047 11906 9114 8171 6729 1442 941 1202 228 974 705 112 943 863 710 246 153 501
internal_count=24258 23282 8901 1513 14381 1908 7388 976 12473 567 909 1089 1047 11906 9114 8171 6729 1442 941 1202 228 974 705 112 943 863 710 246 153 501
is_linear=0
shrinkage=0.05


Tree=55
num_leaves=31
num_cat=0
split_feature=9 12 0 0 14 13 11 12 12 12 1 9 3 10 11 11 10 9 11 13 13 13 1 13 12 12 13 12 12 0
split_gain=21.4682 30.9231 18.7638 16.1999 18.0592 19.3134 20.5625 25.8393 38.7831 22.4532 18.5705 24.02 21.3362 18.6319 19.439 15.9602 16.4795 14.7699 13.1067 21.4019 19.8566 19.3723 15.5838 13.3128 15.5022 14.4763 13.0945 12.9328 12.8751 16.9655
threshold=2.5000000000000004 52.720449447631843 1669.0000000000002 5.5000000000000009 201.7736740112305 76.385059356689467 35.80696105957032 48.024814605712898 48.451128005981452 47.830930709838874 3.5000000000000004 4.5000000000000009 1.0000000180025095e-35 3.5000000000000004 30.950027465820316 48.928390502929695 4.5000000000000009 4.5000000000000009 37.056631088256843 75.742309570312514 73.773239135742202 74.361293792724624 12.500000000000002 66.050376892089858 51.735084533691413 48.410812377929695 62.802942276000984 62.830816268920906 49.312675476074226 51.500000000000007
decision_type=2 2 2 2 2 2 2 2 2 2 2 2 2 2 2 2 2 2 2 2 2 2 2 2 2 2 2 2 2 2
left_child=15 2 3 -2 5 10 9 -8 -9 -7 11 28 -12 -14 -15 16 18 -4 19 21 22 -1 23 24 -20 -25 -6 -17 -5 -30
right_child=1 -3 17 4 26 6 7 8 -10 -11 12 -13 13 14 -16 27 -18 -19 20 -21 -22 -23 -24 25 -26 -27 -28 -29 29 -31
leaf_value=-0.3533214134917822 -2.6335823748963438 0.58926420307410154 0.027253000882164716 -0.01665038005398678 -2.611600982536828 2.8120662011490198 -0.3030752469221078 1.1211422004702833 -0.0041889619175695001 -1.077118862845083 -0.08573785300988207 1.2270317834752746 -0.08638321517568244 -0.011310796598931461 0.99445388168818205 -0.34626343012244054 0.49641264331742507 3.6367579919136137 0.68229661522542262 -1.5904499180555278 1.5975522096051522 0.96550430561562628 -3.1565245743880679 -0.83311043194623025 -7.2234563555841111 2.0148277230658151 0.94699338264531863 -3.2733481668037649 -0.78044878025112974 1.6465563203547875
leaf_weight=1324 364 2247 225 2066 1041 31 249 45 712 195 8139 1285 206 81 228 2839 1267 247 502 59 64 20 37 43 40 24 139 20 107 403
leaf_count=1324 364 2247 225 2066 1041 31 249 45 712 195 8139 1285 206 81 228 2839 1267 247 502 59 64 20 37 43 40 24 139 20 107 403
internal_value=0.000468059 0.00134369 0.000561438 0.00025832 0.000512491 0.00102203 -0.0049509 -0.00188848 0.0027077 -0.0185759 0.00161006 0.00449354 0.000323546 0.0101922 0.0179554 -0.00205959 0.000266264 0.0103792 -0.00243718 -0.0052384 0.00309816 -0.00394316 0.000464324 0.00238056 0.00498063 -0.0186289 -0.00542327 -0.00480921 0.00170801 0.0088218
internal_weight=24249 18010 15763 15291 14927 13747 1232 1006 757 226 12515 3861 8654 515 309 6239 3380 472 2113 1403 710 1344 646 609 542 67 1180 2859 2576 510
internal_count=24249 18010 15763 15291 14927 13747 1232 1006 757 226 12515 3861 8654 515 309 6239 3380 472 2113 1403 710 1344 646 609 542 67 1180 2859 2576 510
is_linear=0
shrinkage=0.05


Tree=56
num_leaves=31
num_cat=0
split_feature=0 9 4 10 10 0 9 14 13 14 14 10 11 11 12 13 2 13 1 13 12 11 0 12 13 12 0 1 10 12
split_gain=18.578 17.2335 15.7352 26.6598 21.4782 24.2354 19.5395 19.1918 17.2371 22.7177 23.089 20.5873 18.8993 18.0253 16.8844 18.2652 20.6143 48.3464 33.4408 29.7403 30.7504 26.8278 36.9412 26.1042 22.2761 36.6162 31.0939 21.568 20.2827 27.0156
threshold=1169.5000000000002 4.5000000000000009 1.0000000180025095e-35 2.5000000000000004 2.5000000000000004 236.50000000000003 3.5000000000000004 27.235648155212406 83.201320648193374 37.263208389282234 71.589775085449233 3.5000000000000004 58.425312042236335 53.075769424438484 31.55070781707764 37.034200668334968 1.0000000180025095e-35 72.51648330688478 10.500000000000002 71.295005798339858 60.742162704467781 29.06359958648682 30.500000000000004 54.034259796142585 55.013584136962898 47.737524032592781 27.500000000000004 2.5000000000000004 4.5000000000000009 48.024814605712898
decision_type=2 2 2 2 2 2 2 2 2 2 2 2 2 2 2 2 2 2 2 2 2 2 2 2 2 2 2 2 2 2
left_child=2 -2 3 7 -4 -6 -7 -1 14 12 11 -11 13 -10 -5 -16 17 21 23 -18 27 24 -23 -19 -17 26 -26 -21 29 -24
right_child=1 -3 4 8 5 6 -8 -9 9 10 -12 -13 -14 -15 15 16 19 18 -20 20 -22 22 28 -25 25 -27 -28 -29 -30 -31
leaf_value=-0.015001535435992875 0.016073210828487561 2.3284370783765214 1.7799166915385731 -0.21929633149744099 -0.2720093769573852 -7.226403448248707 -2.0052612534137242 -0.93428669602000525 0.01217351422534918 0.22114307731966854 0.12865516542706265 -0.43435653250506157 0.54043363673452027 -0.65820647793103226 2.1444627123672073 1.0198217914016514 0.009023742486134979 -0.28364091892816001 1.2277434129220588 1.655210974757354 -7.1396945725494705 1.3005109682647966 1.2048515223726299 1.5523817698729339 -0.98566172460877299 1.0464430621255787 0.68130994515517718 0.9501240097182333 1.5639274252278221 -1.2707199054553522
leaf_weight=1178 460 513 452 2508 3650 205 895 752 646 55 86 320 65 72 895 60 7901 640 57 218 23 348 100 96 85 73 62 1361 306 167
leaf_count=1178 460 513 452 2508 3650 205 895 752 646 55 86 320 65 72 895 60 7901 640 57 218 23 348 100 96 85 73 62 1361 306 167
internal_value=0.000476306 0.00724489 0.000193331 0.000890777 -0.00222987 -0.00322098 -0.00972639 -0.00466297 0.00155475 -0.00409935 -0.0129039 -0.0182618 0.00108543 -0.00125331 0.00202683 0.00278403 0.00224839 0.00687027 -0.00271088 0.00127853 0.00749017 0.0131962 0.0173163 -0.0055699 -0.000357015 -0.00772376 -0.0220938 0.00832753 0.00950968 -0.000561587
internal_weight=24249 973 23276 18074 5202 4750 1100 1930 16144 1244 461 375 783 718 14900 12392 11497 1994 793 9503 1602 1201 921 736 280 220 147 1579 573 267
internal_count=24249 973 23276 18074 5202 4750 1100 1930 16144 1244 461 375 783 718 14900 12392 11497 1994 793 9503 1602 1201 921 736 280 220 147 1579 573 267
is_linear=0
shrinkage=0.05


Tree=57
num_leaves=31
num_cat=0
split_feature=9 1 1 1 12 8 11 12 0 1 0 14 11 14 14 0 0 12 12 12 0 2 10 0 9 11 12 2 12 8
split_gain=18.7732 22.9043 21.7624 19.6501 19.6287 16.6305 25.549 25.2159 18.3324 15.8363 15.7957 19.1606 16.2012 15.2608 16.2194 15.0758 14.9683 20.3098 15.3836 14.7196 14.1438 14.0074 13.2582 12.9509 13.9741 34.0598 21.2368 13.0331 20.2645 21.867
threshold=4.5000000000000009 4.5000000000000009 1.0000000180025095e-35 2.5000000000000004 32.925607681274421 -0.93042355775833119 62.558259963989265 38.147008895874031 22.500000000000004 3.5000000000000004 40.500000000000007 12.637618064880373 53.81341743469239 57.274644851684577 45.216796875000007 20.500000000000004 242.50000000000003 25.4909200668335 34.100557327270515 25.056118011474613 156.50000000000003 1.0000000180025095e-35 4.5000000000000009 23.500000000000004 2.5000000000000004 49.09088325500489 53.342002868652351 1.0000000180025095e-35 62.336055755615241 0.037210106849670417
decision_type=2 2 2 2 2 2 2 2 2 2 2 2 2 2 2 2 2 2 2 2 2 2 2 2 2 2 2 2 2 2
left_child=5 2 10 4 -4 6 7 9 -7 -1 11 -2 13 14 -13 -9 -3 21 -19 20 -10 -18 -22 -21 25 -25 -26 28 29 -27
right_child=1 16 3 -5 -6 8 -8 15 19 -11 -12 12 -14 -15 -16 -17 17 18 -20 23 22 -23 -24 24 26 27 -28 -29 -30 -31
leaf_value=-6.0510088191782287 0.55414345301376 0.22340514942168532 -2.7370349472889588 1.1757165311961821 2.3584759498069729 -0.22941209758373643 -0.50858838814244789 0.769145998752644 -1.2688839581590317 0.0036421165321078642 -0.47093526553180287 0.032762758277213776 -0.66720348540926766 0.49649729019701855 -1.0383525416522581 2.7545540465501226 -3.63209104247961 -5.4928673155833359 -1.1901568502456941 1.138965368835519 -0.8267327055579532 10.91832136017743 17.211842351225535 0.14167375362293999 0.042484955969934651 -0.91263870587980844 0.60559935154674571 -0.95344419876845043 0.88265812978056535 -0.78008384199923819
leaf_weight=111 99 2162 97 1962 802 3204 29 1023 297 736 198 165 38 57 42 420 32 220 592 68 122 56 38 1920 7416 180 921 758 23 461
leaf_count=111 99 2162 97 1962 802 3204 29 1023 297 736 198 165 38 57 42 420 32 220 592 68 122 56 38 1920 7416 180 921 758 23 461
internal_value=0.000496926 0.00279051 0.00557787 0.00739226 0.0135135 -0.000346926 0.00360053 0.00419196 -0.000941063 -0.00265612 -0.00308797 0.0026178 -0.00364118 0.000757289 -0.00555287 0.00821149 -0.000359231 -0.00577714 -0.00825022 -5.73578e-05 -0.00886021 0.0170261 0.00312305 0.000285177 0.000158403 -0.00257323 0.00125343 -0.00843823 -0.0135522 -0.0152082
internal_weight=24249 6522 3460 2861 899 17727 2319 2290 15408 847 599 401 302 264 207 1443 3062 900 812 12204 457 88 160 11747 11679 3342 8337 1422 664 641
internal_count=24249 6522 3460 2861 899 17727 2319 2290 15408 847 599 401 302 264 207 1443 3062 900 812 12204 457 88 160 11747 11679 3342 8337 1422 664 641
is_linear=0
shrinkage=0.05


Tree=58
num_leaves=31
num_cat=0
split_feature=9 12 11 8 4 10 10 13 1 11 11 14 2 12 11 11 13 12 12 12 13 13 12 8 14 1 13 13 12 12
split_gain=17.6001 25.0834 17.3065 16.3555 15.4084 21.6773 20.85 28.6348 19.6697 25.6588 22.1088 19.6172 19.3724 19.2244 18.1136 17.8193 17.1299 15.548 14.9079 14.4714 14.3567 14.1595 13.553 20.0232 13.2662 21.0605 14.8247 13.2474 14.372 13.0296
threshold=2.5000000000000004 52.720449447631843 48.928390502929695 -0.42163050174713129 1.0000000180025095e-35 2.5000000000000004 4.5000000000000009 79.462242126464858 2.5000000000000004 47.714075088500984 48.412141799926765 66.608051300048842 1.0000000180025095e-35 28.968935966491703 38.014425277709968 28.040962219238285 24.12955474853516 47.438241958618171 26.799804687500004 28.968935966491703 27.180653572082523 49.78405952453614 51.518028259277351 0.13341730087995532 42.968502044677741 2.5000000000000004 84.021179199218764 61.39555740356446 55.392860412597663 50.950229644775398
decision_type=2 2 2 2 2 2 2 2 2 2 2 2 2 2 2 2 2 2 2 2 2 2 2 2 2 2 2 2 2 2
left_child=2 4 -1 19 6 20 22 8 9 14 17 29 13 -10 15 -8 -14 -11 -17 -4 -6 -21 -2 -24 -5 26 -26 -23 -29 -9
right_child=1 -3 3 24 5 -7 7 11 12 10 -12 -13 16 -15 -16 18 -18 -19 -20 21 -22 27 23 -25 25 -27 -28 28 -30 -31
leaf_value=0.033322112194865743 -0.0090237894450222456 0.52081104422888846 -4.2796821990208702 -0.14280322619192809 11.444748952846963 -0.92183968403010508 -1.7128396001252519 -0.55112947738514839 -0.75737193302763972 0.83353260383501682 0.75974472078561917 0.51694499566582963 7.0196762689450001 1.4937362343120275 -0.90205837687974155 -0.22322527236807518 0.45054460420347414 4.2868744409883517 0.97172763165098464 0.953697854583756 1.8748424075161729 -2.2364499160245717 -0.91584212714198054 0.17765947979736404 -1.559427992453446 -1.0219014298998885 -0.3774724224941528 1.5726265703283517 -2.0200473048830627 1.2547376503175407
leaf_weight=3380 5267 2247 58 872 56 3420 101 206 27 43 437 46 153 158 58 39 4692 110 360 322 218 296 222 128 110 705 82 269 145 22
leaf_count=3380 5267 2247 58 872 56 3420 101 206 27 43 437 46 153 158 58 39 4692 110 360 322 218 296 222 128 110 705 82 269 145 22
internal_value=0.000517545 0.00131038 -0.00177109 -0.00463433 0.000605845 -0.00221976 0.0014707 0.00340974 0.0041113 0.0100165 0.0172852 -0.0124042 0.00276336 0.0186386 0.00232933 0.00539892 0.00215682 0.0336381 0.0101478 0.000183469 0.0113097 0.00155024 -0.000756618 -0.0102828 -0.00760274 -0.0118716 -0.0265487 -0.00239403 0.00338083 -0.018413
internal_weight=24249 18010 6239 2859 15763 3694 12069 6452 6178 1148 590 274 5030 185 558 500 4845 153 399 1090 274 1032 5617 350 1769 897 192 710 414 228
internal_count=24249 18010 6239 2859 15763 3694 12069 6452 6178 1148 590 274 5030 185 558 500 4845 153 399 1090 274 1032 5617 350 1769 897 192 710 414 228
is_linear=0
shrinkage=0.05


Tree=59
num_leaves=31
num_cat=0
split_feature=9 1 1 14 8 0 10 2 13 10 8 12 8 13 13 12 12 10 13 13 12 8 13 0 1 12 11 0 12 0
split_gain=16.1587 20.4277 27.1557 16.915 15.0975 16.4816 14.8684 30.625 13.4221 18.0516 16.2541 13.2951 22.2136 33.243 20.4096 15.8332 13.7637 12.5996 12.3878 12.3799 18.5711 17.4371 12.7339 11.1486 16.8831 11.164 12.6567 11.1393 20.3187 16.9222
threshold=4.5000000000000009 3.5000000000000004 1.0000000180025095e-35 201.7736740112305 -0.9793732464313506 6.5000000000000009 4.5000000000000009 1.0000000180025095e-35 76.098167419433608 4.5000000000000009 0.16287682950496676 48.948131561279304 0.07175032421946527 42.713558197021491 107.48803329467775 62.830816268920906 54.429777145385749 2.5000000000000004 71.295005798339858 71.295005798339858 50.00049018859864 -0.13318043202161786 44.332115173339851 4.5000000000000009 6.5000000000000009 58.595743179321296 48.708337783813484 242.50000000000003 25.4909200668335 386.50000000000006
decision_type=2 2 2 2 2 2 2 2 2 2 2 2 2 2 2 2 2 2 2 2 2 2 2 2 2 2 2 2 2 2
left_child=4 2 8 27 23 -6 7 -4 18 -10 -11 -7 15 -14 16 17 -15 -13 -2 20 21 -8 -23 24 -1 26 -25 -3 29 -29
right_child=1 3 6 -5 5 11 19 -9 9 10 -12 12 13 14 -16 -17 -18 -19 -20 -21 -22 22 -24 25 -26 -27 -28 28 -30 -31
leaf_value=-5.9239089409286514 0.083961581190809653 0.59920320525554449 3.8974324133163023 -3.1239181688864099 -1.6178902123984571 -0.1430339155805978 4.043521702821689 -2.5498902542992972 -0.011596305170813538 -0.65542163814992171 1.0361242165997788 -0.28727056092611747 4.5075419150442988 -0.27717378079150168 -0.63673239721646913 -3.2035954419622374 0.15464593351871106 0.437382733130184 0.64511166362829975 1.3845775114612993 -1.949076327909171 -0.91451437252512591 3.1825872048694777 2.7406758849053556 0.61362300611113985 8.3175876236114874 -0.22290949631484425 -3.2299196749140879 -1.2485563703004705 10.382631639084037
leaf_weight=106 156 2551 360 322 693 10438 184 310 259 130 20 383 263 1693 49 20 550 2786 34 302 209 125 406 296 293 23 134 34 1059 61
leaf_count=106 156 2551 360 322 693 10438 184 310 259 130 20 383 263 1693 49 20 550 2786 34 302 209 125 406 296 293 23 134 34 1059 61
internal_value=0.000509297 0.00263719 0.00619214 0.000434556 -0.000273592 -0.000601478 0.00912399 0.00313386 -0.00308797 -0.00818871 -0.0219853 -0.000278085 0.00165387 -0.00181989 -0.00375202 0.00443699 -0.00305381 0.00471743 0.00789058 0.012397 0.00952278 0.0133548 0.00875541 0.00621993 0.000125282 0.0115868 0.00976517 0.00138998 -0.00268608 0.0194532
internal_weight=24249 6522 2495 4027 17727 16875 1896 670 599 409 150 16182 5744 2555 2292 3189 2243 3169 190 1226 924 715 531 852 399 453 430 3705 1154 95
internal_count=24249 6522 2495 4027 17727 16875 1896 670 599 409 150 16182 5744 2555 2292 3189 2243 3169 190 1226 924 715 531 852 399 453 430 3705 1154 95
is_linear=0
shrinkage=0.05


Tree=60
num_leaves=31
num_cat=0
split_feature=9 12 13 11 1 12 14 13 1 11 8 8 12 12 14 10 11 13 12 12 13 8 13 13 11 8 14 10 11 14
split_gain=16.6194 16.9047 17.3935 16.1347 14.1928 13.6312 14.1553 14.542 15.9355 13.4965 13.8165 27.8011 18.8752 16.0105 15.0893 13.3628 16.9725 15.7735 14.6808 15.0961 19.1847 16.3791 13.8944 17.6059 13.0316 19.8807 12.7357 12.3764 11.9548 19.4699
threshold=2.5000000000000004 52.720449447631843 98.555053710937514 32.405925750732429 3.5000000000000004 52.567369461059577 201.7736740112305 62.040716171264656 2.5000000000000004 48.726696014404304 0.011173533275723459 0.037210106849670417 29.771375656127933 55.392860412597663 1.9115860462188723 4.5000000000000009 37.056631088256843 79.462242126464858 51.735084533691413 30.868613243103031 28.89953708648682 -0.85149553418159474 76.385059356689467 71.295005798339858 62.336055755615241 -0.8588166832923888 5.7733781337738046 1.5000000000000002 50.950229644775398 30.132225036621097
decision_type=2 2 2 2 2 2 2 2 2 2 2 2 2 2 2 2 2 2 2 2 2 2 2 2 2 2 2 2 2 2
left_child=9 5 3 4 -3 6 24 -8 -9 15 12 13 -11 -12 -13 16 22 18 19 20 -18 -21 23 26 -2 -26 -1 -14 -4 -30
right_child=1 2 28 -5 -6 -7 7 8 -10 10 11 14 27 -15 -16 -17 17 -19 -20 21 -22 -23 -24 -25 25 -27 -28 -29 29 -31
leaf_value=-1.2307711333013347 0.14410617521130006 -0.87950618357753008 -0.3816511976569899 1.02401047796737 -0.058030137182034029 -2.8631856751134137 -2.215707958782303 2.1295748135971921 -0.39062870094211172 -4.3507862411376141 -1.1600638148941387 0.7430122910614424 -1.9165619757708996 0.04246779846115914 -0.34284884150584993 0.40155638978989788 4.1264668831795239 1.9055404817163624 -4.0110176319219617 -0.34933605538776225 -0.65643451765687011 1.7807207010711636 -1.2146388101892562 0.21822892092636081 -0.5045769159195842 -0.030185429675792366 -0.2278784960738591 0.18339295244916301 -0.28775463519512318 0.53896149537750837
leaf_weight=173 14097 40 71 1851 233 75 1056 78 124 86 147 55 39 45 1508 1094 37 24 47 87 70 208 54 64 36 228 1092 1374 65 20
leaf_count=173 14097 40 71 1851 233 75 1056 78 124 86 147 55 39 45 1508 1094 37 24 47 87 70 208 54 64 36 228 1092 1374 65 20
internal_value=0.000426005 0.00119617 0.00521907 0.00640271 -0.00494324 0.000611695 0.00071387 -0.00437167 0.00791687 -0.00180526 -0.00402569 -0.00703664 -0.0005003 -0.024987 -0.00483015 0.000644046 -0.00193955 0.00623547 0.00411935 0.00721214 -0.00887021 0.0130464 -0.00473574 -0.00372432 0.00115938 -0.00984476 -0.00501937 0.00088458 -0.0108905 0.00176263
internal_weight=24178 17974 2280 2124 273 15694 15619 1258 202 6204 3254 1755 1499 192 1563 2950 1856 473 449 402 107 295 1383 1329 14361 264 1265 1413 156 85
internal_count=24178 17974 2280 2124 273 15694 15619 1258 202 6204 3254 1755 1499 192 1563 2950 1856 473 449 402 107 295 1383 1329 14361 264 1265 1413 156 85
is_linear=0
shrinkage=0.05


Tree=61
num_leaves=31
num_cat=0
split_feature=11 8 9 11 9 0 8 12 13 8 12 14 0 0 12 0 13 8 8 8 14 12 13 12 13 12 13 6 1 12
split_gain=16.366 18.4276 18.1337 16.5283 15.3537 15.1924 12.3755 11.4955 21.009 19.462 15.3717 19.1952 14.3897 13.8734 13.1253 12.9128 12.8335 21.1717 28.442 21.6462 16.978 16.1464 16.4361 16.3355 24.372 15.2227 14.936 23.7615 21.4167 36.1117
threshold=62.336055755615241 -0.8588166832923888 2.5000000000000004 55.142854690551765 3.5000000000000004 5396.0000000000009 -0.98576509952545155 34.100557327270515 35.299472808837898 -0.89918255805969227 34.766277313232429 115.48210906982423 29.500000000000004 20.500000000000004 47.826915740966804 5.5000000000000009 81.799480438232436 0.074271079152822508 0.069098144769668593 0.12060606107115747 41.783210754394538 52.720449447631843 75.742309570312514 53.81341743469239 66.229450225830092 52.567369461059577 67.249572753906264 1.0000000180025095e-35 1.5000000000000002 47.620552062988288
decision_type=2 2 2 2 2 2 2 2 2 2 2 2 2 2 2 2 2 2 2 2 2 2 2 2 2 2 2 2 2 2
left_child=2 -2 6 5 -5 7 -1 15 10 12 11 -9 -10 -11 -14 -4 21 18 -18 -19 -21 25 23 -23 -25 26 27 -15 -28 -30
right_child=1 -3 3 4 -6 -7 -8 8 9 13 -12 -13 14 16 -16 -17 17 19 -20 20 -22 22 -24 24 -26 -27 28 -29 29 -31
leaf_value=0.69145175634456779 -0.47934807012360497 -0.047300950195942451 -5.16191067807629 1.5067003769551877 0.43818198407599457 3.758363893293307 -0.19271914250639777 -0.32082041760144553 0.65052803060812969 -0.25806416170502672 2.1448760976556822 7.7375463465554368 -0.1132782721632168 -0.54587231355891352 2.5946994732540762 -0.1237341679120707 -0.024899422243948522 -0.49776210367892554 1.4003110103650418 0.22833083649978453 -0.22926722727950877 2.86720687688317 2.1478661524436404 1.5159873727937598 -1.8383630350999163 -3.2079019395420971 -0.27976049478237924 0.652399933211396 3.7466310531409279 0.61486289707539266
leaf_weight=296 37 247 108 254 1057 39 5908 46 1099 924 918 89 96 4486 271 4243 338 175 30 136 95 216 270 402 402 57 345 467 100 1027
leaf_count=296 37 247 108 254 1057 39 5908 46 1099 924 918 89 96 4486 271 4243 338 175 30 136 95 216 270 402 402 57 345 467 100 1027
internal_value=0.000314334 -0.0116156 0.00045618 0.0012719 0.00667379 0.000839484 -0.00186973 0.000764989 0.00156392 0.000914403 0.0083088 0.0240563 0.00627515 8.44764e-05 0.0148461 -0.00143642 0.000713776 -0.00542566 0.00325998 -0.0132972 -0.00324535 0.00132525 0.00643361 0.00352907 0.000248725 0.000308542 0.000536957 -0.000777291 0.0049589 0.00829563
internal_weight=24178 284 23894 17690 1311 16379 6204 16340 11989 10936 1053 135 1466 9470 367 4351 8546 774 368 406 231 7772 1290 1020 804 6482 6425 4953 1472 1127
internal_count=24178 284 23894 17690 1311 16379 6204 16340 11989 10936 1053 135 1466 9470 367 4351 8546 774 368 406 231 7772 1290 1020 804 6482 6425 4953 1472 1127
is_linear=0
shrinkage=0.05


Tree=62
num_leaves=31
num_cat=0
split_feature=11 8 9 11 9 0 11 10 11 13 8 14 13 12 13 12 8 8 12 12 14 10 8 14 13 8 10 13 12 0
split_gain=16.4797 18.4276 16.56 16.4938 15.3537 15.1865 12.623 13.3628 13.6433 16.4578 14.1958 14.3085 19.8325 13.7078 15.2528 18.3658 12.1432 28.8703 17.4975 16.0105 12.6179 12.1129 11.9214 21.2663 21.5981 20.7855 15.3991 18.8974 13.3465 13.0917
threshold=62.336055755615241 -0.8588166832923888 2.5000000000000004 55.142854690551765 3.5000000000000004 5396.0000000000009 48.726696014404304 4.5000000000000009 37.056631088256843 79.462242126464858 -0.97042450308799733 5.7733781337738046 78.804431915283217 51.735084533691413 66.050376892089858 36.073661804199226 0.011173533275723459 0.037210106849670417 28.968935966491703 55.392860412597663 1.9115860462188723 1.5000000000000002 0.11785130575299264 42.968502044677741 63.044647216796882 0.083602152764797225 3.5000000000000004 88.409530639648452 56.160091400146491 163.50000000000003
decision_type=2 2 2 2 2 2 2 2 2 2 2 2 2 2 2 2 2 2 2 2 2 2 2 2 2 2 2 2 2 2
left_child=2 -2 6 5 -5 -4 7 8 10 13 -1 -12 -13 14 -10 -16 18 19 -8 -18 -19 -20 23 25 -25 26 27 -22 -28 -24
right_child=1 -3 3 4 -6 -7 16 -9 9 -11 11 12 -14 -15 15 -17 17 20 21 -21 22 -23 29 24 -26 -27 28 -29 -30 -31
leaf_value=0.51325065389992808 -0.45538066661742538 -0.044935902686145827 0.074781118045913073 1.4313653581074282 0.41627288487219477 3.5704456986286406 -3.8313711241085957 0.39111452742572228 1.03178067952575 1.819899414755864 -1.1016259667209745 -0.20684861414484637 -1.1953069735014754 -3.8450393381430916 -0.58774440513455173 0.42097571558577696 -1.092424667024112 0.71549763363369012 -1.8110979198570345 0.049980365663421011 0.00021451667032756916 0.15889760121305124 -1.0487055957321725 1.9211381098026159 -0.52989179245256712 0.96661682711519326 0.14159447922668508 -1.0899196103158795 1.0477947716522411 0.4131223526429082
leaf_weight=108 37 247 16340 254 1057 39 66 1094 348 24 157 1095 23 47 25 29 147 55 39 45 78 1394 824 47 101 79 100 33 21 225
leaf_count=108 37 247 16340 254 1057 39 66 1094 348 24 157 1095 23 47 25 29 147 55 39 45 78 1394 824 47 101 79 100 33 21 225
internal_value=0.000355694 -0.0116156 0.000498031 0.00127755 0.00667379 0.00084559 -0.00172467 0.000644046 -0.00193955 0.00538998 -0.00444653 -0.0059211 -0.00393525 0.00322868 0.00621736 -0.0184843 -0.00387204 -0.00669478 -0.000567007 -0.024987 -0.00444629 0.00059312 -0.00530469 0.00141581 -0.0141796 0.0088396 0.00129255 -0.0121512 0.0136251 -0.00824516
internal_weight=24178 284 23894 17690 1311 16379 6204 2950 1856 473 1383 1275 1118 449 402 54 3254 1755 1499 192 1563 1433 1508 459 148 311 232 111 121 1049
internal_count=24178 284 23894 17690 1311 16379 6204 2950 1856 473 1383 1275 1118 449 402 54 3254 1755 1499 192 1563 1433 1508 459 148 311 232 111 121 1049
is_linear=0
shrinkage=0.05


Tree=63
num_leaves=31
num_cat=0
split_feature=1 13 13 12 11 0 13 0 13 0 11 1 12 13 0 13 0 14 14 12 14 12 0 13 0 13 13 13 0 0
split_gain=18.1011 49.3325 30.8883 32.4869 26.4926 25.1088 24.5083 24.1533 21.3542 19.3998 18.2882 21.3884 15.1386 29.1781 22.6259 45.0358 21.7741 21.36 20.3221 18.6232 17.7046 26.256 15.3645 21.7107 17.9067 23.3974 18.4841 16.3736 15.5849 15.1144
threshold=1.0000000180025095e-35 55.238517761230476 69.284263610839858 62.558259963989265 32.744756698608406 25.500000000000004 76.385059356689467 30.500000000000004 62.040716171264656 72.500000000000014 62.558259963989265 4.5000000000000009 47.826915740966804 59.739341735839851 24.500000000000004 76.385059356689467 14.500000000000002 22.376512527465824 31.0545768737793 48.320014953613288 8.62152147293091 56.160091400146491 46.500000000000007 72.80420303344728 42.500000000000007 86.769733428955092 92.21045303344728 71.295005798339858 34.500000000000007 34.500000000000007
decision_type=2 2 2 2 2 2 2 2 2 2 2 2 2 2 2 2 2 2 2 2 2 2 2 2 2 2 2 2 2 2
left_child=1 7 -2 10 5 -3 8 -1 -7 12 11 -4 13 -6 15 -14 17 -17 22 -18 -21 -22 23 -16 26 -26 29 -24 -28 -25
right_child=2 4 3 -5 9 6 -8 -9 -10 -11 -12 -13 14 -15 18 16 19 -19 -20 20 21 -23 27 24 25 -27 28 -29 -30 -31
leaf_value=0.62516824590886866 -0.012946198683133403 -0.6888070606361304 1.1416481293613288 -0.38707862250752856 1.2493592118002244 -0.83188800629647663 -1.0612688343671131 -0.084135825645790474 0.49060689239349675 2.2023770612638587 -0.042689107551838391 0.16298863461545487 1.4643657953491578 -0.27128651541876286 -1.2506162242644241 -0.024620679336317331 0.57475651532722161 -0.79509424848792909 -0.39676034002912319 0.50839275731278277 -0.26608116813875393 0.77040503306962904 0.3728164825407454 -0.038205068952266434 -0.22958017981607953 1.1868025210459301 -0.015218649884312187 -0.61232270788714827 -0.47972354142166473 0.9628246735435575
leaf_weight=256 17653 225 1569 100 44 54 61 140 107 145 109 1678 85 514 40 88 81 55 287 43 165 30 44 79 31 68 154 164 43 66
leaf_count=256 17653 225 1569 100 44 54 61 140 107 145 109 1678 85 514 40 88 81 55 287 43 165 30 44 79 31 68 154 164 43 66
internal_value=0.000248158 -0.00333974 0.00076981 0.00509245 -0.00577981 -0.0168866 -0.00495272 0.013128 0.00527623 -0.00354881 0.0059295 0.00660589 -0.00478113 -0.0118258 -0.00219946 0.00594041 -0.000216403 -0.0164221 -0.0067616 0.00705108 0 -0.00640697 -0.00210419 0.00280607 0.00600771 0.0247225 0.000584624 -0.0134551 -0.0093861 0.0141282
internal_weight=24178 3069 21109 3456 2673 447 222 396 161 2226 3356 3247 2081 558 1523 547 462 143 976 319 238 195 689 481 441 99 342 208 197 145
internal_count=24178 3069 21109 3456 2673 447 222 396 161 2226 3356 3247 2081 558 1523 547 462 143 976 319 238 195 689 481 441 99 342 208 197 145
is_linear=0
shrinkage=0.05


Tree=64
num_leaves=31
num_cat=0
split_feature=1 13 13 11 0 0 13 0 13 11 10 11 14 13 8 13 11 8 0 14 1 14 8 0 8 3 10 13 14 11
split_gain=16.3357 43.9727 28.087 27.9396 18.6191 18.0969 21.3442 17.6482 17.4165 16.4854 15.9049 20.9749 19.2315 18.7879 18.2377 16.9779 16.1162 14.8369 17.3303 14.6704 13.9316 16.0486 27.3821 13.7014 17.112 14.8451 30.0578 15.8268 15.181 14.9148
threshold=1.0000000180025095e-35 55.238517761230476 69.477321624755874 32.744756698608406 72.500000000000014 25.500000000000004 76.385059356689467 25.500000000000004 62.040716171264656 62.558259963989265 4.5000000000000009 60.268186569213874 63.983430862426765 103.72949600219728 0.091608393937349333 83.201320648193374 54.83717346191407 -0.8588166832923888 631.50000000000011 60.181312561035163 4.5000000000000009 42.476106643676765 -0.58294391632080067 6.5000000000000009 -0.93363565206527699 1.0000000180025095e-35 3.5000000000000004 35.299472808837898 60.181312561035163 47.826915740966804
decision_type=2 2 2 2 2 2 2 2 2 2 2 2 2 2 2 2 2 2 2 2 2 2 2 2 2 2 2 2 2 2
left_child=1 7 23 5 10 -3 8 -1 -7 20 12 15 13 16 -15 19 -5 -11 -19 -12 -4 -22 -23 -2 -25 27 28 -26 -27 -28
right_child=2 3 9 4 -6 6 -8 -9 -10 17 11 -13 -14 14 -16 -17 -18 18 -20 -21 21 22 -24 24 25 26 29 -29 -30 -31
leaf_value=0.63178949483651159 -0.74685040969548355 -0.65436670760432358 0.78318601939083055 0.015591818668366387 2.0922582082006658 -0.79029360598165299 -1.0082053926487575 0.00343224590276634 0.46607654777382168 -0.39746256643670963 -0.21387217621447335 1.1007323327777538 -0.85560384750327967 -0.044615970912838067 -0.54482615118968913 -0.31458568911817492 0.4955763596210197 0.57985212941965225 -0.029018621374744671 0.59693233754251163 0.37038022688729627 0.85785844737245687 -0.60978974872891245 1.2859022299015075 0.58028679575083297 0.15184408526048118 0.66005346326457759 -0.40772129205829799 -2.7458011049448383 2.4362335212620203
leaf_weight=207 1151 225 1607 989 145 54 61 189 107 31 326 23 34 135 77 341 81 44 34 75 957 315 381 1180 3090 388 232 11464 121 114
leaf_count=207 1151 225 1607 989 145 54 61 189 107 31 326 23 34 135 77 341 81 44 34 75 957 315 381 1180 3090 388 232 11464 121 114
internal_value=0.000231615 -0.00317683 0.000727175 -0.00548053 -0.00318943 -0.0168866 -0.00675371 0.0123706 0.0027933 0.00491229 -0.00439671 -0.0101294 -0.00106375 -7.7997e-05 -0.0136728 -0.0115887 0.00261658 -0.0142071 -0.00256082 -0.00461232 0.00555198 0.00232896 -0.00344778 -6.76434e-05 0.000298389 -0.000146018 0.00625658 -0.00052219 -0.00147319 0.017625
internal_weight=24178 3069 21109 2673 2226 447 222 396 161 3369 2081 765 1316 1282 212 742 1070 109 78 401 3260 1653 696 17740 16589 15409 855 14554 509 346
internal_count=24178 3069 21109 2673 2226 447 222 396 161 3369 2081 765 1316 1282 212 742 1070 109 78 401 3260 1653 696 17740 16589 15409 855 14554 509 346
is_linear=0
shrinkage=0.05


Tree=65
num_leaves=31
num_cat=0
split_feature=0 8 8 13 12 1 12 12 13 8 12 12 14 1 12 14 13 1 1 11 14 0 12 9 11 12 12 9 12 8
split_gain=18.1371 14.6143 30.607 26.8774 35.2606 20.2781 21.857 17.6109 15.2371 20.5653 21.1318 24.7426 13.4084 11.6031 14.9045 11.4908 16.7694 16.5381 16.2598 15.7524 14.9696 13.4779 13.0303 15.1351 12.293 15.5945 24.2128 12.4358 35.8717 14.4394
threshold=5396.0000000000009 1.0000000180025095e-35 0.0014035426429472866 58.105291366577156 47.620552062988288 2.5000000000000004 49.64799880981446 62.558259963989265 30.741165161132816 0.006153904367238284 34.706089019775398 34.766277313232429 0.95579302310943615 8.5000000000000018 49.112606048583991 20.587439537048343 79.921283721923842 2.5000000000000004 5.5000000000000009 58.885215759277351 42.968502044677741 15.500000000000002 56.310926437377937 2.5000000000000004 36.63423156738282 48.451128005981452 47.980693817138679 2.5000000000000004 53.027666091918952 0.077254641801118865
decision_type=2 2 2 2 2 2 2 2 2 2 2 2 2 2 2 2 2 2 2 2 2 2 2 2 2 2 2 2 2 2
left_child=1 3 -3 -1 -5 6 -6 -7 9 -4 -11 -12 -10 14 -13 -14 19 24 -19 22 21 -20 -17 -24 -18 26 -26 28 -27 -29
right_child=-2 2 8 4 5 7 -8 -9 12 10 11 13 15 -15 -16 16 17 18 20 -21 -22 -23 23 -25 25 27 -28 29 -30 -31
leaf_value=-0.09879835980934111 3.807817413769881 -28.677341732764241 -6.554528193615889 3.6780535547864788 2.1798045576195793 0.5273052770692388 0.47309898914894577 -1.0890475650002973 -0.64834746546550304 0.024876167015990647 11.398712399037667 2.1618506585258443 0.049731726372201204 -1.9243062561603013 6.2108522896557012 -0.11672012651474084 -0.68660856690079941 0.31065480600567241 -0.49120604344605817 -2.6054079362230582 -0.46170487678231287 0.33407302670567707 -6.8735500648503294 2.0368217737193675 -0.19345627841815141 -0.51282365512811556 0.79523909862744202 0.072050472033826557 0.53030017247572125 -0.19652353538995584
leaf_weight=4815 42 46 47 333 91 3508 175 32 88 1000 65 453 3166 87 126 8559 84 158 29 197 89 44 64 255 106 101 35 103 41 272
leaf_count=4815 42 46 47 333 91 3508 175 32 88 1000 65 453 3166 87 126 8559 84 158 29 197 89 44 64 255 106 101 35 103 41 272
internal_value=0.000464663 0.000407545 -0.000535652 0.00201025 0.00496485 0.00359949 0.0169109 0.0025988 -0.000412022 0.00393679 0.00482352 0.0112844 -0.000989463 0.00840715 0.0109653 -0.000860702 -0.00168194 -0.0076264 0.00187441 -0.000986215 -0.00925355 0.00752394 -0.00067582 0.00924475 -0.0117235 -0.00942106 0.00531538 -0.0134403 -0.026038 -0.00866436
internal_weight=24211 24169 15215 8954 4139 3806 266 3540 15169 1778 1731 731 13391 666 579 13303 10137 1062 320 9075 162 73 8878 319 742 658 141 517 142 375
internal_count=24211 24169 15215 8954 4139 3806 266 3540 15169 1778 1731 731 13391 666 579 13303 10137 1062 320 9075 162 73 8878 319 742 658 141 517 142 375
is_linear=0
shrinkage=0.05


Tree=66
num_leaves=31
num_cat=0
split_feature=0 12 13 8 1 12 0 0 12 8 3 11 10 10 11 13 12 13 13 0 12 1 8 1 0 13 11 9 0 7
split_gain=18.1554 12.4039 20.0495 21.3438 22.0516 19.4534 17.5745 17.2338 16.2277 15.2073 14.5935 14.486 13.7955 14.1808 12.8258 30.2803 12.7957 12.551 12.3686 11.8439 11.795 13.3133 11.7893 11.7179 25.1522 19.7613 28.6962 18.7396 13.8611 13.5017
threshold=5396.0000000000009 31.55070781707764 35.299472808837898 -1.0000000180025095e-35 10.500000000000002 62.558259963989265 507.50000000000006 180.50000000000003 33.55232238769532 -0.61451989412307728 1.0000000180025095e-35 62.336055755615241 4.5000000000000009 2.5000000000000004 31.424530029296879 60.146915435791023 29.14305400848389 71.06156158447267 57.913679122924812 128.50000000000003 55.622457504272468 6.5000000000000009 -0.8588166832923888 3.5000000000000004 328.50000000000006 75.742309570312514 32.883178710937507 3.5000000000000004 46.500000000000007 1.0000000180025095e-35
decision_type=2 2 2 2 2 2 2 2 2 2 2 2 2 2 2 2 2 2 2 2 2 2 2 2 2 2 2 2 2 2
left_child=1 6 8 5 23 7 14 11 -3 -9 -6 17 13 -8 15 18 -14 -4 19 -1 -19 -22 -13 25 -25 27 28 -5 -27 -26
right_child=-2 2 3 4 10 -7 12 9 -10 -11 -12 22 16 -15 -16 -17 -18 20 -20 -21 21 -23 -24 24 29 26 -28 -29 -30 -31
leaf_value=0.53051786961432945 3.617426543081387 -0.7426336741711993 0.18586976787236864 -0.094477379181927654 -0.19595197562465821 -1.0837261255540094 10.37188932433626 2.2665362281099575 1.8512404295671019 0.71574012691327349 0.35378270249005478 -0.43696931344058926 10.132574003376256 -2.332135066442063 -0.44484551712863585 0.90698568616899244 -2.2044155625645572 1.4340911884052732 -0.96837521151562178 -1.4728725030477754 1.7904311719702974 -2.1392628327758234 -0.034574956954607217 -0.12575436950987814 -0.92196349405672184 -0.82561799815672154 -0.046117176251521036 0.79546269413954607 0.51954041785438321 -5.9943330530458008
leaf_weight=548 42 361 5270 1617 160 34 31 342 1675 473 218 35 81 111 2906 47 22 669 34 204 149 177 34 3790 483 98 1800 2224 20 556
leaf_count=548 42 361 5270 1617 160 34 31 342 1675 473 218 35 81 111 2906 47 22 669 34 204 149 177 34 3790 483 98 1800 2224 20 556
internal_value=0.000448142 0.000390995 0.000894224 0.000366409 -0.00102133 0.002485 -0.00215858 0.00266467 0.00559894 0.00950804 0.0108437 0.00178399 0.0108119 0.00070373 -0.00300875 0.00246069 0.0247333 0.00203508 0.00012721 0.00146257 0.00718521 -0.000613309 -0.0209841 -0.00144502 -0.00326148 7.81372e-05 -0.00406652 0.00214782 -0.0279424 -0.010153
internal_weight=24211 24169 20185 18149 10966 7183 3984 7149 2036 815 378 6334 245 142 3739 833 103 6265 786 752 995 326 69 10588 4829 5759 1918 3841 118 1039
internal_count=24211 24169 20185 18149 10966 7183 3984 7149 2036 815 378 6334 245 142 3739 833 103 6265 786 752 995 326 69 10588 4829 5759 1918 3841 118 1039
is_linear=0
shrinkage=0.05


Tree=67
num_leaves=31
num_cat=0
split_feature=0 4 10 0 10 12 13 13 14 13 12 12 12 14 9 0 8 8 11 2 11 8 12 10 14 12 12 11 13 13
split_gain=18.1599 11.2456 17.1595 18.12 17.1251 16.1658 15.8316 15.6491 15.5538 16.9186 14.7364 26.1981 24.1042 14.5007 14.3052 14.3002 17.5599 15.9568 16.2555 13.5265 12.9078 12.3113 12.2314 12.6773 12.3663 12.209 11.7077 17.7548 12.9631 11.539
threshold=5396.0000000000009 1.0000000180025095e-35 2.5000000000000004 236.50000000000003 2.5000000000000004 56.310926437377937 81.799480438232436 52.02202224731446 27.630525588989261 56.072263717651374 47.620552062988288 48.451128005981452 47.980693817138679 23.293215751647953 3.5000000000000004 8.5000000000000018 -0.98762470483779896 -0.93743476271629322 62.558259963989265 1.0000000180025095e-35 53.81341743469239 0.0014035426429472866 40.618124008178718 3.5000000000000004 83.000419616699233 22.990685462951664 47.830930709838874 52.704584121704109 96.76904678344728 56.81214904785157
decision_type=2 2 2 2 2 2 2 2 2 2 2 2 2 2 2 2 2 2 2 2 2 2 2 2 2 2 2 2 2 2
left_child=1 4 7 -4 8 14 15 -3 29 -10 -8 12 26 -13 -5 16 -6 18 22 -18 -14 -16 23 -17 -24 -19 28 -28 -12 -1
right_child=-2 2 3 5 6 -7 10 -9 9 -11 11 13 20 -15 21 17 19 25 -20 -21 -22 -23 24 -25 -26 -27 27 -29 -30 -31
leaf_value=0.48685156208009295 3.4365552159273181 3.1175983336887527 -0.13658634530929312 -6.7467922469513724 1.5088393053720091 3.4467407272602588 -0.50675590879527055 -1.5569853687059227 -0.35526454930397322 -1.0672124753040351 0.55050582954240779 0.029942950644815627 1.0450583711214081 -0.15520672943450117 -11.739471696240521 2.1906792637593715 0.43304902358832004 -1.1724778717977495 -0.17270279842140754 -2.2292880479081112 -0.0054518902054645942 -1.4612143491106946 2.3922570726880266 -2.0752091506904371 -0.34423295018910238 0.21725735428662604 -0.72962870075820807 0.40428347712813761 -0.21219876188159664 -0.052102195107288911
leaf_weight=464 42 368 3629 204 305 50 108 136 510 243 63 398 68 702 72 41 46 56 21 844 22 884 729 248 143 12969 36 28 25 757
leaf_count=464 42 368 3629 204 305 50 108 136 510 243 63 398 68 702 72 41 46 56 21 844 22 884 729 248 143 12969 36 28 25 757
internal_value=0.000444011 0.000386858 -0.00163763 -0.00255213 0.000961431 -0.00785059 0.00147756 0.00714144 -0.00344461 -0.00909574 -0.003517 -0.00208628 0.0128046 -0.00536315 -0.00905094 0.00194779 -0.00330516 0.00238965 0.00795195 -0.00685316 0.0332963 -0.00648468 0.00874171 -0.000172951 0.0116959 0.00188482 0.000657462 -0.0156006 0.0124858 4.09467e-05
internal_weight=24211 24169 5343 4839 18826 1210 16852 504 1974 753 1450 1342 242 1100 1160 15402 1195 14207 1182 890 90 956 1161 289 872 13025 152 64 88 1221
internal_count=24211 24169 5343 4839 18826 1210 16852 504 1974 753 1450 1342 242 1100 1160 15402 1195 14207 1182 890 90 956 1161 289 872 13025 152 64 88 1221
is_linear=0
shrinkage=0.05


Tree=68
num_leaves=31
num_cat=0
split_feature=0 8 8 13 12 12 12 1 12 3 13 12 12 14 8 11 14 12 1 11 13 1 10 9 11 11 13 0 1 14
split_gain=18.1554 10.5602 27.608 20.9328 33.9325 15.5716 27.0972 18.7117 16.3518 14.3229 13.4749 27.9757 22.2839 15.2686 12.8715 12.0824 11.1448 11.3368 10.9782 21.7169 10.9163 10.7672 13.4099 10.6139 17.9557 26.6888 30.481 28.8675 17.8548 13.5032
threshold=5396.0000000000009 1.0000000180025095e-35 0.0014035426429472866 58.105291366577156 47.620552062988288 55.392860412597663 53.202142715454109 2.5000000000000004 49.64799880981446 1.0000000180025095e-35 33.113262176513679 34.706089019775398 34.766277313232429 0.95579302310943615 0.005025252467021347 55.142854690551765 77.115783691406264 51.735084533691413 10.500000000000002 38.609123229980476 71.510334014892592 8.5000000000000018 4.5000000000000009 4.5000000000000009 48.412141799926765 36.490407943725593 76.098167419433608 29.500000000000004 5.5000000000000009 16.667299270629886
decision_type=2 2 2 2 2 2 2 2 2 2 2 2 2 2 2 2 2 2 2 2 2 2 2 2 2 2 2 2 2 2
left_child=1 3 -3 -1 -5 6 7 8 -6 16 11 -4 -13 -12 -14 -7 17 -9 23 -20 -8 22 -16 29 25 26 -25 -27 -29 -15
right_child=-2 2 10 4 5 15 20 9 -10 -11 13 12 14 18 21 -17 -18 -19 19 -21 -22 -23 -24 24 -26 27 -28 28 -30 -31
leaf_value=-0.082058218174767467 3.2647274551309517 -26.356784408661714 -0.23903591502399807 3.4496998863439901 1.9466246506187703 -0.908417143018593 1.7263041940393387 1.0041817520847942 0.15706923302357298 3.2166422641124655 -0.63677862950538688 10.788657953797017 -6.8398300022881475 0.036774329294793164 4.5589741098983501 6.2611182978760622 -0.40648570784749016 -3.5080868812236106 0.78265656061373656 -0.068647373691294353 2.224517402783341 -1.2142410887476602 1.6133975742790505 0.21451601196704184 -0.16522341239282401 1.0706337318964758 -0.71319255267589521 2.0173682916139337 -1.5894567313673131 -0.20369975171028687
leaf_weight=4815 42 46 1232 333 91 652 144 1898 80 23 83 70 26 1875 411 50 627 71 199 338 170 101 307 988 1786 122 133 734 182 6582
leaf_count=4815 42 46 1232 333 91 652 144 1898 80 23 83 70 26 1875 411 50 627 71 199 338 170 101 307 988 1786 122 133 734 182 6582
internal_value=0.000448142 0.000390995 -0.000410776 0.00175339 0.00436085 0.00302147 0.00454238 0.0029748 0.0189947 0.00192814 -0.00029336 0.00337665 0.00999891 -0.000898473 0.00775056 -0.00370318 0.00157929 0.00342796 -0.000761259 0.0062372 0.0184655 0.00885118 0.0110013 -0.00106434 0.00107729 0.00414525 -0.00120417 0.00992197 0.00687698 -0.00206336
internal_weight=24211 24169 15215 8954 4139 3806 3104 2790 171 2619 15169 2147 915 13022 845 702 2596 1969 12939 537 314 819 718 12402 3945 2159 1121 1038 916 8457
internal_count=24211 24169 15215 8954 4139 3806 3104 2790 171 2619 15169 2147 915 13022 845 702 2596 1969 12939 537 314 819 718 12402 3945 2159 1121 1038 916 8457
is_linear=0
shrinkage=0.05


Tree=69
num_leaves=31
num_cat=0
split_feature=0 9 1 11 11 1 13 3 11 12 13 14 13 8 0 0 12 4 10 0 11 8 14 13 11 10 12 10 11 1
split_gain=15.6384 10.1434 22.0297 16.3757 40.645 30.5702 12.842 12.7847 11.7352 11.7847 14.3349 20.0596 13.5371 11.5589 11.6252 15.0226 13.0748 12.5081 14.9286 15.6417 14.9283 13.885 13.2329 11.9546 11.9075 12.6801 11.6441 11.3139 14.5468 10.7019
threshold=5396.0000000000009 4.5000000000000009 6.5000000000000009 48.412141799926765 47.743755340576179 2.5000000000000004 31.602046966552738 1.0000000180025095e-35 28.040962219238285 52.448404312133796 75.428649902343764 27.630525588989261 71.295005798339858 -0.97498750686645497 22.500000000000004 23.500000000000004 23.848025321960453 1.0000000180025095e-35 2.5000000000000004 85.500000000000014 54.429777145385749 -0.79402852058410633 199.13657379150393 107.48803329467775 52.542108535766609 2.5000000000000004 56.310926437377937 1.5000000000000002 57.965570449829109 9.5000000000000018
decision_type=2 2 2 2 2 2 2 2 2 2 2 2 2 2 2 2 2 2 2 2 2 2 2 2 2 2 2 2 2 2
left_child=1 13 3 4 8 -6 -5 -7 -3 10 12 -12 -10 -1 23 -16 -17 -18 -19 20 21 -20 26 24 -15 27 -21 -26 -29 -23
right_child=-2 2 -4 6 5 7 -8 -9 9 -11 11 -13 -14 14 15 16 17 18 19 22 -22 29 -24 -25 25 -27 -28 28 -30 -31
leaf_value=0.60501806044015471 3.1014910823744049 1.4458083353330318 -0.41050774744430357 5.1533061249024801 3.5888540715905224 2.1924749875543861 -0.090401780214878616 1.6662499282173451 -0.1081613677307125 0.89357336827220024 0.34753857971523988 -0.83942294684495311 0.69936370195779007 -0.18792908686757173 0.98289391104952983 -1.0880864648664363 0.072156466558478446 2.837648048355017 -10.399038087292233 -1.7484927860017399 -5.6963363216873226 0.25183158693692598 -3.9417584288269056 -0.3175467867891742 0.32749666085642826 0.66798562536682882 4.0087693008728467 -0.32182776088888121 -0.84939560445510309 3.4762144902228829
leaf_weight=1033 42 251 1597 123 204 481 1853 28 1355 460 40 55 66 3557 76 275 9053 297 29 1111 84 1195 294 46 33 370 32 39 32 100
leaf_count=1033 42 251 1597 123 204 481 1853 28 1355 460 40 55 66 3557 76 275 9053 297 29 1111 84 1195 294 46 33 370 32 39 32 100
internal_value=0.00043162 0.000378583 0.00206507 0.00372246 0.00608823 0.0164774 0.000202419 0.00991947 0.00276144 0.00146754 -0.000659587 -0.0194532 0.000598128 -0.000243542 -0.00056247 0.000191295 5.61343e-05 0.000299301 -0.00241876 -0.00353239 0.000213053 0.00151046 -0.007202 -0.00288195 -0.00259234 0.0048513 -0.00476774 -0.0105668 -0.0218003 0.00227782
internal_weight=24211 24169 6513 4916 2940 713 1976 509 2227 1976 1516 95 1421 17656 16623 12546 12470 12195 3142 2845 1408 1324 1437 4077 4031 474 1143 104 71 1295
internal_count=24211 24169 6513 4916 2940 713 1976 509 2227 1976 1516 95 1421 17656 16623 12546 12470 12195 3142 2845 1408 1324 1437 4077 4031 474 1143 104 71 1295
is_linear=0
shrinkage=0.05


Tree=70
num_leaves=31
num_cat=0
split_feature=0 12 13 2 13 13 8 11 13 13 0 8 13 12 6 13 13 9 11 8 12 8 1 0 3 10 12 0 8 14
split_gain=18.1351 10.8119 28.6556 21.0718 20.6291 22.6325 17.7971 21.6445 17.0078 15.2533 15.2348 15.0483 14.6664 14.538 13.974 18.1882 13.4698 21.1827 18.8915 14.6577 13.9388 13.7892 13.2161 26.4061 17.5278 31.8195 17.5027 16.1659 18.0058 17.2023
threshold=5396.0000000000009 38.147008895874031 41.199930191040046 1.0000000180025095e-35 75.742309570312514 47.172147750854499 -0.93042355775833119 62.558259963989265 35.299472808837898 73.773239135742202 9.5000000000000018 0.027973395772278312 49.78405952453614 33.55232238769532 1.0000000180025095e-35 41.199930191040046 66.050376892089858 4.5000000000000009 27.233261108398441 -0.92228758335113514 30.003054618835453 0.78834843635559093 3.5000000000000004 165.50000000000003 1.0000000180025095e-35 2.5000000000000004 49.733871459960945 8.5000000000000018 1.0000000180025095e-35 65.719970703125014
decision_type=2 2 2 2 2 2 2 2 2 2 2 2 2 2 2 2 2 2 2 2 2 2 2 2 2 2 2 2 2 2
left_child=1 4 3 11 5 8 7 10 13 16 12 -3 -4 -1 -10 -16 19 18 -18 -7 -19 -20 23 -8 27 -26 -25 29 -29 -24
right_child=-2 2 6 -5 -6 9 22 -9 14 -11 -12 -13 -14 -15 15 -17 17 20 21 -21 -22 -23 24 26 25 -27 -28 28 -30 -31
leaf_value=-0.3132226979494121 2.9464165282556842 -2.1147819084824646 0.92514838835312652 5.8606385786126296 -0.23771876220286681 -2.0665065518377608 -0.02773019191070869 -0.33550991242278627 -1.420405750789248 0.43437578653865022 1.4803521735117415 3.1471902243586647 -0.11571850488622958 1.0656293398522649 -1.181384664109993 0.71652288887608828 1.1714206155945122 0.36724104692934323 -0.43239203967875534 0.60470737124298113 0.044083720526965214 1.6093394533461081 -6.2787741847939351 1.6364665828548881 -0.42928264449311726 0.42836049319671654 0.14117317540136157 0.17064925219010263 -1.3897778100067948 0.87836981742579945
leaf_weight=1880 42 143 69 285 251 274 3084 24 3771 62 953 467 621 1173 43 90 24 23 225 2884 41 23 118 767 236 576 917 2715 2405 40
leaf_count=1880 42 143 69 285 251 274 3084 24 3771 62 953 467 621 1173 43 90 24 23 225 2884 41 23 118 767 236 576 917 2715 2405 40
internal_value=0.000466439 0.00040936 0.00135617 0.00999888 -0.000771082 -0.000432793 0.000738517 0.00554856 -0.00209139 0.00281207 0.00623821 0.00475332 0.000579626 0.000704202 -0.00427755 0.0116454 0.00237543 -0.00714073 -0.0132304 0.00338811 0.0187207 -0.0173317 0 0.00197144 -0.00154349 0.00529491 0.00700671 -0.00259563 -0.00210933 -0.0183428
internal_weight=24226 24184 13420 895 10764 10513 12525 1667 6957 3556 1643 610 690 3053 3904 133 3494 336 272 3158 64 248 10858 4768 6090 812 1684 5278 5120 158
internal_count=24226 24184 13420 895 10764 10513 12525 1667 6957 3556 1643 610 690 3053 3904 133 3494 336 272 3158 64 248 10858 4768 6090 812 1684 5278 5120 158
is_linear=0
shrinkage=0.05


Tree=71
num_leaves=31
num_cat=0
split_feature=0 11 8 13 8 0 8 12 14 8 9 11 14 0 1 13 3 13 13 14 12 9 11 13 12 10 8 13 12 11
split_gain=18.222 12.2286 17.2893 13.6185 13.085 13.2121 13.3761 16.5281 13.8818 11.4002 10.6006 9.94248 10.5001 9.7858 9.75315 17.224 13.7906 16.7301 21.9905 16.5537 13.4985 12.4336 14.0343 19.5028 13.2751 13.5537 21.5309 11.7047 10.5242 13.3584
threshold=5396.0000000000009 62.336055755615241 -0.8588166832923888 107.48803329467775 -0.98357626795768727 8.5000000000000018 -0.75776877999305714 47.438241958618171 100.83376312255861 0.058866845443844802 4.5000000000000009 23.432121276855472 12.262268066406252 24.500000000000004 4.5000000000000009 16.572545051574711 1.0000000180025095e-35 74.683879852294936 60.563463211059577 40.355499267578132 48.024814605712898 3.5000000000000004 60.268186569213874 93.412864685058608 25.235399246215824 1.5000000000000002 0.99803149700164806 36.43745422363282 32.04137039184571 35.364389419555671
decision_type=2 2 2 2 2 2 2 2 2 2 2 2 2 2 2 2 2 2 2 2 2 2 2 2 2 2 2 2 2 2
left_child=1 3 -3 4 -1 -6 7 8 -7 -5 -11 12 -8 -14 15 -13 -16 18 20 -19 27 22 -17 -24 -23 26 -26 -18 -20 -30
right_child=-2 2 -4 9 5 6 11 -9 -10 10 -12 14 13 -15 16 21 17 19 28 -21 -22 24 23 -25 25 -27 -28 -29 29 -31
leaf_value=0.80203354746360511 2.7990957018429001 -0.39249175779730194 -0.075832721932926006 0.18843621454914886 -0.48694934519678984 0.21604431508751035 -4.8822342960903811 1.0913276266512895 -5.2989310169203083 -0.41120764540587695 0.02937574164463861 5.1440150297777594 -0.68608904460923203 -0.072119112069552932 -0.48182640931033993 -0.066756303168300418 -0.73979696762905611 0.047352646326532626 -0.077017768330537362 -0.33505193493166269 -1.4061212837852606 -0.59534564017326164 -0.17747471239012694 0.73668443044305154 -0.23719985804081142 0.21617397455169718 14.233372407545424 0.85709967904368944 0.48005188709657748 1.6695188070111369
leaf_weight=754 42 37 250 42 1163 947 33 2156 199 77 26 148 99 259 7172 4052 35 257 61 138 84 157 21 41 23 5480 67 123 121 162
leaf_count=754 42 37 250 42 1163 947 33 2156 199 77 26 148 99 259 7172 4052 35 257 61 138 84 157 21 41 23 5480 67 123 121 162
internal_value=0.000388011 0.000330796 -0.00992685 0.00045403 0.00054732 0.00033481 0.000611401 0.0035432 -0.00130879 -0.0148174 -0.0237633 8.90299e-05 -0.00779852 -0.00530578 0.000259066 0.00130642 -0.00102415 0.00453573 0.00989592 -0.00341686 -0.00165221 0.00105171 -0.00104519 0.0225443 0.00255801 0.00296224 0.0221976 0.00695762 0.018018 0.022077
internal_weight=24226 24184 287 23897 23752 22998 21835 3302 1146 145 103 18533 391 358 18142 9989 8153 981 586 395 242 9841 4114 62 5727 5570 90 158 344 283
internal_count=24226 24184 287 23897 23752 22998 21835 3302 1146 145 103 18533 391 358 18142 9989 8153 981 586 395 242 9841 4114 62 5727 5570 90 158 344 283
is_linear=0
shrinkage=0.05


Tree=72
num_leaves=31
num_cat=0
split_feature=0 12 13 8 0 12 13 1 8 13 8 13 13 8 1 0 14 13 1 1 0 8 13 12 0 8 0 9 12 12
split_gain=18.1671 9.79539 18.8662 15.1184 17.8015 17.4662 13.1259 12.3911 11.6954 13.6861 14.786 15.5376 14.2301 10.7063 13.4056 11.1687 10.2559 13.055 18.3507 20.8548 12.4091 12.2153 11.6398 11.1014 10.9217 10.5714 16.7656 14.7007 10.7466 43.6249
threshold=5396.0000000000009 34.020851135253913 35.299472808837898 -1.0000000180025095e-35 213.50000000000003 62.558259963989265 47.421842575073249 10.500000000000002 -0.92617508769035328 59.564762115478523 0.3577380925416947 61.177734375000007 66.425857543945327 -0.97498750686645497 10.500000000000002 8.5000000000000018 13.124662876129152 80.424057006835952 2.5000000000000004 5.5000000000000009 1169.5000000000002 0.25087413191795355 85.045127868652358 53.027666091918952 64.500000000000014 0.074271079152822508 31.500000000000004 4.5000000000000009 51.008213043212898 49.552946090698249
decision_type=2 2 2 2 2 2 2 2 2 2 2 2 2 2 2 2 2 2 2 2 2 2 2 2 2 2 2 2 2 2
left_child=1 6 -3 4 5 13 -1 16 -8 -10 11 -11 -12 -4 15 -15 -5 20 22 -20 -18 -22 23 -19 25 28 -27 -28 29 -24
right_child=-2 2 3 7 -6 -7 8 -9 9 10 12 -13 -14 14 -16 -17 17 18 19 -21 21 -23 24 -25 -26 26 27 -29 -30 -31
leaf_value=-0.62817086681204626 2.659140916750756 1.5460919375793054 0.8436618248870007 0.04367585731997288 1.2983226712870213 -1.5431088905158228 -4.0939915462041307 0.31860949338818334 0.89975382187802211 -0.72770741564152674 2.1035439830899447 -0.044745784339317751 -0.28639689386543749 -0.77832707135526247 -0.90454131959455852 0.5560576304919721 -0.22953892879605889 -0.18896279814551564 0.37239259961868421 -0.36491991355438813 -47.747331608146681 1.6048724834358581 0.096441427316346306 -0.079700779038701347 -0.32655660260303282 -0.1168410262850685 -0.92191542528099579 -0.11311779255494568 0.36352825916229109 -0.58876879351757905
leaf_weight=4110 42 1564 926 1720 650 30 85 360 1138 69 69 341 56 482 737 3932 6145 127 162 113 24 576 153 47 50 248 59 50 90 71
leaf_count=4110 42 1564 926 1720 650 30 85 360 1138 69 69 341 56 482 737 3932 6145 127 162 113 24 576 153 47 50 248 59 50 90 71
internal_value=0.000437545 0.000380415 0.000949984 0.000459644 0.00228648 0.00144913 -0.00139739 -0.00077538 0.0022183 0.00313789 -0.0034573 -0.00804682 0.0115907 0.00163729 0.000747413 0.00178972 -0.00111571 -0.00187616 -0.00675156 0.0045438 -0.00103038 0.00583236 -0.0102223 -0.0218265 -0.00741922 -0.00573685 -0.0116214 -0.027956 0.00095511 -0.00490852
internal_weight=24226 24184 18316 16752 6757 6107 5868 9995 1758 1673 535 410 125 6077 5151 4414 9635 7915 1170 275 6745 600 895 174 721 671 357 109 314 224
internal_count=24226 24184 18316 16752 6757 6107 5868 9995 1758 1673 535 410 125 6077 5151 4414 9635 7915 1170 275 6745 600 895 174 721 671 357 109 314 224
is_linear=0
shrinkage=0.05


Tree=73
num_leaves=31
num_cat=0
split_feature=0 11 8 8 9 12 11 13 11 8 12 12 13 13 6 13 13 14 14 0 10 0 1 13 11 12 8 12 14 0
split_gain=15.6748 14.8795 16.1729 10.3103 12.3002 11.254 14.9455 17.8251 20.8842 19.7451 26.1666 15.827 17.2118 18.8205 14.2781 11.5811 24.9953 20.4902 19.4916 17.0587 15.5308 18.9882 14.7304 15.0843 14.1544 14.1075 13.7411 13.7171 12.238 11.9841
threshold=5396.0000000000009 62.336055755615241 -0.8588166832923888 -0.98357626795768727 2.5000000000000004 52.720449447631843 32.405925750732429 88.409530639648452 50.950229644775398 0.077254641801118865 54.034259796142585 53.81341743469239 74.045745849609389 66.229450225830092 1.0000000180025095e-35 72.51648330688478 67.249572753906264 35.580316543579109 2.9255985021591191 176.50000000000003 3.5000000000000004 26.500000000000004 2.5000000000000004 98.555053710937514 36.63423156738282 47.438241958618171 0.12060606107115747 49.056907653808601 19.621976852416996 24.500000000000004
decision_type=2 2 2 2 2 2 2 2 2 2 2 2 2 2 2 2 2 2 2 2 2 2 2 2 2 2 2 2 2 2
left_child=1 3 -3 -1 -5 15 14 8 11 10 -9 -8 13 -13 -7 16 -6 18 -17 20 21 27 23 26 -19 -26 -22 -20 -28 -27
right_child=-2 2 -4 4 5 6 7 9 -10 -11 -12 12 -14 -15 -16 17 -18 24 19 -21 22 -23 -24 -25 25 29 28 -29 -30 -31
leaf_value=0.72804212058099038 2.5261838709132185 -0.40067005143203577 -0.072928683338204084 -0.12669676404395933 0.053363920465523941 -0.1058135852940616 2.3849396162506773 0.93172616415102993 -0.43388824410727411 -0.26784909469392776 -0.1159219174966033 1.732986833126013 1.5646568646453796 -1.168660064635473 -0.7143066035716843 -0.48873511088798377 0.6599985811952962 -0.7319521507259259 -0.073374369383617841 1.6756214790352375 -0.47942385207973004 0.56911705613131647 0.44938136544465479 0.40877839816731909 -0.56731796756801833 0.18246149466413969 -0.24851933897125209 0.3488604446635627 0.51184134825670924 -0.26412580100449645
leaf_weight=754 42 37 250 5884 12144 189 188 47 389 175 94 368 396 282 63 83 1179 226 111 104 263 131 207 23 70 97 31 87 23 289
leaf_count=754 42 37 250 5884 12144 189 188 47 389 175 94 368 396 282 63 83 1179 226 111 104 263 131 207 23 70 97 31 87 23 289
internal_value=0.000396267 0.000343201 -0.0109718 0.000479138 0.000291664 0.000964708 0.0043129 0.00580166 0.00791695 -0.00506169 0.00885897 0.0111012 0.00869898 0.00369174 -0.00714002 0.000477831 0.000979502 -0.00335224 0.000987678 0.00295888 0.000684853 0.0092677 -0.00447816 -0.0108792 -0.0101158 -0.00504275 -0.0137181 -0.000504796 0.00924214 -0.001295
internal_weight=24226 24184 287 23897 23143 17259 2191 1939 1623 316 141 1234 1046 650 252 15068 13323 1745 1063 980 876 329 547 340 682 456 317 198 54 386
internal_count=24226 24184 287 23897 23143 17259 2191 1939 1623 316 141 1234 1046 650 252 15068 13323 1745 1063 980 876 329 547 340 682 456 317 198 54 386
is_linear=0
shrinkage=0.05


Tree=74
num_leaves=31
num_cat=0
split_feature=11 8 12 13 4 13 13 8 12 0 13 1 10 7 12 1 1 11 13 13 9 13 14 14 11 13 8 8 1 13
split_gain=14.9319 16.1729 10.2954 25.5319 20.7785 16.8448 15.7157 15.6906 18.9567 18.9014 15.429 16.1975 14.7917 13.6752 14.4108 15.4354 13.9163 18.327 15.6518 32.7202 16.7013 14.9628 23.6227 21.7874 19.9856 18.0577 17.3269 31.4126 16.8914 14.7896
threshold=62.336055755615241 -0.8588166832923888 38.147008895874031 47.421842575073249 1.0000000180025095e-35 75.742309570312514 47.172147750854499 -0.72453445196151722 62.558259963989265 9.5000000000000018 35.030492782592781 1.0000000180025095e-35 1.5000000000000002 1.0000000180025095e-35 47.620552062988288 2.5000000000000004 5.5000000000000009 51.239618301391609 90.406482696533217 100.89768600463869 4.5000000000000009 94.626880645751967 64.696346282958999 40.355499267578132 36.490407943725593 73.002231597900405 0.028948470950126651 0.074271079152822508 1.5000000000000002 62.040716171264656
decision_type=2 2 2 2 2 2 2 2 2 2 2 2 2 2 2 2 2 2 2 2 2 2 2 2 2 2 2 2 2 2
left_child=2 -2 5 4 -4 6 10 8 9 -5 -1 -12 -6 14 15 -9 17 21 -19 20 -20 24 23 26 25 -16 -23 -28 -27 -26
right_child=1 -3 3 7 12 -7 -8 13 -10 -11 11 -13 -14 -15 16 -17 -18 18 19 -21 -22 22 -24 -25 29 28 27 -29 -30 -31
leaf_value=0.15522489795889208 -0.38063654886043424 -0.069282249171293844 3.7847898555812578 -0.23413291623620616 6.6792988080068412 -0.200242046255908 0.20820662061421161 -0.03124999490417224 -1.3641026816025743 1.0098409925934095 0.528061066909288 -1.1940253564008427 0.23765853437257098 -1.6089500535755612 0.35967834754664951 3.1419258213068222 -0.42860548941497889 -0.34392170287199086 0.68430572309974669 -0.13561019536738181 -0.13210152608803796 -0.36648341896831416 0.17609460739108515 -0.4096801894542399 -0.095028763427555424 -0.40451123554149826 0.50833880862597081 -0.18839649420073706 0.48174833999395017 0.54403294241753852
leaf_weight=2967 37 250 630 834 43 247 3525 171 20 2316 107 3854 898 1268 949 172 1612 1000 118 171 39 27 37 67 491 293 64 171 134 1714
leaf_count=2967 37 250 630 834 43 247 3525 171 20 2316 107 3854 898 1268 949 172 1612 1000 118 171 39 27 37 67 491 293 64 171 134 1714
internal_value=0.000363245 -0.0109718 0.000499183 0.00143137 0.00741519 -0.000654199 -0.000349179 0.000625637 0.00362765 0.00393638 -0.00173208 -0.0037742 0.0027096 -0.000494228 0.000345777 0.0103468 -0.000152459 0.00109003 -0.00399066 0.00548613 0.0219605 0.00279952 -0.00682874 -0.0110909 0.00378375 -0.000944699 -0.00457841 -0.000212675 -0.00948256 0.00673439
internal_weight=24226 287 23939 13239 1571 10700 10453 11668 3170 3150 6928 3961 941 8498 7230 343 6887 5275 1328 328 157 3947 366 329 3581 1376 262 235 427 2205
internal_count=24226 287 23939 13239 1571 10700 10453 11668 3170 3150 6928 3961 941 8498 7230 343 6887 5275 1328 328 157 3947 366 329 3581 1376 262 235 427 2205
is_linear=0
shrinkage=0.05


Tree=75
num_leaves=31
num_cat=0
split_feature=11 8 9 0 8 2 12 12 8 12 13 1 12 13 0 0 0 12 10 12 10 9 11 13 11 11 11 12 13 13
split_gain=14.4231 16.884 9.16288 16.3313 17.8867 18.8069 16.0982 12.7157 12.209 11.9717 10.9961 9.95258 9.74551 17.5963 13.7593 24.1528 24.0276 14.5283 13.2504 14.388 11.8824 14.3756 11.5454 11.1378 13.9513 9.70354 9.24676 12.3042 12.0266 9.19903
threshold=62.336055755615241 -0.8588166832923888 2.5000000000000004 7.5000000000000009 -0.93042355775833119 1.0000000180025095e-35 62.830816268920906 47.826915740966804 -0.97498750686645497 62.336055755615241 46.481580734252937 3.5000000000000004 52.720449447631843 57.695371627807624 42.500000000000007 45.500000000000007 37.500000000000007 62.558259963989265 3.5000000000000004 57.766939163208015 2.5000000000000004 4.5000000000000009 32.405925750732429 80.965160369873061 25.740444183349613 35.111595153808601 50.981815338134773 53.599163055419929 67.481513977050795 98.555053710937514
decision_type=2 2 2 2 2 2 2 2 2 2 2 2 2 2 2 2 2 2 2 2 2 2 2 2 2 2 2 2 2 2
left_child=2 -2 6 11 5 -5 8 10 -1 -10 -7 -4 29 18 16 -16 20 22 -14 -20 -15 23 -17 24 -22 -12 27 -26 -28 -6
right_child=1 -3 3 4 12 7 -8 -9 9 -11 25 -13 13 14 15 17 -18 -19 19 -21 21 -23 -24 -25 26 -27 28 -29 -30 -31
leaf_value=0.56854091638587578 -0.36160472141741312 -0.074401024080508901 -4.5651448024747996 -12.06568902262881 0.003309379316285721 2.5737565282190835 -2.7254566236613482 2.001130236752759 -0.14187501504513875 0.96480115236665331 1.0318747263223216 -0.92076997731991528 3.6775061171767187 -0.80948828436390119 0.95268617159435542 -2.6403154524910408 -0.88652614811324826 -0.23522019893047599 -0.60665255209149938 6.7205371227911748 -0.95898813709208497 1.0481578545568475 0.62613663041647249 -0.38428567376442335 -0.78409452624610487 -1.6436915347929189 1.1781209215307791 2.3707443531487544 -3.3353989457689979 0.15809413487421883
leaf_weight=496 38 254 63 34 13958 208 21 589 5675 58 129 526 133 72 89 102 63 76 129 65 20 78 951 86 27 146 21 90 22 96
leaf_count=496 38 254 63 34 13958 208 21 589 5675 58 129 526 133 72 89 102 63 76 129 65 20 78 951 86 27 146 21 90 22 96
internal_value=8.84224e-05 -0.0109552 0.000222702 0.000801773 0.0010824 0.00723262 -0.00142398 0.00839474 -0.00127627 -0.0019274 0.00238046 -0.00738415 0.000659282 0.00390297 0.00185611 0.00467942 -0.00532248 0.00270127 0.0145216 0.00618238 -0.000961307 0.00290613 0.00422562 -0.00263059 0.00444198 -0.0041803 0.00936914 0.0166524 -0.0104408 0.000192115
internal_weight=24315 292 24023 17773 17184 1106 6250 1072 6229 5733 483 589 16078 2024 1697 1218 479 1129 327 194 416 344 1053 266 180 275 160 117 43 14054
internal_count=24315 292 24023 17773 17184 1106 6250 1072 6229 5733 483 589 16078 2024 1697 1218 479 1129 327 194 416 344 1053 266 180 275 160 117 43 14054
is_linear=0
shrinkage=0.05


Tree=76
num_leaves=31
num_cat=0
split_feature=11 8 8 0 9 0 8 8 0 13 13 14 14 10 8 13 12 11 11 0 2 0 14 12 14 12 0 0 13 10
split_gain=14.4446 16.884 8.45885 13.456 11.8949 12.5633 14.2395 12.6189 26.2766 11.9559 11.2759 25.5144 19.6603 14.2705 13.2511 20.7767 22.1459 16.4766 20.7448 14.9513 12.4069 13.4756 10.5436 15.0107 10.8615 10.2716 9.91627 15.6669 12.5933 12.2955
threshold=62.336055755615241 -0.8588166832923888 -0.97498750686645497 7.5000000000000009 2.5000000000000004 23.500000000000004 -0.018140682950615879 0.02334665693342686 906.50000000000011 73.519893646240249 32.328477859497077 201.7736740112305 104.10240936279298 2.5000000000000004 0.077254641801118865 90.406482696533217 55.142854690551765 47.469804763793952 35.201740264892585 88.500000000000014 1.0000000180025095e-35 65.500000000000014 100.83376312255861 51.125007629394538 220.46801757812503 32.98573303222657 64.500000000000014 78.500000000000014 100.89768600463869 4.5000000000000009
decision_type=2 2 2 2 2 2 2 2 2 2 2 2 2 2 2 2 2 2 2 2 2 2 2 2 2 2 2 2 2 2
left_child=2 -2 3 -1 -4 -6 22 8 9 -8 11 12 13 -9 17 16 -16 18 -12 -18 25 -22 -7 24 -24 -14 28 -28 29 -19
right_child=1 -3 4 -5 5 6 7 10 -10 -11 14 -13 20 -15 15 -17 19 26 -20 -21 21 -23 23 -25 -26 -27 27 -29 -30 -31
leaf_value=-0.071280402927790601 -0.34352448534654201 -0.070680972876483145 -0.12809562398880345 1.5986513224221182 -0.11987614691928102 0.99514230378940027 -0.19728984828460414 8.3185877473141581 -31.625004894228699 -0.624246736355898 0.43060538385396402 -2.911828580048863 -0.51288016491683097 -0.4342539199176253 -0.14099955081216395 -0.21846646515776344 2.6268171436476893 0.90505186301463714 -0.6509261094210026 0.85058439718208556 9.7052363261111818 4.6576464225641816 -1.6033594851220956 1.497661630831 0.5810673954545521 4.0974099762851415 -2.2595136385788499 2.2428856811727131 -0.037243710579899773 0.092122866615714838
leaf_weight=618 38 254 5750 542 2520 2940 766 80 40 107 317 173 130 565 6469 292 123 233 191 450 52 261 561 190 143 145 29 146 45 145
leaf_count=618 38 254 5750 542 2520 2940 766 80 40 107 317 173 130 565 6469 292 123 233 191 450 52 261 561 190 143 145 29 146 45 145
internal_value=9.66478e-05 -0.0109552 0.000231028 0.00439617 1.96824e-05 0.000680765 0.00124374 0.000311364 -0.00531158 -0.0034933 0.000832817 0.00497831 0.00750142 0.00147264 0.000142178 -0.000627207 -8.52019e-05 0.00524365 -0.00137768 0.00933519 0.0141132 0.0209198 0.0038601 -0.000894755 -0.00426076 0.00636132 0.0108677 0.000856653 0.0150083 0.0179847
internal_weight=24315 292 24023 1160 22863 17113 14593 10759 913 873 9846 1406 1233 645 8440 7334 7042 1106 508 573 588 313 3834 894 704 275 598 175 423 378
internal_count=24315 292 24023 1160 22863 17113 14593 10759 913 873 9846 1406 1233 645 8440 7334 7042 1106 508 573 588 313 3834 894 704 275 598 175 423 378
is_linear=0
shrinkage=0.05


Tree=77
num_leaves=31
num_cat=0
split_feature=11 8 0 12 13 12 2 8 13 13 1 13 11 1 0 8 0 12 12 0 0 10 13 8 13 10 7 12 11 12
split_gain=13.47 17.2587 7.95729 7.95149 30.0757 20.8423 18.2042 15.5587 15.2709 19.2565 22.7737 27.4492 27.4409 16.4883 15.7816 13.6658 12.7245 11.3055 15.9622 11.2434 22.754 12.2424 32.1384 14.508 11.7766 10.7839 10.6494 10.3833 10.2657 10.2536
threshold=62.336055755615241 -0.8588166832923888 5396.0000000000009 47.438241958618171 41.199930191040046 47.687290191650398 1.0000000180025095e-35 0.034528613090515144 75.742309570312514 51.074102401733406 1.0000000180025095e-35 55.668424606323249 50.670743942260749 1.0000000180025095e-35 28.500000000000004 -0.93363565206527699 9.5000000000000018 36.073661804199226 35.916648864746101 30.500000000000004 25.500000000000004 3.5000000000000004 69.709499359130874 0.17694497108459475 65.348667144775405 1.5000000000000002 1.0000000180025095e-35 55.392860412597663 36.086753845214851 34.206871032714851
decision_type=2 2 2 2 2 2 2 2 2 2 2 2 2 2 2 2 2 2 2 2 2 2 2 2 2 2 2 2 2 2
left_child=2 -2 3 8 6 26 7 -5 9 13 11 28 19 14 -1 16 -7 18 -15 20 21 22 24 -23 -13 -10 -6 -9 -11 -21
right_child=1 -3 -4 4 5 15 -8 27 25 10 -12 12 -14 17 -16 -17 -18 -19 -20 29 -22 23 -24 -25 -26 -27 -28 -29 -30 -31
leaf_value=0.50854252213861739 -0.32634826107921527 -0.067146924232658736 2.0181892265647874 -2.1848724388747018 1.0391915455968956 -0.079898246547847412 6.2351720870424154 2.8409814248176959 0.059230868819895657 0.6200181804993079 0.9721930335338641 -0.030849350735992688 1.0767539373163941 -0.30634470450382167 -0.33763090076721131 -0.040353422806281007 1.5036374906926533 -1.7197439630447378 3.8990988891458471 -0.78189619018141099 0.11676607071082419 -0.80301381818099848 0.095155420717959779 0.035182359293720822 -0.9819977581836149 -0.27288304439417727 -5.4843164675387568 10.753333296763385 -0.046807696166970204 -0.24452765901778406
leaf_weight=144 38 254 40 144 433 668 260 393 39 64 1979 45 33 6335 78 10105 834 1591 54 35 186 115 33 31 41 224 33 39 27 20
leaf_count=144 38 254 40 144 433 668 260 393 39 64 1979 45 33 6335 78 10105 834 1591 54 35 186 115 33 31 41 224 33 39 27 20
internal_value=5.96337e-05 -0.0106128 0.000189401 0.000152191 0.000995422 0.000360305 0.0101662 0.00520743 -0.000830767 -0.000541111 0.00320034 -0.00507856 -0.00936746 -0.00173126 0.0117064 -5.60002e-05 0.00439385 -0.00210524 -0.00116605 -0.0122505 -0.00964309 -0.0190494 -0.00713686 -0.0287474 -0.0232288 -0.0127328 0.0107273 0.0099514 0.0203074 -0.0335753
internal_weight=24315 292 24023 23983 12909 12073 836 576 11074 10811 2609 630 539 8202 222 11607 1502 7980 6389 506 451 265 119 146 86 263 466 432 91 55
internal_count=24315 292 24023 23983 12909 12073 836 576 11074 10811 2609 630 539 8202 222 11607 1502 7980 6389 506 451 265 119 146 86 263 466 432 91 55
is_linear=0
shrinkage=0.05


Tree=78
num_leaves=31
num_cat=0
split_feature=11 8 8 0 0 8 1 14 13 14 11 11 11 14 1 1 11 8 8 12 8 14 11 13 8 8 14 11 13 12
split_gain=13.4908 17.2587 7.24095 11.679 9.5823 9.42276 9.24982 8.74342 7.55953 19.1333 13.8929 27.0661 16.5489 12.8978 12.6444 15.7538 11.204 15.2199 20.2842 14.0387 13.8008 10.2278 9.50322 9.82098 14.4752 15.3726 11.4523 9.36654 11.2269 11.5073
threshold=62.336055755615241 -0.8588166832923888 -0.97498750686645497 7.5000000000000009 6.5000000000000009 0.19082633405923846 4.5000000000000009 2.9255985021591191 80.965160369873061 13.467717647552492 54.034259796142585 51.073541641235359 54.83717346191407 54.445968627929695 7.5000000000000009 1.5000000000000002 50.395606994628913 0.074271079152822508 0.052864462137222297 49.433757781982429 0.083602152764797225 46.543794631958015 58.425312042236335 103.72949600219728 0.043651482090353973 0.33414240181446081 3.8851513862609868 35.350015640258796 83.201320648193374 50.950229644775398
decision_type=2 2 2 2 2 2 2 2 2 2 2 2 2 2 2 2 2 2 2 2 2 2 2 2 2 2 2 2 2 2
left_child=2 -2 3 6 5 -4 -1 -5 -6 22 11 14 -12 -13 15 16 17 18 19 -11 -19 -16 23 24 27 26 -26 -10 -29 -30
right_child=1 -3 4 7 8 -7 -8 -9 9 10 12 13 -14 -15 21 -17 -18 20 -20 -21 -22 -23 -24 -25 25 -27 -28 28 29 -31
leaf_value=-6.6720037423505278 -0.3100308480252551 -0.063789578021026472 -1.6019410177172952 3.4199998490161363 0.047156828075985494 0.47450843847365687 0.13169037868639749 1.3148132643853601 -0.70295410798026481 0.17513588654199452 -0.31917042948482399 0.049593559678351801 -0.11331348250700152 0.80427857527221147 -0.5239362494254145 0.035443899383202471 -0.53977007770356955 -0.88652103397660653 0.51697875180386033 -0.32338556092392107 -0.22363316168342778 -1.2550952141975469 0.53995955678951002 -0.091770253340010308 0.00015775702094380508 -0.48660079834739212 0.68503214626211717 0.98914123291900047 0.20027651920555201 -0.40783302491041024
leaf_weight=59 38 254 623 49 20426 31 559 493 26 55 49 155 143 30 64 264 49 31 48 54 267 29 41 68 79 55 161 24 49 42
leaf_count=59 38 254 623 49 20426 31 559 493 26 55 49 155 143 30 64 264 49 31 48 54 267 29 41 68 79 55 161 24 49 42
internal_value=6.78591e-05 -0.0106128 0.000197726 0.00405137 2.18693e-06 -0.00596239 -0.000647144 0.00940786 0.000177855 -0.00294431 -0.00638074 -0.00411051 -0.0187402 0.0132361 -0.00783881 -0.00572842 -0.0109105 -0.00845968 0.00413749 -0.00779102 -0.0150956 -0.0252417 0.00486149 0.0029756 0.00573263 0.0120298 0.0174927 -0.00744153 -0.00130321 -0.00933041
internal_weight=24315 292 24023 1160 22863 654 618 542 22209 1783 1238 1046 192 185 861 768 504 455 157 109 298 93 545 504 436 295 240 141 115 91
internal_count=24315 292 24023 1160 22863 654 618 542 22209 1783 1238 1046 192 185 861 768 504 455 157 109 298 93 545 504 436 295 240 141 115 91
is_linear=0
shrinkage=0.05


Tree=79
num_leaves=31
num_cat=0
split_feature=11 8 13 14 11 11 11 0 8 8 12 13 14 12 0 13 11 11 12 0 1 0 14 12 13 1 13 0 12 1
split_gain=13.356 17.2587 7.43541 17.3754 12.8467 27.3733 19.4367 16.5305 11.2578 14.7612 22.0279 15.2802 13.818 12.8308 12.9564 11.7906 14.8274 22.7677 13.8092 13.5418 11.042 10.9741 11.941 10.9304 13.6039 14.5136 13.7313 11.4791 11.1041 10.8472
threshold=62.336055755615241 -0.8588166832923888 80.965160369873061 10.49367666244507 54.034259796142585 52.485607147216804 54.83717346191407 37.500000000000007 0.074271079152822508 0.052864462137222297 48.024814605712898 89.543472290039077 76.154148101806655 49.552946090698249 63.500000000000007 92.21045303344728 35.711551666259773 48.928390502929695 53.027666091918952 19.500000000000004 2.5000000000000004 37.500000000000007 32.081731796264656 50.024980545043952 78.804431915283217 1.5000000000000002 40.563482284545906 3011.5000000000005 50.950229644775398 1.5000000000000002
decision_type=2 2 2 2 2 2 2 2 2 2 2 2 2 2 2 2 2 2 2 2 2 2 2 2 2 2 2 2 2 2
left_child=2 -2 23 -4 5 8 -6 -7 9 13 -11 -12 15 14 -5 16 -10 18 -18 -17 -15 22 -21 -1 26 -26 -25 28 29 -28
right_child=1 -3 3 4 6 7 -8 -9 12 10 11 -13 -14 20 -16 19 17 -19 -20 21 -22 -23 -24 24 25 -27 27 -29 -30 -31
leaf_value=-0.016801046358219308 -0.29452930562399188 -0.060600099119975687 0.10628461260417162 0.16201649690887551 -0.38744137366488973 0.44956819782188334 -0.10764780838165144 -0.17132373268038636 -0.49592486917149492 -0.51691547376068248 -0.077301340994267775 0.61911812839164604 0.013004280935054346 -0.30881884581808666 -0.95762925731247572 -0.51171558759237079 0.21211699768399692 -0.29635744398327457 2.5651582291791284 -0.25952586141672745 -0.050990734118505548 -0.46507363013811337 0.17458027038923715 3.1661268280449408 1.74798759586335 0.97471362114037285 1.351629891909492 -6.1537732528565661 0.041450976924907228 0.34509201154077407
leaf_weight=17623 38 254 448 92 51 107 154 37 55 27 20 62 65 117 24 55 61 106 25 36 123 101 30 239 39 189 96 68 3353 620
leaf_count=17623 38 254 448 92 51 107 154 37 55 27 20 62 65 117 24 55 61 106 25 36 123 101 30 239 39 189 96 68 3353 620
internal_value=1.43943e-05 -0.0106128 0.000143612 -0.00295084 -0.00578592 -0.00371796 -0.0173086 0.0166551 -0.00665599 -0.000967534 0.0151237 0.0280146 -0.0116083 -0.00589722 0.00775194 -0.0146024 -0.00708215 -0.000520562 0.018583 -0.0229626 -0.0124948 -0.0158588 0 0.000393664 0.00256293 0.0144673 0.00194237 0.001269 0.00160969 0.00726156
internal_weight=24315 292 24023 1796 1348 1143 205 144 999 465 109 82 534 356 116 469 247 192 86 222 240 167 66 22227 4604 228 4376 4137 4069 716
internal_count=24315 292 24023 1796 1348 1143 205 144 999 465 109 82 534 356 116 469 247 192 86 222 240 167 66 22227 4604 228 4376 4137 4069 716
is_linear=0
shrinkage=0.05


Tree=80
num_leaves=31
num_cat=0
split_feature=13 4 14 0 8 10 12 0 0 14 12 10 1 10 0 12 14 12 12 13 12 8 2 1 9 12 0 13 8 13
split_gain=8.01425 10.0847 14.3567 13.6355 14.9971 13.2739 12.8532 12.5877 11.7428 28.8838 11.6127 22.3125 20.2259 14.0825 11.8839 10.4446 10.2248 9.80471 19.4326 9.95191 18.4621 10.9395 34.1613 19.2117 13.8378 11.5252 13.6143 10.7146 14.3789 14.2294
threshold=25.316832542419437 1.0000000180025095e-35 75.095962524414077 168.50000000000003 -0.61451989412307728 2.5000000000000004 26.233273506164554 180.50000000000003 89.500000000000014 186.39423370361331 26.233273506164554 4.5000000000000009 4.5000000000000009 1.5000000000000002 186.50000000000003 56.310926437377937 170.80017852783206 31.55070781707764 32.04137039184571 39.133922576904304 32.98573303222657 0.367367833852768 1.0000000180025095e-35 1.5000000000000002 1.5000000000000002 35.80696105957032 136.50000000000003 81.799480438232436 0.077254641801118865 86.769733428955092
decision_type=2 2 2 2 2 2 2 2 2 2 2 2 2 2 2 2 2 2 2 2 2 2 2 2 2 2 2 2 2 2
left_child=-1 3 6 5 7 -2 -3 -5 -4 15 11 -6 13 -12 16 -10 -15 -7 -19 20 -20 27 23 -23 -24 26 -26 28 -21 -29
right_child=1 2 8 4 10 17 -8 -9 9 -11 12 -13 -14 14 -16 -17 -18 18 19 21 -22 22 24 -25 25 -27 -28 29 -30 -31
leaf_value=0.88775282476615736 -0.21595158008660889 -4.1024942550686614 0.558707712783447 -1.9756296493740864 -0.73181590256713924 -0.22422913099811004 -1.4121816726776504 1.7969445962772541 0.2051375325806081 -3.9744632156586208 16.21870812353243 12.257111180270794 -1.0726278922795582 3.5538635043117992 0.34344316127709651 6.5753242385163135 -3.9857355338411291 2.9166853224813205 -2.7601163453579169 0.093149030892696244 1.5126309834382639 -0.85559500762861307 -6.8799178503488649 1.0241196810866597 1.1577731868787404 -2.7118330513459123 -7.1005513822436148 -0.19883459418609739 0.36693183686404329 -0.0044795322059833611
leaf_weight=1352 1619 108 1094 25 73 1850 1798 360 1039 503 59 83 1118 111 2551 34 20 70 71 6330 610 32 39 254 238 765 50 287 772 982
leaf_count=1352 1619 108 1094 25 73 1850 1798 360 1039 503 59 83 1118 111 2551 34 20 70 71 6330 610 32 39 254 238 765 50 287 772 982
internal_value=0.000179034 -4.14032e-05 -0.00214156 0.000481787 0.00290902 -0.000282767 -0.00545617 0.0123345 0.000224711 -0.00253791 0.00200493 0.0153748 0.00146407 0.00377586 0.00324373 0.00209673 0.0179252 0.000275301 0.000866658 0.00069031 0.00653355 0.000282077 -0.00384587 0.0115344 -0.00787474 -0.00678948 0.00173551 0.000961642 0.0017178 -0.00327003
internal_weight=24297 22945 4576 18369 4400 13969 1906 385 2670 1576 4015 156 3859 2741 2682 1073 131 12350 10500 10430 681 9749 1378 286 1092 1053 288 8371 7102 1269
internal_count=24297 22945 4576 18369 4400 13969 1906 385 2670 1576 4015 156 3859 2741 2682 1073 131 12350 10500 10430 681 9749 1378 286 1092 1053 288 8371 7102 1269
is_linear=0
shrinkage=0.05


Tree=81
num_leaves=31
num_cat=0
split_feature=11 8 8 14 9 1 11 11 11 11 13 11 12 1 10 0 13 13 11 5 12 12 13 11 13 11 12 13 13 13
split_gain=16.1649 14.858 9.0476 9.9106 9.56999 19.833 12.951 32.2939 21.3541 20.6899 12.0778 9.81257 11.6852 15.7945 13.5297 17.2232 13.4409 11.4652 10.4288 9.75395 9.64305 9.3415 12.2449 9.06017 9.0371 15.3365 11.1773 13.633 16.842 12.9603
threshold=62.336055755615241 -0.8588166832923888 -0.98357626795768727 41.059576034545906 4.5000000000000009 5.5000000000000009 48.412141799926765 36.490407943725593 28.040962219238285 48.162836074829109 75.428649902343764 37.301280975341804 48.410812377929695 2.5000000000000004 4.5000000000000009 33.500000000000007 52.410789489746101 71.93750381469728 47.861955642700202 1.0000000180025095e-35 53.027666091918952 55.319793701171882 75.742309570312514 57.748405456542976 107.48803329467775 52.155639648437507 49.224458694458015 89.543472290039077 100.89768600463869 76.385059356689467
decision_type=2 2 2 2 2 2 2 2 2 2 2 2 2 2 2 2 2 2 2 2 2 2 2 2 2 2 2 2 2 2
left_child=2 -2 3 21 24 6 7 8 -6 11 -10 -9 13 -13 16 -16 -14 19 -15 -17 -12 22 -1 -7 26 -26 27 29 -29 -4
right_child=1 -3 4 -5 5 23 -8 9 10 -11 20 12 14 18 15 17 -18 -19 -20 -21 -22 -23 -24 -25 25 -27 -28 28 -30 -31
leaf_value=1.573811734905413 -0.27871562704051772 -0.075037672818756118 -0.14461984012221976 -0.19519176361593296 1.1917508773725891 -0.38863498710535077 0.013815105360501612 2.9320638315393879 -0.090008276364292789 3.4586408749691557 -0.71512536019409945 2.2561297262898736 6.6142027202347071 4.1605820160723086 2.9742563242267752 7.0360035506176617 -6.0574241890542169 1.3049546792911315 0.11968137253862632 -1.8101491799146849 0.15482160030560266 -2.2762585245017677 2.2782480446464506 1.51697397680848 -0.79562947262203176 -0.059507271052873283 0.095970470025570187 0.17797334560939931 -0.30262869033485773 -0.12144732019008658
leaf_weight=456 40 247 11045 247 194 2050 1658 79 1058 77 67 161 20 211 27 35 91 133 204 172 22 43 20 121 36 70 5056 236 22 399
leaf_count=456 40 247 11045 247 194 2050 1658 79 1058 77 67 161 20 211 27 35 91 133 204 172 22 43 20 121 36 70 5056 236 22 399
internal_value=0.000125529 -0.0116684 0.000266554 0.00561284 9.03455e-05 0.00173978 0.00374189 0.00597781 0.000633808 0.0118998 -0.00196147 0.0101933 0.00891756 0.0137129 0.00313742 0.00776355 -0.0121512 0.0047045 0.00855216 -0.00265572 -0.0196409 0.00953573 0.0115522 -0.00214177 -0.000533678 -0.0150801 -0.000441578 -0.00129037 0.0100736 -0.00154665
internal_weight=24297 287 24010 766 23244 6380 4209 2551 1341 1210 1147 1133 1054 576 478 367 111 340 415 207 89 519 476 2171 16864 106 16758 11702 258 11444
internal_count=24297 287 24010 766 23244 6380 4209 2551 1341 1210 1147 1133 1054 576 478 367 111 340 415 207 89 519 476 2171 16864 106 16758 11702 258 11444
is_linear=0
shrinkage=0.05


Tree=82
num_leaves=31
num_cat=0
split_feature=11 8 0 9 12 12 12 13 10 13 13 12 10 8 12 11 14 0 14 13 11 11 11 0 11 0 11 11 11 12
split_gain=16.2101 14.858 8.53069 8.1581 11.6804 10.0155 15.0858 14.6609 22.9845 22.1674 24.2145 19.2331 12.4524 11.5935 11.4829 11.1731 15.5919 10.5376 12.9126 10.3625 14.6367 10.876 14.1437 13.811 17.5664 9.90622 9.39169 16.9521 11.3511 15.8145
threshold=62.336055755615241 -0.8588166832923888 942.00000000000011 4.5000000000000009 62.830816268920906 49.273948669433601 49.381553649902351 88.409530639648452 4.5000000000000009 93.412864685058608 107.48803329467775 55.319793701171882 3.5000000000000004 -0.89918255805969227 61.031497955322273 49.262044906616218 14.618633747100832 42.500000000000007 22.376512527465824 42.91651916503907 48.756807327270515 50.74879455566407 50.670743942260749 29.500000000000004 25.946270942687992 12.500000000000002 35.201740264892585 32.98573303222657 48.010095596313484 48.434839248657234
decision_type=2 2 2 2 2 2 2 2 2 2 2 2 2 2 2 2 2 2 2 2 2 2 2 2 2 2 2 2 2 2
left_child=3 -2 -3 4 5 26 -7 13 9 15 17 -10 -12 -8 19 -9 -17 18 25 20 -15 22 23 24 -21 -11 27 -1 -28 -30
right_child=1 2 -4 -5 -6 6 7 8 11 10 12 -13 -14 14 -16 16 -18 -19 -20 21 -22 -23 -24 -25 -26 -27 28 -29 29 -31
leaf_value=-0.10327289026318028 -0.26477984568849139 -0.17575443263663004 -0.052071743809914042 0.14588353832399578 -1.6655851662032484 0.72799532974090975 0.68118989806437225 1.6588116377353399 -0.54497414120325516 0.51364640382287807 0.013049010710876718 0.054162467596040646 -0.56921100053511842 0.5288478298932574 0.9570619663149138 0.78446167527489452 -0.54122772059199231 0.72975201362368414 0.34261436364220971 -1.1697286882206031 8.7340952608971048 -0.72847527851062432 0.80010381007467191 0.28486032169524045 -0.30386154199208931 -0.086496915800166371 -0.35776372021781211 0.57543474023643881 0.031852661089672198 -0.30095288828796352
leaf_weight=3040 40 212 35 6469 37 278 839 26 87 21 36 34 36 199 48 28 80 53 41 34 63 856 32 1875 484 89 2632 1351 4450 792
leaf_count=3040 40 212 35 6469 37 278 839 26 87 21 36 34 36 199 48 28 80 53 41 34 63 856 32 1875 484 89 2632 1351 4450 792
internal_value=0.000141992 -0.0116684 -0.00708215 0.000283214 -0.000276493 -0.000217092 0.00161287 0.000977606 -0.00687253 -0.00121921 0.00688156 -0.0260116 -0.0180305 0.00191869 0.000682242 -0.0178971 -0.0249769 0.0156786 0.00893448 0.000352798 0.00991988 -0.000411447 0.00129892 0.000856629 -0.00636943 0 -0.000998769 0.000854 -0.00203198 -0.000686748
internal_weight=24297 287 247 24010 17541 17504 5239 4961 531 410 276 121 72 4430 3591 134 108 204 151 3543 262 3281 2425 2393 518 110 12265 4391 7874 5242
internal_count=24297 287 247 24010 17541 17504 5239 4961 531 410 276 121 72 4430 3591 134 108 204 151 3543 262 3281 2425 2393 518 110 12265 4391 7874 5242
is_linear=0
shrinkage=0.05


Tree=83
num_leaves=31
num_cat=0
split_feature=11 12 13 12 14 10 1 1 12 12 7 14 12 0 14 0 11 12 11 0 1 12 11 11 12 1 13 11 14 3
split_gain=13.5717 7.42446 10.1665 13.8118 11.6484 9.94349 9.90537 12.9678 12.6106 12.1582 9.17346 18.0607 21.0783 16.7224 18.7256 16.0946 12.0485 11.9216 11.2824 11.5746 10.9943 9.72331 16.0252 26.0124 18.5792 11.8457 10.8149 11.0592 14.3671 9.52561
threshold=62.336055755615241 23.848025321960453 35.299472808837898 47.488933563232429 39.175371170043952 3.5000000000000004 9.5000000000000018 4.5000000000000009 27.133479118347172 36.073661804199226 1.0000000180025095e-35 75.095962524414077 26.233273506164554 84.500000000000014 220.46801757812503 168.50000000000003 22.894024848937992 31.55070781707764 53.000440597534187 397.50000000000006 5.5000000000000009 48.542791366577156 36.26329421997071 48.708337783813484 36.734548568725593 2.5000000000000004 71.510334014892592 48.948131561279304 118.76640701293947 1.0000000180025095e-35
decision_type=2 2 2 2 2 2 2 2 2 2 2 2 2 2 2 2 2 2 2 2 2 2 2 2 2 2 2 2 2 2
left_child=1 5 3 4 6 -1 7 -3 -8 -10 15 18 -13 -14 17 -4 -17 -15 19 29 21 22 25 24 -24 -18 -23 28 -28 -12
right_child=-2 2 10 -5 -6 -7 8 -9 9 -11 11 12 13 14 -16 16 20 -19 -20 -21 -22 26 23 -25 -26 -27 27 -29 -30 -31
leaf_value=0.35381215370299623 -0.12485777808982733 0.042147472930126995 -0.0082943355747339357 3.1683103003587578 0.62966584495957445 -1.4025967489908606 -4.8417991462177712 -3.6086688685476052 1.4338311010518563 -3.5689230495517239 -0.76514231226845064 4.2118884828667298 0.71835849134100549 -3.1019913617767174 -4.5986915697338899 -7.9880367378817825 -1.758189115907355 0.1323642067732623 -5.6461413259740851 -4.5175501696644709 -0.91162495757860862 -0.28109049895870086 2.716406995161563 1.0637325281877252 3.4863789898823527 1.3198121381934833 2.0141731944995711 0.012871275531445292 -0.30772397102605853 2.1508512539698059
leaf_weight=151 287 277 12581 494 1976 291 38 278 165 25 948 97 979 174 323 23 207 1181 206 238 505 894 221 579 148 357 209 320 96 29
leaf_count=151 287 277 12581 494 1976 291 38 278 165 25 948 97 979 174 323 23 207 1181 206 238 505 894 221 579 148 357 209 320 96 29
internal_value=0.000183149 0.000312369 0.000432788 0.00302788 0.00164909 -0.00610722 -0.00351168 -0.00711583 0.00526085 0.0105208 1.72286e-05 -0.00207181 0.000290476 -0.000545708 -0.00357547 0.000557617 0.00352617 -0.000996236 -0.00664978 -0.00481442 0.00376121 0.00489921 0.00773758 0.0117076 0.0220807 0.00106364 0.0020736 0.00711886 0.0139299 -0.00240508
internal_weight=24297 24010 23568 3253 2759 442 783 555 228 190 20315 4175 2754 2657 1678 16140 3559 1355 1421 1215 3536 3031 1512 948 369 564 1519 625 305 977
internal_count=24297 24010 23568 3253 2759 442 783 555 228 190 20315 4175 2754 2657 1678 16140 3559 1355 1421 1215 3536 3031 1512 948 369 564 1519 625 305 977
is_linear=0
shrinkage=0.05


Tree=84
num_leaves=31
num_cat=0
split_feature=11 8 0 13 13 8 14 12 0 8 14 1 12 12 14 12 14 1 13 14 11 11 11 8 8 8 8 11 11 13
split_gain=13.6235 8.85472 8.53069 7.01207 7.98526 6.77683 9.32369 8.70737 9.99628 9.16044 8.23303 10.4296 9.77333 10.2088 8.5837 8.19986 8.93844 7.52409 7.64469 19.066 12.1647 28.0835 25.8227 11.9459 13.0178 14.3795 12.5497 12.0182 17.547 17.548
threshold=62.336055755615241 -0.8588166832923888 942.00000000000011 75.041618347167983 38.925004959106452 -0.98357626795768727 41.059576034545906 55.319793701171882 5.5000000000000009 -0.99645689129829396 2.9255985021591191 12.500000000000002 60.742162704467781 57.477209091186531 1.8548100590705874 32.599647521972663 1.9439529776573183 33.500000000000007 80.965160369873061 10.49367666244507 54.034259796142585 52.485607147216804 54.83717346191407 0.074271079152822508 0.052864462137222297 0.055867666378617294 0.083602152764797225 48.928390502929695 35.711551666259773 92.21045303344728
decision_type=2 2 2 2 2 2 2 2 2 2 2 2 2 2 2 2 2 2 2 2 2 2 2 2 2 2 2 2 2 2
left_child=5 -2 3 4 -3 6 7 8 9 -1 11 12 13 14 -7 16 -16 18 -12 -20 21 23 -22 24 -21 -26 -25 28 -28 -30
right_child=1 2 -4 -5 -6 10 -8 -9 -10 -11 17 -13 -14 -15 15 -17 -18 -19 19 20 22 -23 -24 26 25 -27 27 -29 29 -31
leaf_value=3.3339760800164941 -0.24529796449957644 3.9566068594663877 -0.043225267714927899 0.1665701827574477 -2.9883383794180602 0.053421310617029864 -0.15495109554506428 -2.1693250584141426 2.6216761411715703 -0.13107271540103085 0.067107460896279753 -2.002713741213487 1.1062630621697622 -2.3444615562799949 -4.070120844032675 -0.65223764400815021 2.9930261136987584 -4.7285871531507082 0.25250024974805552 -0.064242204205628192 -0.39992183517070751 0.18374577435444053 -0.10646630063988383 -0.67142789664713076 0.75035094170008354 0.070722026994751275 -0.41065824939822027 -0.23430414914260275 0.47664753534708598 -0.23600145839401654
leaf_weight=41 40 21 35 93 98 409 247 43 222 213 20524 78 29 26 25 416 39 23 316 362 54 137 160 45 23 85 56 295 92 50
leaf_count=41 40 21 35 93 98 409 247 43 222 213 20524 78 29 26 25 416 39 23 316 362 54 137 160 45 23 85 56 295 92 50
internal_value=0.000203728 -0.0106235 -0.00708215 -0.00330033 -0.011335 0.000333193 0.00496019 0.00876517 0.010712 0.00393546 0.000180691 -0.00420702 -0.00275395 -0.0036608 -0.0027556 -0.00729015 0.00936037 0.000382502 0.000412179 -0.00283565 -0.00540799 -0.00336215 -0.0163475 -0.00624938 -0.000425441 0.0148011 -0.0113362 -0.00902454 0.000504796 0.00985222
internal_weight=24297 287 247 212 119 24010 766 519 476 254 23244 1022 944 915 889 480 64 22222 22199 1675 1359 1145 214 1008 470 108 538 493 198 142
internal_count=24297 287 247 212 119 24010 766 519 476 254 23244 1022 944 915 889 480 64 22222 22199 1675 1359 1145 214 1008 470 108 538 493 198 142
is_linear=0
shrinkage=0.05


Tree=85
num_leaves=31
num_cat=0
split_feature=11 13 1 12 5 0 12 13 2 13 13 12 13 13 11 12 11 3 12 12 12 13 1 13 8 8 12 0 12 0
split_gain=11.4401 11.2758 9.0542 8.07438 11.6365 7.92813 7.04708 31.2336 25.5962 15.4885 13.4412 15.5805 22.9697 15.0384 18.5667 13.4083 11.3955 10.4852 10.1674 13.661 13.6354 10.0094 21.6492 30.8161 20.9186 19.3258 30.9058 13.7587 23.5802 15.8149
threshold=62.336055755615241 83.201320648193374 4.5000000000000009 62.830816268920906 1.0000000180025095e-35 5396.0000000000009 38.754013061523445 47.998800277709968 1.0000000180025095e-35 62.040716171264656 63.63823318481446 47.620552062988288 81.799480438232436 65.922466278076186 51.073541641235359 57.766939163208015 58.425312042236335 1.0000000180025095e-35 54.450002670288093 53.599163055419929 55.319793701171882 47.998800277709968 1.0000000180025095e-35 55.668424606323249 0.22540321946144107 0.048003071919083602 27.454639434814457 29.500000000000004 25.4909200668335 25.500000000000004
decision_type=2 2 2 2 2 2 2 2 2 2 2 2 2 2 2 2 2 2 2 2 2 2 2 2 2 2 2 2 2 2
left_child=3 2 -2 5 -5 6 21 8 15 18 17 12 -12 14 -13 -8 -16 -11 19 -9 -20 -1 23 24 -23 26 -25 28 -27 -30
right_child=1 -3 -4 4 -6 -7 7 9 -10 10 11 13 -14 -15 16 -17 -18 -19 20 -21 -22 22 -24 25 -26 27 -28 -29 29 -31
leaf_value=-0.32731466429185502 -0.13708312076761189 0.04935801820675572 -0.30603239278722755 0.093001631913517277 -6.1038219437817673 2.8771783260797421 0.40974504212646184 -0.49341572692720637 4.6314041500359595 1.1903756110462465 1.6868819062980791 -0.55519144865341308 -0.57808602849235668 0.038186138811892791 -6.788185332811854 10.192678529815769 4.4911705153201229 2.2651108308224912 2.1463351419703929 -10.202323200788335 0.014322363148101909 0.61672816436711109 0.44820135946001366 -0.47947453684757452 -0.84509785909190216 0.48175034791883853 0.28996303633481357 -0.72323149200004488 -0.3692131521644399 0.082722349760965846
leaf_weight=7282 107 67 117 40 27 40 975 3399 537 534 254 699 34 5764 153 26 20 78 90 27 298 112 2876 31 27 24 80 90 301 129
leaf_count=7282 107 67 117 40 27 40 975 3399 537 534 254 699 34 5764 153 26 20 78 90 27 298 112 2876 31 27 24 80 90 301 129
internal_value=6.1886e-05 -0.00979045 -0.0151718 0.00018165 -0.0171386 0.000230317 0.000192952 0.000985405 0.0076718 7.92945e-05 0.00139329 0.000765442 0.0121486 0.000271244 -0.00584795 0.00294676 -0.0205084 0.00849534 -0.00251698 -0.00338577 0.00515331 -0.000739584 0.00138961 -0.00591865 0.0154565 -0.0104564 0.00855086 -0.0143356 -0.0107906 -0.0134852
internal_weight=24238 291 224 23947 67 23880 23840 12888 1538 11350 7536 6924 288 6636 872 1001 173 612 3814 3426 388 10952 3670 794 139 655 111 544 454 430
internal_count=24238 291 224 23947 67 23880 23840 12888 1538 11350 7536 6924 288 6636 872 1001 173 612 3814 3426 388 10952 3670 794 139 655 111 544 454 430
is_linear=0
shrinkage=0.05


Tree=86
num_leaves=31
num_cat=0
split_feature=11 13 1 12 5 1 12 13 11 11 13 9 10 12 13 0 9 14 11 8 11 10 11 12 2 0 11 12 12 13
split_gain=11.4113 11.2758 9.0542 8.06271 11.6365 6.72871 16.4923 12.049 9.00523 16.2333 19.8846 18.0939 14.0016 13.8909 13.0297 14.895 12.2859 10.1622 9.1241 8.63013 11.8122 8.5485 8.05977 13.44 12.7071 11.2228 10.9079 12.6662 11.0463 16.2716
threshold=62.336055755615241 83.201320648193374 4.5000000000000009 62.830816268920906 1.0000000180025095e-35 13.500000000000002 27.454639434814457 71.93750381469728 55.142854690551765 54.034259796142585 84.021179199218764 3.5000000000000004 3.5000000000000004 54.857147216796882 103.72949600219728 27.500000000000004 1.5000000000000002 44.750740051269538 55.622457504272468 -0.69972676038742054 59.11174392700196 4.5000000000000009 49.101196289062507 25.849575996398929 1.0000000180025095e-35 52.500000000000007 50.005039215087898 61.499998092651374 50.024980545043952 90.406482696533217
decision_type=2 2 2 2 2 2 2 2 2 2 2 2 2 2 2 2 2 2 2 2 2 2 2 2 2 2 2 2 2 2
left_child=3 2 -2 5 -5 8 -7 -8 9 22 12 -12 -11 14 15 18 -17 -16 -10 20 -20 -9 -1 24 25 -24 28 -28 -25 -30
right_child=1 -3 -4 4 -6 6 7 21 13 10 11 -13 -14 -15 17 16 -18 -19 19 -21 -22 -23 23 26 -26 -27 27 -29 29 -31
leaf_value=0.076277470845605683 -0.13022896472923123 0.046890117296418059 -0.29073077314786605 0.088351550317841282 -5.7986308465926788 -2.0643427816173077 -0.27244306087104481 0.86069191447872562 1.3163960718330985 1.5838014932218052 -0.53904211609072072 -0.060634467524184291 -0.7443335519269042 0.88021431764169089 -0.54901921663472231 -2.2328475909728067 0.33310090680515575 0.029346244503217989 -2.044694058299608 0.64499571448277992 2.479755433265094 0.080785109117255172 1.2565177725527947 -0.62627418452800221 9.393993160215425 -3.825954588313583 -0.010948744466367089 0.88719478730602541 0.6111254051686329 -0.15958773722605279
leaf_weight=15210 107 67 117 40 27 103 753 31 58 64 51 40 288 126 37 88 1150 21 103 117 44 57 21 1362 79 39 3356 46 438 198
leaf_count=15210 107 67 117 40 27 103 753 31 58 64 51 40 288 126 37 88 1150 21 103 117 44 57 21 1362 79 39 3356 46 438 198
internal_value=4.95088e-05 -0.00979045 -0.0151718 0.000169123 -0.0171386 0.000217755 -0.00391908 -0.00160504 0.000388035 0.000103812 -0.00936583 -0.0301866 -0.00397614 0.00384152 0.00259564 0.00346132 0.000969227 -0.020654 0.0130394 0.00908747 0.00101971 0.015891 0.000306037 -0.00132693 0.0140187 -0.00332779 -0.00172219 0 -0.00465442 0.00078604
internal_weight=24238 291 224 23947 67 23880 944 841 22936 21192 443 91 352 1744 1618 1560 1238 58 322 264 147 88 20749 5539 139 60 5400 3402 1998 636
internal_count=24238 291 224 23947 67 23880 944 841 22936 21192 443 91 352 1744 1618 1560 1238 58 322 264 147 88 20749 5539 139 60 5400 3402 1998 636
is_linear=0
shrinkage=0.05


Tree=87
num_leaves=31
num_cat=0
split_feature=11 13 1 12 11 0 0 13 13 1 0 11 12 0 13 12 12 8 8 14 12 2 7 0 14 14 0 14 12 8
split_gain=9.98948 10.4312 10.6588 6.9318 8.64873 9.34589 8.72688 17.4217 7.33462 7.6052 7.96059 6.67096 6.56275 14.4776 11.1119 7.89748 15.1247 12.0278 11.0213 10.6276 7.57827 11.9836 7.63803 27.2819 17.8577 21.0213 16.871 15.686 13.4201 13.3651
threshold=62.336055755615241 83.201320648193374 4.5000000000000009 23.848025321960453 22.894024848937992 343.50000000000006 12.500000000000002 35.299472808837898 13.382874965667726 4.5000000000000009 146.50000000000003 37.867317199707038 24.19721603393555 359.50000000000006 41.445154190063484 25.056118011474613 25.4909200668335 -0.61451989412307728 0.1108016110956669 205.90371704101565 25.810338020324711 1.0000000180025095e-35 1.0000000180025095e-35 63.500000000000007 205.90371704101565 68.768852233886733 178.50000000000003 151.01319122314456 62.336055755615241 -0.61451989412307728
decision_type=2 2 2 2 2 2 2 2 2 2 2 2 2 2 2 2 2 2 2 2 2 2 2 2 2 2 2 2 2 2
left_child=3 2 -2 4 -1 6 7 -6 9 11 -11 -5 13 14 -10 18 17 -17 -14 -19 21 -18 26 27 25 -25 -22 -24 29 -28
right_child=1 -3 -4 8 5 -7 -8 -9 12 10 -12 -13 15 -15 -16 16 20 19 -20 -21 22 -23 23 24 -26 -27 28 -29 -30 -31
leaf_value=2.3540709853757891 -0.12371751649276917 0.044545611431597014 -0.27619423449047248 3.146018021290462 -2.8014256501144779 4.3313575517275229 -1.3728650910588713 1.2047918519444871 -2.7119324260240365 1.8374160043475756 -2.0331093530786992 6.8820017922466254 -0.0056175641617961965 9.7008453147931615 3.6741059558980447 -3.307947616376778 0.037504464794155729 4.215897698904274 -2.5664876512345245 -1.2478220791033099 -0.0075688340623131017 -5.8482119537900887 0.051292246256716467 -2.1439925166873368 -3.5639905075331257 0.098089497741181808 1.6136189115397899 1.2143823949775872 -0.2519368066159352 0.64764367126695854
leaf_weight=23 107 67 117 59 24 90 284 22 66 100 85 37 99 32 43 36 29 173 62 30 13351 30 1155 1174 614 2156 352 591 50 3180
leaf_count=23 107 67 117 59 24 90 284 22 66 100 85 37 99 32 43 36 29 173 62 30 13351 30 1155 1174 614 2156 352 591 50 3180
internal_value=0.000103143 -0.0091034 -0.0142793 0.000215057 -0.00598059 -0.00761723 -0.0115117 0.00867679 0.000331857 0.00836001 0.00243112 0.0197711 0.00023468 0.0109851 0.00229148 0.000168962 0.000246498 0.0127562 -0.0108628 0.0174791 0.000114628 -0.0177665 0.00016134 -0.00142353 -0.00372709 -0.00228221 0.000693907 0.00377985 0.00374082 0.00410521
internal_weight=24238 291 224 23947 443 420 330 46 23504 281 185 96 23223 141 109 23082 22921 239 161 203 22682 59 22623 5690 3944 3330 16933 1746 3582 3532
internal_count=24238 291 224 23947 443 420 330 46 23504 281 185 96 23223 141 109 23082 22921 239 161 203 22682 59 22623 5690 3944 3330 16933 1746 3582 3532
is_linear=0
shrinkage=0.05


Tree=88
num_leaves=31
num_cat=0
split_feature=11 13 1 12 0 0 13 13 4 0 8 0 10 11 11 13 12 12 11 12 12 12 11 11 0 7 12 0 8 0
split_gain=9.9537 10.4312 10.6588 6.40004 7.64476 8.54288 11.8516 7.37354 7.70521 12.9043 16.3676 17.1212 11.7294 12.4967 13.7376 10.8526 13.6019 15.2483 10.6148 10.5245 23.6085 12.8542 11.8987 15.2329 11.6146 10.3568 13.3727 14.7011 22.3805 12.5554
threshold=62.336055755615241 83.201320648193374 4.5000000000000009 23.848025321960453 343.50000000000006 23.500000000000004 41.445154190063484 13.382874965667726 1.0000000180025095e-35 296.50000000000006 0.90504369139671337 766.50000000000011 2.5000000000000004 25.250650405883793 51.28924751281739 35.299472808837898 47.620552062988288 37.773851394653327 56.310926437377937 25.235399246215824 24.779572486877445 32.32586860656739 32.18438911437989 35.111595153808601 189.50000000000003 1.0000000180025095e-35 24.19721603393555 132.50000000000003 0.99803149700164806 50.500000000000007
decision_type=2 2 2 2 2 2 2 2 2 2 2 2 2 2 2 2 2 2 2 2 2 2 2 2 2 2 2 2 2 2
left_child=3 2 -2 4 5 6 -1 -5 12 -10 11 -11 13 -9 -15 16 17 19 -12 20 24 -21 -23 -24 -14 29 -27 -28 -29 -17
right_child=1 -3 -4 7 -6 -7 -8 8 9 10 18 -13 15 14 -16 25 -18 -19 -20 21 -22 22 23 -25 -26 26 27 28 -30 -31
leaf_value=-0.90526226230568629 -0.11753164066813043 0.042318330860017288 -0.2623845227659487 2.0454169787122289 4.6904599379739143 -1.4520180122466195 1.0309846339197883 -1.0066313455623028 -0.050789766559434527 -2.844799981440822 -1.272234928118978 -30.974216759481575 -2.9935540208757203 -0.012731224391580122 -0.54145388423874985 -0.010766591421876727 6.3375254457085166 -5.2961599394125933 6.9556065347384184 -0.5809687613771809 6.0714697587418414 -0.53999176341685529 1.3988190139231109 1.903026605581954 7.2998324012947808 21.003909316291686 0.21242817540520501 -10.707724568767327 -1.4607635168822624 0.42734690686706217
leaf_weight=54 107 67 117 281 93 266 30 41 3923 230 693 53 29 1410 336 7482 117 44 35 467 59 124 93 311 29 24 676 131 391 6525
leaf_count=54 107 67 117 281 93 266 30 41 3923 230 693 53 29 1410 336 7482 117 44 35 467 59 124 93 311 29 24 676 131 391 6525
internal_value=8.66405e-05 -0.0091034 -0.0142793 0.000198354 -0.00575491 -0.00914025 0.00475624 0.000310584 0.00021315 -0.0015403 -0.006577 -0.0167785 0.000686201 -0.00316155 -0.0025199 0.00110289 0.00553766 0.0038924 -0.00260953 0.00503552 0.0192143 0.0033665 0.00871047 0.0128681 -0.00344234 0.000732151 -0.00368219 -0.00442367 -0.0107259 0.00111729
internal_weight=24238 291 224 23947 443 350 84 23504 23223 4934 1011 283 18289 1787 1746 16502 1273 1156 728 1112 117 995 528 404 58 15229 1222 1198 522 14007
internal_count=24238 291 224 23947 443 350 84 23504 23223 4934 1011 283 18289 1787 1746 16502 1273 1156 728 1112 117 995 528 404 58 15229 1222 1198 522 14007
is_linear=0
shrinkage=0.05


Tree=89
num_leaves=31
num_cat=0
split_feature=11 13 1 13 8 1 12 14 13 12 14 14 14 0 13 14 0 14 8 2 0 10 8 7 8 0 12 14 1 14
split_gain=7.28352 8.84066 14.2594 13.3189 9.56549 6.3847 10.582 8.17758 8.73041 9.79049 8.64015 8.46382 7.49998 8.40658 7.24626 16.0586 18.1811 17.9477 15.8373 12.9179 12.9921 11.8853 12.141 11.7516 17.7525 12.8009 13.0139 12.97 11.5215 11.3739
threshold=62.336055755615241 83.201320648193374 4.5000000000000009 70.523578643798842 0.16699092090129855 13.500000000000002 27.454639434814457 0.97519949078559887 69.996517181396499 35.660881042480476 6.8018774986267099 10.814889430999758 1217.7867431640627 68.500000000000014 33.113262176513679 201.7736740112305 68.500000000000014 101.93232727050783 0.077254641801118865 1.0000000180025095e-35 47.500000000000007 3.5000000000000004 -0.89503732323646534 1.0000000180025095e-35 -0.018140682950615879 171.50000000000003 62.336055755615241 100.83376312255861 5.5000000000000009 75.095962524414077
decision_type=2 2 2 2 2 2 2 2 2 2 2 2 2 2 2 2 2 2 2 2 2 2 2 2 2 2 2 2 2 2
left_child=5 2 -2 4 -4 14 -7 -8 9 10 -9 -10 13 -12 15 17 -17 21 -19 -20 -21 -1 -23 25 -25 -16 27 28 -27 -26
right_child=1 -3 3 -5 -6 6 7 8 11 -11 12 -13 -14 -15 23 16 -18 18 19 20 -22 22 -24 24 29 26 -28 -29 -30 -31
leaf_value=1.3696939450314023 -0.11165505863472447 0.04020241431701628 -3.6324339251351621 0.077412263937895895 1.4239544774467747 -1.8229895329072692 -1.9094110095127121 -1.4088911895298979 0.91468085024322621 -0.99409734347754408 0.99055741688079957 0.23394878361996341 -0.36783651110507204 -3.0307082283043587 -0.0043350905050047574 0.76287226851715495 -3.6854503535743088 -0.79341020179607158 1.8992776263395799 7.6421432069708217 4.5826933988814478 4.9073724558720855 -1.2545964298512071 0.74686895911659468 -1.7793430941252464 1.4367479400910925 -0.26070731162849159 -0.046623541311135955 -1.1531702698380168 -0.40129306864291864
leaf_weight=415 107 67 47 21 49 103 28 52 28 450 153 87 22 27 12307 136 220 186 376 44 312 118 836 157 1456 1873 50 1346 300 2865
leaf_count=415 107 67 47 21 49 103 28 52 28 450 153 87 22 27 12307 136 220 186 376 44 312 118 836 157 1456 1873 50 1346 300 2865
internal_value=0.000132024 -0.0077293 -0.0124944 -0.000426985 -0.00832466 0.000227585 -0.00378907 -0.00194782 -0.00103772 -0.00312456 0.00472255 0.0117289 0.00940129 0.0127707 0.000393528 0.00285649 -0.0070205 0.00439421 0.00980285 0.013113 0.0199382 0.000766927 -0.00230584 7.36952e-05 -0.00218843 0.000711762 0.00334818 0.00370833 0.00609728 -0.00278864
internal_weight=24238 291 224 117 96 23947 950 847 819 704 254 115 202 180 22997 2643 356 2287 918 732 356 1369 954 20354 4478 15876 3569 3519 2173 4321
internal_count=24238 291 224 117 96 23947 950 847 819 704 254 115 202 180 22997 2643 356 2287 918 732 356 1369 954 20354 4478 15876 3569 3519 2173 4321
is_linear=0
shrinkage=0.05


Tree=90
num_leaves=31
num_cat=0
split_feature=12 13 12 8 11 13 13 13 13 8 9 11 1 12 4 8 0 12 13 13 8 8 0 13 14 11 13 0 11 14
split_gain=6.85952 22.5129 16.5799 16.4309 16.2968 23.4639 17.4587 14.5459 27.7557 18.2729 13.0334 9.71102 12.1139 10.104 9.52283 10.4096 13.7024 8.89527 14.242 10.3856 21.9 16.4278 11.4002 9.13793 8.36897 8.23482 9.01126 8.00445 7.89502 7.88631
threshold=34.706089019775398 34.443407058715827 34.766277313232429 0.57192289829254161 34.766277313232429 61.39555740356446 59.364721298217781 62.656835556030281 48.855197906494148 -0.89918255805969227 3.5000000000000004 36.418828964233406 4.5000000000000009 33.592111587524421 1.0000000180025095e-35 0.99803149700164806 242.50000000000003 32.32586860656739 80.424057006835952 73.240478515625014 0.043651482090353973 0.071247283369302764 28.500000000000004 66.61771392822267 41.059576034545906 35.80696105957032 19.224151611328129 13.500000000000002 49.360107421875007 156.88997650146487
decision_type=2 2 2 2 2 2 2 2 2 2 2 2 2 2 2 2 2 2 2 2 2 2 2 2 2 2 2 2 2 2
left_child=4 2 3 -2 5 6 -1 8 11 -10 -7 25 13 29 15 16 -11 19 -19 21 -21 -9 23 27 -8 26 -6 -23 -15 -13
right_child=1 -3 -4 -5 7 10 24 17 9 14 -12 12 -14 28 -16 -17 -18 18 -20 20 -22 22 -24 -25 -26 -27 -28 -29 -30 -31
leaf_value=0.22913497827935567 -1.1368347576021811 0.0082569409666479743 1.6994869840675584 9.307876703564796 8.229859163720338 0.92067791922060493 -0.29102318438784386 -0.69584768351050608 -8.003593880341505 0.58737270472810799 -0.95999055619898521 1.8577537886755104 -1.384256324376687 -1.9616663214318224 -2.5273609084241864 2.265007035717113 -13.684627428749517 0.50184512916199486 -0.36509798852505926 0.5883975650700759 -0.32592094586735687 0.018029969984059948 -0.47804558942886599 0.081075740409377775 -1.0622265652393386 -4.9227865691195021 -2.4958520239008672 -0.59371240293687044 -10.491994121731551 -0.94170270600807826
leaf_weight=1766 24 16612 1186 51 28 72 28 64 42 465 26 504 1947 92 80 256 23 78 32 27 51 21 34 56 27 176 253 27 27 198
leaf_count=1766 24 16612 1186 51 28 72 28 64 42 465 26 504 1947 92 80 256 23 78 32 27 51 21 34 56 27 176 253 27 27 198
internal_value=0.000232768 0.000735743 0.00717627 0.0299601 -0.00117186 0.00268355 0.00140025 -0.00282297 -0.00194324 0.00600393 0.0265036 -0.00407739 -0.00296232 0.00213129 0.0076447 0.00940734 0.0051219 -0.0120482 0 -0.0167797 -0.00128041 -0.022761 -0.013034 -0.00480307 -0.0263158 -0.0108291 -0.00551405 -0.02079 -0.011335 0.00441533
internal_weight=24273 17873 1261 75 6400 1919 1821 4481 4091 866 98 3225 2768 821 824 744 488 390 110 280 78 202 138 104 55 457 281 48 119 702
internal_count=24273 17873 1261 75 6400 1919 1821 4481 4091 866 98 3225 2768 821 824 744 488 390 110 280 78 202 138 104 55 457 281 48 119 702
is_linear=0
shrinkage=0.05


Tree=91
num_leaves=31
num_cat=0
split_feature=12 13 12 0 11 13 13 12 13 13 8 12 11 11 14 8 11 1 12 11 13 14 12 11 8 14 14 14 0 1
split_gain=6.65981 21.0693 15.0263 17.7042 14.5823 19.9965 17.3206 14.4599 14.0238 23.3971 17.6225 11.7606 13.0088 13.3095 9.34177 14.6352 9.17362 10.5572 9.92211 9.10715 8.54065 8.36897 8.11546 7.89502 7.86782 7.72182 7.08727 9.55417 9.55038 7.6751
threshold=34.706089019775398 34.443407058715827 34.766277313232429 39.500000000000007 34.766277313232429 61.39555740356446 59.364721298217781 33.592111587524421 62.656835556030281 48.855197906494148 -0.89918255805969227 30.003054618835453 35.711551666259773 53.000440597534187 20.587439537048343 0.041801076382398612 36.418828964233406 4.5000000000000009 33.592111587524421 35.80696105957032 19.224151611328129 41.059576034545906 34.206871032714851 49.360107421875007 -0.93363565206527699 1217.7867431640627 239.26496124267581 69.463485717773452 71.500000000000014 5.5000000000000009
decision_type=2 2 2 2 2 2 2 2 2 2 2 2 2 2 2 2 2 2 2 2 2 2 2 2 2 2 2 2 2 2
left_child=4 2 3 -2 5 6 -1 -7 9 16 -11 14 -13 -14 15 -10 19 18 -18 20 -6 -8 -12 -20 -3 -26 27 29 -28 -4
right_child=1 24 26 -5 8 7 21 -9 11 10 22 12 13 -15 -16 -17 17 -19 23 -21 -22 -23 -24 -25 25 -27 28 -29 -30 -31
leaf_value=0.21767822936538794 -1.0799930197220722 0.40855443469847474 2.0981889637794602 9.070559802128912 7.8183662055343213 0.98788827928638079 -0.27647202516845154 -0.0049635016738470488 -0.96845377682766665 -7.6034141863244304 1.2525652116065118 -0.81105529933498066 0.065666680907076017 -0.60791722906586054 -0.50267406751307442 0.017128471484856966 1.1374618683783204 -1.3150435081578526 -1.8635830053602309 -4.6766472406635264 -2.3710594227058239 -1.0091152369773717 -4.0198456693706701 -9.967394415644975 -0.0045311830280866166 -1.0152482940426908 2.5467345474178305 3.0524185929160761 -8.3562650135960617 -2.3733984824774841
leaf_weight=1766 22 2032 282 53 28 66 28 32 27 42 795 35 166 33 67 62 702 1947 92 176 253 27 29 27 14450 130 35 598 41 230
leaf_count=1766 22 2032 282 53 28 66 28 32 27 42 795 35 166 33 67 62 702 1947 92 176 253 27 29 27 14450 130 35 598 41 230
internal_value=0.000212169 0.000707768 0.00693839 0.0286285 -0.00117186 0.00247512 0.00129043 0.0244648 -0.0027337 -0.00186991 0.00542663 -0.0117918 -0.00469885 0.00025113 -0.0224215 -0.0117845 -0.00382934 -0.00274557 0.0020095 -0.0103916 -0.00480256 -0.0263158 0.00703798 -0.011335 0.000234769 -0.000171467 0.00556445 0.00657598 -0.00919842 0.00156219
internal_weight=24273 17873 1261 75 6400 1919 1821 98 4481 4091 866 390 234 199 156 89 3225 2768 821 457 281 55 824 119 16612 14580 1186 1110 76 512
internal_count=24273 17873 1261 75 6400 1919 1821 98 4481 4091 866 390 234 199 156 89 3225 2768 821 457 281 55 824 119 16612 14580 1186 1110 76 512
is_linear=0
shrinkage=0.05


Tree=92
num_leaves=31
num_cat=0
split_feature=13 12 11 11 13 11 0 12 14 14 12 0 10 12 12 2 14 0 12 13 11 11 5 11 13 11 11 9 8 12
split_gain=6.23356 17.0725 13.5446 15.1502 14.4669 12.5912 9.84111 8.1959 14.586 11.9659 11.2127 7.22631 7.17822 13.0047 8.82571 7.59525 6.93197 6.71406 8.89281 8.14343 8.01259 7.9922 6.80998 6.55189 12.0745 6.34216 8.16387 6.2617 6.7826 6.22127
threshold=35.299472808837898 34.100557327270515 52.108533859252937 53.000440597534187 31.602046966552738 55.22181701660157 525.50000000000011 34.206871032714851 239.26496124267581 160.07547760009768 34.766277313232429 71.500000000000014 4.5000000000000009 29.14305400848389 27.454639434814457 1.0000000180025095e-35 1887.367370605469 280.50000000000006 24.779572486877445 35.030492782592781 34.688907623291023 50.024980545043952 1.0000000180025095e-35 62.336055755615241 78.804431915283217 33.027761459350593 30.277065277099613 3.5000000000000004 -0.55314385890960682 38.147008895874031
decision_type=2 2 2 2 2 2 2 2 2 2 2 2 2 2 2 2 2 2 2 2 2 2 2 2 2 2 2 2 2 2
left_child=1 6 7 -4 5 -5 17 -3 9 -9 -11 -10 14 -14 15 -8 23 18 20 -20 25 22 -19 29 -25 26 -1 28 -6 -2
right_child=16 2 3 4 27 -7 12 8 11 10 -12 -13 13 -15 -16 -17 -18 21 19 -21 -22 -23 -24 24 -26 -27 -28 -29 -30 -31
leaf_value=0.12221710923309247 -0.10287815943471515 0.62436996134039269 8.578270681997969 -4.659187544970262 1.9853851638955946 2.2730793116586923 8.226558267320689 0.4635462181425794 0.58652467521898388 8.0889548782801111 3.6278385010037724 -10.572241648347918 9.0794305053131499 -0.41770460803871945 8.7673925988936645 -4.2351300379160532 -1.7559915409554834 -5.9670106107670691 0.17594662420345417 -3.1323252707587721 -3.3658779733157562 2.2879482524936221 1.2187861653625482 -0.30577151985249318 0.015041733854054939 2.5789104745960305 -7.9806655562571258 6.9291402728897893 -2.0319908562293634 0.028826170180588664
leaf_weight=99 7693 61 58 33 28 49 27 909 40 35 182 51 55 38 44 37 75 132 1341 26 116 38 44 157 122 36 49 25 24 12649
leaf_count=99 7693 61 58 33 28 49 27 909 40 35 182 51 55 38 44 37 75 132 1341 26 116 38 44 157 122 36 49 25 24 12649
internal_value=0.000183331 0.00211065 0.00618688 0.0177338 0.0097423 -0.00487211 -0.000816483 0.00422502 0.00332758 0.00488411 0.0154307 -0.0159166 0.00969667 0.0198711 0.000925069 -0.0109204 -0.000149787 -0.00194035 -0.000869774 0.000841197 -0.00866378 -0.0102756 -0.0147643 -9.45633e-05 -0.00770333 -0.00217273 -0.00675219 0.0252918 0.0153551 9.83183e-06
internal_weight=24273 3577 1495 217 159 82 2082 1278 1217 1126 217 91 201 93 108 64 20696 1881 1667 1367 300 214 176 20621 279 184 148 77 52 20342
internal_count=24273 3577 1495 217 159 82 2082 1278 1217 1126 217 91 201 93 108 64 20696 1881 1667 1367 300 214 176 20621 279 184 148 77 52 20342
is_linear=0
shrinkage=0.05


Tree=93
num_leaves=31
num_cat=0
split_feature=0 8 1 8 1 11 12 12 8 8 14 12 1 11 8 12 8 0 12 14 8 1 0 0 14 11 11 11 8 0
split_gain=4.83546 8.44551 8.41382 10.6055 5.74239 5.71835 6.31336 14.0453 5.25559 4.58607 5.81254 6.00138 4.5647 7.50541 4.44615 4.28825 14.2577 9.51368 8.5365 7.16192 7.03166 6.13291 15.39 25.8452 14.5416 13.9232 15.751 26.3428 13.8952 14.55
threshold=6.5000000000000009 -0.9793732464313506 6.5000000000000009 0.19082633405923846 3.5000000000000004 33.55232238769532 35.112834930419929 36.734548568725593 -0.88948822021484364 -0.92617508769035328 32.665130615234382 48.948131561279304 12.500000000000002 35.350015640258796 -0.98357626795768727 62.558259963989265 -0.37911385297775263 942.00000000000011 61.499998092651374 15.118330001831056 0.16287682950496676 1.0000000180025095e-35 28.500000000000004 72.500000000000014 20.587439537048343 52.378683090209968 37.056631088256843 32.883178710937507 0.1108016110956669 24.500000000000004
decision_type=2 2 2 2 2 2 2 2 2 2 2 2 2 2 2 2 2 2 2 2 2 2 2 2 2 2 2 2 2 2
left_child=2 12 3 4 -1 -4 14 -8 -6 -9 11 -11 -2 -14 -7 18 -17 19 21 -18 -21 22 24 -24 25 26 27 -3 29 -28
right_child=1 15 5 -5 8 6 7 9 -10 10 -12 -13 13 -15 -16 16 17 -19 -20 20 -22 -23 23 -25 -26 -27 28 -29 -30 -31
leaf_value=-3.682350107191958 1.4154220051186401 -0.016974591741977463 0.69695387465303704 0.40713290052806778 -1.0200528749126807 -0.048392908276417401 2.7906012967328522 -0.018229997125524734 -4.9990319926164943 -0.61502791968217674 0.45312917847070716 -8.1309188977321476 1.4079082408767265 -5.1048135178577532 -3.8445535047600483 -1.4027229860860821 0.84544080542653721 -0.21904091327673428 0.45629529495787297 -0.73751583652472363 1.6163415352413091 0.064366202509194184 -0.18876892118717026 2.0380213380539773 -0.063984598823046565 0.45513706896515393 0.3043254073784194 0.63042510737005708 -0.26842716964404117 -0.19448002300239065
leaf_weight=71 393 126 183 21 289 47 44 409 48 21 27 31 21 32 66 22 35 35 71 31 32 19307 1231 196 989 110 115 103 109 58
leaf_count=71 393 126 183 21 289 47 44 409 48 21 27 31 21 32 66 22 35 35 71 31 32 19307 1231 196 989 110 115 103 109 58
internal_value=0.00019569 0.000360617 -0.00282396 -0.00850618 -0.0102916 0.000120758 -0.0020927 0.000187935 -0.00756452 -0.00225364 -0.0132743 -0.0230326 0.00717328 -0.00659134 -0.0128205 0.000225963 -0.00805932 -0.00187829 0.000283291 0.00611621 -0.00396197 0.000228248 -0.00186033 -0.00564081 0.00149059 0.00748672 0.00401096 0.0137495 -0.00389933 0.00491046
internal_weight=24273 23016 1257 429 408 828 645 532 337 488 79 52 446 53 113 22570 155 133 22415 98 63 22344 3037 1427 1610 621 511 229 282 173
internal_count=24273 23016 1257 429 408 828 645 532 337 488 79 52 446 53 113 22570 155 133 22415 98 63 22344 3037 1427 1610 621 511 229 282 173
is_linear=0
shrinkage=0.05


Tree=94
num_leaves=31
num_cat=0
split_feature=11 8 10 11 11 12 1 13 12 13 6 13 1 12 14 9 13 1 0 13 12 13 1 1 13 13 10 12 13 1
split_gain=8.44056 11.9431 9.90386 7.06548 13.3744 7.95545 9.92775 8.40455 15.0794 8.82163 13.1235 11.2755 19.2742 10.3492 10.292 8.46708 7.72861 7.59509 9.32147 7.07928 6.22461 6.13373 8.10412 7.08645 5.99026 14.6776 5.49771 8.82019 8.57264 6.24463
threshold=60.754247665405281 -0.87165910005569447 4.5000000000000009 55.142854690551765 54.46644592285157 54.857147216796882 4.5000000000000009 38.71028137207032 29.771375656127933 58.78742980957032 1.0000000180025095e-35 100.89768600463869 1.5000000000000002 52.448404312133796 42.968502044677741 3.5000000000000004 75.742309570312514 9.5000000000000018 43.500000000000007 110.47600555419923 47.826915740966804 64.469589233398452 4.5000000000000009 12.500000000000002 93.412864685058608 80.424057006835952 3.5000000000000004 49.61894607543946 54.856294631958015 10.500000000000002
decision_type=2 2 2 2 2 2 2 2 2 2 2 2 2 2 2 2 2 2 2 2 2 2 2 2 2 2 2 2 2 2
left_child=3 2 -2 4 19 7 -7 8 15 10 26 12 20 16 -13 -5 21 -10 -19 -1 -11 22 -14 -23 25 -6 28 -28 29 -9
right_child=1 -3 -4 5 24 6 -8 9 17 11 -12 14 13 -15 -16 -17 -18 18 -20 -21 -22 23 -24 -25 -26 -27 27 -29 -30 -31
leaf_value=0.01168373237696887 -0.21931788542977221 -0.017383256662225222 0.21789004720740196 -1.9774616267154432 -2.1054083542036017 0.29007271289453945 3.2422842442301234 0.45793302381255807 3.7808882049247274 0.0017215417531065925 -0.50076751998648017 -0.39593160503073205 -11.221690541875809 -3.8057908282893069 0.043790136117107359 0.83771387440002043 -1.0348158709642605 2.3016840066106186 -6.7178567497102408 -0.7006400446984874 0.66128972130729058 1.7384877187032133 1.2642953132711754 -0.83969562939986275 0.25193955621483222 -1.5018049790476735 -0.12248853349946974 1.6305306951353438 -5.4710811494758307 -3.8641174467421409
leaf_weight=21834 46 387 21 33 209 70 45 146 119 21 29 38 54 24 23 63 67 22 27 28 82 258 73 21 22 25 369 39 56 22
leaf_count=21834 46 387 21 33 209 70 45 146 119 21 29 38 54 24 23 63 67 22 27 28 82 258 73 21 22 25 369 39 56 22
internal_value=0.000146252 -0.00660647 -0.0260805 0.000274989 3.61695e-05 0.00338017 0.016073 0.00245886 0.010602 0.00083201 -0.00325216 0.00491605 0.00699883 0.00291692 -0.0155483 -0.00520291 0.00454449 0.0196312 0.00305499 0.000169243 0.0266731 0.0071411 -0.00196696 0.0112863 -0.0113237 -0.0136694 -0.00174023 0.00171527 -0.00803213 -0.00237954
internal_weight=24273 454 67 23819 22118 1701 115 1586 264 1322 661 661 600 497 61 96 473 168 49 21862 103 406 127 279 256 234 632 408 224 168
internal_count=24273 454 67 23819 22118 1701 115 1586 264 1322 661 661 600 497 61 96 473 168 49 21862 103 406 127 279 256 234 632 408 224 168
is_linear=0
shrinkage=0.05


Tree=95
num_leaves=31
num_cat=0
split_feature=11 8 13 0 8 1 13 14 14 14 8 8 9 9 14 8 0 14 14 13 0 13 6 14 12 10 8 8 8 14
split_gain=15.5201 13.9481 8.18427 7.81062 10.9027 9.61133 7.14127 7.01276 9.89502 6.99928 11.1942 8.4658 7.02352 6.84325 10.5053 9.94653 9.2638 10.6645 15.9038 12.8733 10.227 9.57712 17.9278 15.8167 14.7926 12.6148 12.1907 30.6066 14.1121 11.6417
threshold=62.336055755615241 -0.8588166832923888 76.098167419433608 7.5000000000000009 -0.97710916399955738 5.5000000000000009 38.925004959106452 44.218490600585945 85.631896972656264 190.51131439208987 0.31558704376220709 0.24930939078330996 1.5000000000000002 2.5000000000000004 166.68548583984378 1.0000000180025095e-35 49.500000000000007 14.618633747100832 17.495085716247562 85.045127868652358 46.500000000000007 55.238517761230476 1.0000000180025095e-35 28.476300239562992 27.133479118347172 3.5000000000000004 0.091608393937349333 0.12060606107115747 0.12546914070844653 63.983430862426765
decision_type=2 2 2 2 2 2 2 2 2 2 2 2 2 2 2 2 2 2 2 2 2 2 2 2 2 2 2 2 2 2
left_child=3 -2 6 5 -5 -1 -3 -4 -9 13 11 12 -11 -6 16 -16 17 19 -19 -15 21 22 -20 -24 -25 -26 29 -28 -29 -23
right_child=1 2 7 4 9 -7 -8 8 -10 10 -12 -13 -14 14 15 -17 -18 18 20 -21 -22 26 23 24 25 -27 27 28 -30 -31
leaf_value=-2.6601679751131719 -0.20211397975141382 3.4839004212900564 -0.14355481668317599 1.3032815852935973 -0.053184054891058402 -0.040789390379568857 -2.7808134811961671 0.35312512585331463 -0.006490036188279192 1.1517442895283623 -1.0666648168001238 4.3323750165008761 -0.17820094277026399 0.070806888542954388 -2.9637342164862162 2.3763469640567525 0.32925143915811361 -0.57510859617700472 0.10356523868941458 0.2702208966840729 -1.2301485383047592 0.087767410180870448 -0.061414200825969802 -0.092401892060593127 0.50221339276110621 1.0671428183332226 -0.54908601309173732 0.15773760211955656 -0.11821987316184278 -0.82282551487374889
leaf_weight=326 38 21 64 480 4796 1001 119 23 26 85 1424 53 755 1287 97 634 8885 232 1222 211 131 1052 46 36 30 78 162 36 546 375
leaf_count=326 38 21 64 480 4796 1001 119 23 26 85 1424 53 755 1287 97 634 8885 232 1222 211 131 1052 46 36 30 78 162 36 546 375
internal_value=0.00031107 -0.0111645 -0.00691426 0.000450373 0.000668783 -0.00327782 -0.0149893 0.00309461 0.0173116 0.000507372 -0.00209313 0.00229538 0.0010713 0.000810834 0.00133465 0.00718096 0.00103635 -0.000587792 -0.00195129 0.0030038 -0.00115775 -0.000655857 0.00254939 0.0168332 0.0249827 0.0342276 -0.00274055 -0.00792904 -0.00257688 -3.50361e-05
internal_weight=24271 291 253 23980 22653 1327 140 113 49 22173 2317 893 840 19856 15060 731 14329 5444 3946 1498 3714 3583 1412 190 144 108 2171 744 582 1427
internal_count=24271 291 253 23980 22653 1327 140 113 49 22173 2317 893 840 19856 15060 731 14329 5444 3946 1498 3714 3583 1412 190 144 108 2171 744 582 1427
is_linear=0
shrinkage=0.05


Tree=96
num_leaves=31
num_cat=0
split_feature=0 8 1 3 12 12 13 1 12 14 0 5 2 12 1 12 13 12 3 13 14 2 8 10 12 1 0 0 0 9
split_gain=6.4886 8.59056 7.75136 9.97156 6.85544 8.67119 7.36869 5.75818 7.1294 5.65604 11.4068 12.049 17.0414 12.021 9.47941 7.41782 9.65614 9.16717 7.81044 6.84134 17.9555 19.4936 12.4533 10.4521 11.6146 8.6929 8.31533 8.09942 7.98796 6.64233
threshold=7.5000000000000009 -0.9793732464313506 5.5000000000000009 1.0000000180025095e-35 48.007003784179695 48.904567718505866 67.712471008300795 3.5000000000000004 33.592111587524421 190.51131439208987 71.500000000000014 1.0000000180025095e-35 1.0000000180025095e-35 28.040962219238285 8.5000000000000018 30.868613243103031 30.299225807189945 25.849575996398929 1.0000000180025095e-35 33.113262176513679 101.93232727050783 1.0000000180025095e-35 0.11135424301028253 1.5000000000000002 24.779572486877445 4.5000000000000009 85.500000000000014 98.500000000000014 646.50000000000011 4.5000000000000009
decision_type=2 2 2 2 2 2 2 2 2 2 2 2 2 2 2 2 2 2 2 2 2 2 2 2 2 2 2 2 2 2
left_child=2 -2 3 7 6 -6 -4 8 -1 19 15 29 -13 -14 -15 16 17 -11 -17 20 23 25 -23 27 28 -22 -24 -3 -25 -12
right_child=1 9 4 -5 5 -7 -8 -9 -10 10 11 12 13 14 -16 18 -18 -19 -20 -21 21 22 26 24 -26 -27 -28 -29 -30 -31
leaf_value=-2.8926303268831357 1.0801872509476764 -0.020813095567383755 0.21634352441760607 0.51920046763847483 -3.1234752581733489 -0.12884195295100331 2.3458182287188669 -2.3361846730241407 -6.9015578515400655 -0.92229936283873326 -2.6915207718412439 -10.355496820596507 -14.298543453213945 0.17985950841240489 0.45313949930992126 1.1380363857425786 -5.7705009374797918 1.4640968824788609 -3.5494699510819903 0.014011650720434688 3.2971793901472681 -0.26226948234851205 7.4346689977059786 -4.1128262516684098 0.10940010921346577 -0.46879372776878658 4.3034989065170093 8.6803829178156597 6.2229781139857607 -1.4241701660773787
leaf_weight=36 439 32 470 22 70 431 36 230 38 40 488 24 38 740 33 552 51 24 34 17862 134 76 68 129 1205 336 258 38 20 317
leaf_count=36 439 32 470 22 70 431 36 230 38 40 488 24 38 740 33 552 51 24 34 17862 134 76 68 129 1205 336 258 38 20 317
internal_value=0.000278109 0.000475192 -0.00311304 -0.00981294 -0.000943303 -0.0050888 0.00316143 -0.0121671 -0.0242915 0.000340014 -0.00198625 -0.00426803 -5.98731e-05 0.00117125 0.00252231 0.00335188 -0.00825369 0.00468019 0.00563044 0.000610177 0.0031793 0.00882926 0.0169112 -0.000280879 -0.00125545 0.00191449 0.0211592 0.0185449 -0.0144199 -0.00863247
internal_weight=24271 22938 1333 326 1007 501 506 304 74 22499 2341 1640 835 811 773 701 115 64 586 20158 2296 872 402 1424 1354 470 326 70 149 805
internal_count=24271 22938 1333 326 1007 501 506 304 74 22499 2341 1640 835 811 773 701 115 64 586 20158 2296 872 402 1424 1354 470 326 70 149 805
is_linear=0
shrinkage=0.05


Tree=97
num_leaves=31
num_cat=0
split_feature=11 8 9 1 11 11 1 12 5 12 0 0 11 3 13 0 2 12 13 0 12 13 11 12 0 13 12 0 13 8
split_gain=13.4982 12.0975 5.65479 14.633 15.4309 35.4929 17.2309 11.803 14.5868 14.3846 12.9052 12.4946 11.0664 10.7286 9.9854 11.8569 10.9512 10.401 9.56543 10.5405 8.96731 12.5022 11.774 11.5851 8.89432 8.87776 20.6307 8.72403 7.98433 8.26903
threshold=62.336055755615241 -0.8588166832923888 4.5000000000000009 6.5000000000000009 48.412141799926765 47.743755340576179 2.5000000000000004 47.714075088500984 1.0000000180025095e-35 48.451128005981452 1584.5000000000002 1053.5000000000002 24.921835899353031 1.0000000180025095e-35 50.363737106323249 22.500000000000004 1.0000000180025095e-35 48.627479553222663 41.872318267822273 24.500000000000004 52.448404312133796 75.428649902343764 36.490407943725593 49.433757781982429 1091.5000000000002 55.415325164794929 38.014425277709968 226.50000000000003 35.55290603637696 0.32340897619724279
decision_type=2 2 2 2 2 2 2 2 2 2 2 2 2 2 2 2 2 2 2 2 2 2 2 2 2 2 2 2 2 2
left_child=2 -2 -1 4 5 12 18 8 24 -9 11 14 -4 -8 -11 16 -16 -17 -7 -20 21 -14 23 -23 -6 26 28 -22 -10 -30
right_child=1 -3 3 -5 7 6 13 9 25 10 -12 -13 20 -15 15 17 -18 -19 19 -21 27 22 -24 -25 -26 -27 -28 -29 29 -31
leaf_value=-0.0074979857837206513 -0.19270886329986611 -0.021513798622476089 4.63899416395203 -0.29998272740391879 -0.14983451154635255 -0.058516677909754837 2.2269838632281775 -2.3814408133134708 3.8929691868051139 8.4446029830427172 -0.36230556485308796 3.1212072039396119 0.072911110412500341 1.4720867283896937 0.95716872766553007 0.32615118710004654 -1.4299593582375707 -0.33950072206574122 -0.24349801395223736 2.8379864586545622 1.2656881099123938 -0.22869435378137518 0.58682102734718178 -0.9692297390166108 -12.187796197804509 2.1241777962458515 -11.359259879207253 0.14537923530495009 4.0353597140306876 -0.17212745548453301
leaf_weight=17531 38 253 128 1559 463 25 482 138 39 78 87 40 1524 25 40 47 23 437 21 163 187 44 23 44 54 243 48 256 88 143
leaf_count=17531 38 253 128 1559 463 25 482 138 39 78 87 40 1524 25 40 47 23 437 21 163 187 44 23 44 54 243 48 256 88 143
internal_value=0.000224547 -0.0104775 0.000354461 0.00162038 0.00296517 0.00527018 0.014942 -0.000457294 0.00306094 -0.00471857 -0.00199442 0.000375883 0.00213046 0.00995859 -0.00135978 -0.00374703 0.0166403 -0.00640364 0.0270206 0.0309614 0.00125114 -0.000458688 -0.0166517 -0.0249716 -0.00299749 0.00864374 0.00314367 0.00756037 0.00851536 0.0049762
internal_weight=24271 291 23980 6449 4890 2922 716 1968 1078 890 752 665 2206 507 625 547 63 484 209 184 2078 1635 111 88 517 561 318 443 270 231
internal_count=24271 291 23980 6449 4890 2922 716 1968 1078 890 752 665 2206 507 625 547 63 484 209 184 2078 1635 111 88 517 561 318 443 270 231
is_linear=0
shrinkage=0.05


Tree=98
num_leaves=31
num_cat=0
split_feature=11 8 9 1 12 12 0 0 11 11 12 11 8 11 4 14 8 14 11 11 8 11 11 12 11 0 12 0 12 11
split_gain=13.4982 12.0975 5.65479 12.907 14.3344 16.544 12.195 10.7092 9.32239 26.8369 13.1882 13.1875 10.835 8.79179 8.75209 15.2525 10.6563 9.89557 8.26378 12.8153 7.21873 7.21229 8.80224 7.30233 7.13303 9.21901 7.13123 10.4704 7.07476 9.11014
threshold=62.336055755615241 -0.8588166832923888 4.5000000000000009 6.5000000000000009 49.381553649902351 52.448404312133796 1951.5000000000002 3011.5000000000005 48.412141799926765 47.743755340576179 35.711551666259773 47.861955642700202 0.87574702501297008 26.756301879882816 1.0000000180025095e-35 44.750740051269538 -0.93042355775833119 17.150540351867679 51.604623794555671 50.005039215087898 -0.89503732323646534 57.766939163208015 58.885215759277351 37.867317199707038 56.098058700561531 33.500000000000007 47.758367538452156 276.50000000000006 38.754013061523445 29.918113708496097
decision_type=2 2 2 2 2 2 2 2 2 2 2 2 2 2 2 2 2 2 2 2 2 2 2 2 2 2 2 2 2 2
left_child=2 -2 -1 4 6 18 8 24 9 13 11 -11 -13 -4 15 16 -15 -16 19 -6 -17 23 -23 -5 25 -7 -22 -28 -18 -30
right_child=1 -3 3 21 5 7 -8 -9 -10 10 -12 12 -14 14 17 20 28 -19 -20 -21 26 22 -24 -25 -26 -27 27 -29 29 -31
leaf_value=-0.0071230864945349033 -0.18307342013487329 -0.020438108691352853 3.1437326624636173 -1.0974581269443768 -0.66839340529958668 0.76718973772515831 2.5254804711806176 -8.8343506765042186 0.060205206791092536 3.7679647671313106 2.5421744715249304 2.2604418992194106 -1.9325241806340174 4.7844593631596295 -5.7259172181265017 -3.1726444664343862 -0.14598388794050551 2.4310709065330691 -0.34891481134530694 1.4263169610937796 -1.4645327452229369 1.9998395693553641 -3.020519888150309 0.018349809202707235 -0.58693771021362751 0.43240372875902477 1.4148681090544599 -4.9082158260569759 1.3828449068232005 0.33572090082866102
leaf_weight=17531 38 253 142 713 498 82 183 51 1297 159 143 124 156 28 20 21 160 250 93 67 251 33 22 791 36 632 156 110 35 196
leaf_count=17531 38 253 142 713 498 82 183 51 1297 159 143 124 156 28 20 21 160 250 93 67 251 33 22 791 36 632 156 110 35 196
internal_value=0.000224547 -0.0104775 0.000354461 0.00162038 0.00288338 -0.0012679 0.00464865 0.00355761 0.00394077 0.00612475 0.0151177 0.0108176 0.00428418 0.00230078 0.000937169 -0.00130603 0.00584586 0.0088856 -0.00714177 -0.0048664 -0.00687605 -0.00234109 0.0154265 -0.00299182 0.00506599 0.0061616 -0.00570489 0 0.00370749 0.00930333
internal_weight=24271 291 23980 6449 4890 1459 3431 801 3248 1951 582 439 280 1369 1227 957 419 270 658 565 538 1559 55 1504 750 714 517 266 391 231
internal_count=24271 291 23980 6449 4890 1459 3431 801 3248 1951 582 439 280 1369 1227 957 419 270 658 565 538 1559 55 1504 750 714 517 266 391 231
is_linear=0
shrinkage=0.05


Tree=99
num_leaves=31
num_cat=0
split_feature=11 8 0 0 0 8 11 10 12 13 13 12 7 12 11 12 4 13 11 13 11 11 13 11 12 10 8 3 1 9
split_gain=12.6757 12.4163 6.47253 6.32693 6.69837 9.99392 9.18953 8.35949 8.8896 7.18317 6.95823 6.49041 10.2064 6.45777 12.3947 9.58504 11.0364 14.2378 8.64815 10.3392 12.1721 16.8043 12.2462 11.0432 10.8389 10.4295 12.0672 14.5922 21.6757 12.8642
threshold=62.336055755615241 -0.8588166832923888 5396.0000000000009 3116.5000000000005 1169.5000000000002 0.058866845443844802 57.123653411865241 2.5000000000000004 49.174669265747077 62.248908996582038 81.799480438232436 48.581638336181648 1.0000000180025095e-35 31.55070781707764 22.894024848937992 32.04137039184571 1.0000000180025095e-35 56.56267166137696 23.432121276855472 35.299472808837898 52.108533859252937 53.000440597534187 32.328477859497077 55.22181701660157 32.109371185302741 2.5000000000000004 0.32340897619724279 1.0000000180025095e-35 1.5000000000000002 2.5000000000000004
decision_type=2 2 2 2 2 2 2 2 2 2 2 2 2 2 2 2 2 2 2 2 2 2 2 2 2 2 2 2 2 2
left_child=2 -2 3 4 13 9 7 8 -7 -6 -9 12 -5 14 -1 16 17 -15 -17 20 24 -22 23 -23 -20 -21 -27 29 -29 -28
right_child=1 -3 -4 11 5 6 -8 10 -10 -11 -12 -13 -14 15 -16 18 -18 -19 19 25 21 22 -24 -25 -26 26 27 28 -30 -31
leaf_value=2.3590765801266111 -0.17391974912813027 -0.019416203256784573 1.5408567076900597 2.0761472338185061 -47.816982789201035 3.0021789756131114 7.1660248323559337 1.2626784141816014 16.502546898769317 -0.30068535988012146 -0.12763900946854392 -6.1818094453701313 -31.937166067078707 4.6623455452656115 -0.15799268840565653 -0.43320615401871482 -0.82873382477095137 -1.1017548009780993 -10.630884717396448 -0.11416702643820881 7.9085047209327728 -4.2973461173901235 1.9054421061967362 3.2514244048983749 0.59942353097816758 0.086616459174102906 -2.744014268916922 -0.59387421817251573 1.1027027536183647 -0.34405743746422957
leaf_weight=54 38 253 43 83 20 29 40 546 25 26 30 94 34 82 3885 436 41 22 38 1722 66 43 79 46 1508 10384 625 49 353 3577
leaf_count=54 38 253 43 83 20 29 40 546 25 26 30 94 34 82 3885 436 41 22 38 1722 66 43 79 46 1508 10384 625 49 353 3577
internal_value=0.000236907 -0.010134 0.000362801 0.000327943 0.000404618 0.00516688 0.00671542 0.00523726 0.0240296 -0.0173536 0.00347162 -0.00828991 -0.000426985 0.000256409 -0.00158666 0.00063709 0.013439 0.0220941 0.000538938 0.000703079 0.0043256 0.0149509 0.00654372 -0.00617284 0.00271651 0.000317173 0.000740588 -0.00139007 0.00770952 -0.00226077
internal_weight=24271 291 23980 23937 23726 716 670 630 54 46 576 211 117 23010 3939 19071 145 104 18926 18490 1780 234 168 89 1546 16710 14988 4604 402 4202
internal_count=24271 291 23980 23937 23726 716 670 630 54 46 576 211 117 23010 3939 19071 145 104 18926 18490 1780 234 168 89 1546 16710 14988 4604 402 4202
is_linear=0
shrinkage=0.05


Tree=100
num_leaves=31
num_cat=0
split_feature=13 13 12 11 8 13 1 8 11 9 8 12 14 8 1 12 13 1 12 12 13 10 14 11 12 11 12 13 13 12
split_gain=12.5905 6.28351 7.62336 7.8266 11.7371 6.88386 8.36147 7.10511 6.05914 10.1363 8.72954 8.4066 8.87492 7.37566 11.8273 7.21309 6.4009 5.99658 6.28312 9.28971 5.88017 5.88664 5.87281 5.63992 5.20297 13.8357 9.39638 11.2486 13.2266 8.83679
threshold=1.0000000180025095e-35 26.589126586914066 23.204222679138187 62.336055755615241 -0.8588166832923888 75.041618347167983 2.5000000000000004 0.87574702501297008 51.735084533691413 2.5000000000000004 -0.93042355775833119 35.80696105957032 99.92139053344728 0.0072203108575195083 7.5000000000000009 32.925607681274421 20.473286628723148 2.5000000000000004 31.008303642272953 35.201740264892585 110.47600555419923 2.5000000000000004 23.767375946044925 31.424530029296879 53.027666091918952 54.83717346191407 51.660907745361335 49.031562805175788 78.804431915283217 53.342002868652351
decision_type=2 2 2 2 2 2 2 2 2 2 2 2 2 2 2 2 2 2 2 2 2 2 2 2 2 2 2 2 2 2
left_child=-1 8 23 20 -5 -6 7 -7 10 -10 16 15 -13 14 -12 -11 -2 18 -15 -20 24 -22 -16 -3 26 29 -4 -28 -29 -26
right_child=1 2 3 4 5 6 -8 -9 9 11 13 12 -14 17 22 -17 -18 -19 19 -21 21 -23 -24 -25 25 -27 27 28 -30 -31
leaf_value=10.600327407576275 8.0368693355874665 3.2339587900485007 0.0069437816453422844 -0.1652237616717244 -2.4629181712519292 0.065517185728093355 0.76854422422889146 -0.0084694340555955712 -4.0201430657590693 2.7096286690999785 -3.7333556260287319 -1.6463026980923958 2.2246216430263472 -0.099731707304255943 1.8667476407720551 7.467243009468274 2.2694223507435924 0.30718414427691454 7.0796698086650629 3.6546725804337514 -0.64945808045106512 0.038990905646089584 -0.0075917940222697934 -0.88441580862459213 1.000776349744352 0.98627887932871383 8.1257281351191999 -1.439426376989718 0.17588051338374946 0.037453951887431905
leaf_weight=20 27 41 18829 38 100 53 40 36 30 44 141 25 21 54 23 33 37 940 35 44 31 32 94 140 145 139 61 411 101 2530
leaf_count=20 27 41 18829 38 100 53 40 36 30 44 141 25 21 54 23 33 37 940 35 44 31 32 94 140 145 139 61 411 101 2530
internal_value=0.000244905 0.000212152 2.20002e-06 8.42718e-05 -0.00842381 -0.00414666 0.00348567 -0.00505051 0.00329436 0.0127368 0.0022579 0.0190902 0.0021692 0.00138983 -0.00619915 0.0291829 0.0202808 0.00321498 0.013148 0.0221239 0.000186273 -0.0150555 0.00555081 -0.0102154 0.000229563 0.00223873 -6.1849e-05 -0.00636887 -0.00878735 0.0014392
internal_weight=24295 24275 22727 22546 267 229 129 89 1548 153 1395 123 46 1331 258 77 64 1073 133 79 22279 63 117 181 22216 2814 19402 573 512 2675
internal_count=24295 24275 22727 22546 267 229 129 89 1548 153 1395 123 46 1331 258 77 64 1073 133 79 22279 63 117 181 22216 2814 19402 573 512 2675
is_linear=0
shrinkage=0.05


Tree=101
num_leaves=31
num_cat=0
split_feature=13 0 14 0 13 13 12 11 11 13 11 11 11 2 13 14 11 14 7 0 10 8 2 12 13 1 11 0 8 0
split_gain=12.5983 9.83211 5.44466 8.5918 9.33691 5.27561 10.9438 8.42218 13.7251 19.8343 13.1647 21.1369 10.229 16.6836 8.52685 7.80579 7.37858 7.16533 11.5168 17.9928 15.9573 14.8855 11.095 10.4056 11.4155 9.68601 9.53835 9.33313 8.74204 8.70723
threshold=1.0000000180025095e-35 5396.0000000000009 0.95579302310943615 15.500000000000002 54.646421432495124 35.299472808837898 33.55232238769532 52.108533859252937 53.000440597534187 32.328477859497077 47.842693328857429 38.780080795288093 32.18438911437989 1.0000000180025095e-35 25.316832542419437 239.26496124267581 35.98027420043946 100.83376312255861 1.0000000180025095e-35 159.50000000000003 1.5000000000000002 0.97746318578720104 1.0000000180025095e-35 49.61894607543946 70.242183685302749 3.5000000000000004 58.425312042236335 14.500000000000002 -0.035545822232961648 364.50000000000006
decision_type=2 2 2 2 2 2 2 2 2 2 2 2 2 2 2 2 2 2 2 2 2 2 2 2 2 2 2 2 2 2
left_child=-1 2 3 4 -2 6 -4 10 -9 14 11 12 -8 -14 -10 -12 -15 18 19 -7 -21 23 29 25 -25 -22 -19 -24 -27 -20
right_child=1 -3 5 -5 -6 17 7 8 9 -11 15 -13 13 16 -16 -17 -18 26 22 20 21 -23 27 24 -26 28 -28 -29 -30 -31
leaf_value=10.070311037197461 -0.63591225000078888 2.0071104735308958 -0.066209622738198526 -0.71870350461101917 1.4979721209977257 0.0046636502029608453 -0.076156592748680127 7.1855538098305836 0.86507820697329907 2.338102254494538 -0.32757659168180703 5.3128127495574633 0.5978880088729156 1.7713122374692163 -4.9183834143072431 -10.34290684820308 1.1376970945977705 -0.22092375505983278 0.11564367068192537 15.086611960303689 2.597024872076803 0.1304684169265741 -9.815287910281052 -2.0383340867664743 0.72210298111526761 0.30929988347180171 -0.19258956132376712 -2.3176174544123866 3.6573288929994092 -2.4872265998934928
leaf_weight=20 59 40 1868 125 53 10918 477 59 48 72 425 68 241 124 46 34 42 5134 1160 67 274 1296 30 162 186 185 204 467 123 288
leaf_count=20 59 40 1868 125 53 10918 477 59 48 72 425 68 241 124 46 34 42 5134 1160 67 274 1296 30 162 186 185 204 467 123 288
internal_value=0.000232557 0.000199793 0.00015886 -0.00738085 0.00267618 0.000233352 0.0020262 0.00501192 0.0139938 0.00662252 0.00357877 0.00693204 0.0048637 0.0106853 -0.00850159 -0.00337617 0.0228778 -7.31918e-05 0.000481654 0.00101051 0.00503685 0.00431247 -0.00311038 0.0091388 0.00229819 0.013228 -0.00164853 -0.00955542 0.00714054 -0.000897728
internal_weight=24295 24275 24235 237 112 23998 3504 1636 225 166 1411 952 884 407 94 459 166 20494 15156 13211 2293 2226 1945 930 348 582 5338 497 308 1448
internal_count=24295 24275 24235 237 112 23998 3504 1636 225 166 1411 952 884 407 94 459 166 20494 15156 13211 2293 2226 1945 930 348 582 5338 497 308 1448
is_linear=0
shrinkage=0.05


Tree=102
num_leaves=31
num_cat=0
split_feature=13 1 13 11 13 12 11 13 12 13 13 11 0 13 0 12 3 10 8 13 14 13 11 8 14 1 8 13 12 13
split_gain=9.63858 5.29375 30.6404 25.7872 20.5004 30.145 17.821 17.3289 14.9478 26.6496 14.8036 14.4371 16.5958 26.4036 16.1137 14.0998 13.0565 18.8557 23.4103 18.4026 16.9004 14.2131 12.9467 12.6748 13.8741 14.7918 12.5973 12.1713 25.921 13.7534
threshold=1.0000000180025095e-35 1.0000000180025095e-35 55.238517761230476 32.744756698608406 62.040716171264656 34.819734573364265 28.83979415893555 74.683879852294936 38.147008895874031 62.656835556030281 40.122537612915046 35.201740264892585 31.500000000000004 76.385059356689467 32.500000000000007 34.100557327270515 1.0000000180025095e-35 3.5000000000000004 0.027973395772278312 72.51648330688478 60.181312561035163 43.105707168579109 32.18438911437989 0.10722996667027475 41.059576034545906 8.5000000000000018 0.071247283369302764 71.295005798339858 35.80696105957032 77.488227844238295
decision_type=2 2 2 2 2 2 2 2 2 2 2 2 2 2 2 2 2 2 2 2 2 2 2 2 2 2 2 2 2 2
left_child=-1 2 10 4 -4 -6 7 26 9 15 -2 -10 13 -13 -14 -5 -3 18 -18 21 -20 -19 -21 -24 -25 -26 -7 -11 29 -29
right_child=1 16 3 8 5 6 -8 -9 11 27 -12 12 14 -15 -16 -17 17 19 20 22 -22 -23 23 24 25 -27 -28 28 -30 -31
leaf_value=9.5667954853375861 -1.4874875397478196 0.0093765601702543236 -0.78160059029537077 0.0011330227588413067 0.37354014428372029 -0.53344852445886526 -0.67135740098610697 -1.0697566118340072 0.66451312859963141 -0.35824415519783326 0.45573362306339649 0.77590148618200683 -1.4563590945193845 0.018309716496490047 -0.066482710136549633 1.4163614666283626 -1.3997733905483574 -0.87520482138390965 0.18929576205087636 -1.0532109244105985 -1.8964581186300831 1.2528326794162803 -0.010146849703914995 0.88571533356937315 0.2410451759990041 -0.45860891537527027 0.29356972221994138 0.093135883809671152 -0.49414786314722969 -0.21416073441288469
leaf_weight=20 88 19453 102 58 42 47 141 52 100 150 307 90 28 771 832 26 82 33 755 42 118 371 207 48 45 23 65 82 77 40
leaf_count=20 88 19453 102 58 42 47 141 52 100 150 307 90 28 771 832 26 82 33 755 42 118 371 207 48 45 23 65 82 77 40
internal_value=0.000216093 0.000187435 -0.001743 -0.00364396 -0.0145847 -0.00878709 -0.0142576 -0.00304692 -0.001464 -0.00981298 0.011263 0.000521663 -0.000551973 0.00435489 -0.00546448 0.0154578 0.000469847 0.0046401 -5.23505e-05 0.0104668 0.00234796 0.0178174 0.00232813 0.00572578 0.0189492 0.00440529 0.00802855 -0.015898 -0.00778503 0.00655201
internal_weight=24295 24275 3098 2703 449 347 305 164 2254 433 395 1821 1721 861 860 84 21177 1724 955 769 873 404 365 323 116 68 112 349 199 122
internal_count=24295 24275 3098 2703 449 347 305 164 2254 433 395 1821 1721 861 860 84 21177 1724 955 769 873 404 365 323 116 68 112 349 199 122
is_linear=0
shrinkage=0.05


Tree=103
num_leaves=31
num_cat=0
split_feature=13 14 8 14 12 2 13 14 0 0 10 12 14 12 12 8 12 12 12 9 8 14 14 14 14 13 12 13 8 1
split_gain=8.00733 7.47834 6.30323 4.97965 7.55064 6.81399 4.75832 14.1424 11.2583 29.004 10.7196 14.2586 13.5887 11.2161 10.7703 10.3555 15.9222 27.4929 26.6204 17.655 12.8148 13.0321 11.3676 10.3787 9.98984 13.4984 8.95792 13.7489 18.0144 17.3117
threshold=13.382874965667726 182.61954498291018 -0.76741078495979298 146.24851226806643 34.706089019775398 1.0000000180025095e-35 80.965160369873061 13.467717647552492 56.500000000000007 82.500000000000014 4.5000000000000009 54.034259796142585 8.8423743247985858 51.993598937988288 56.484737396240241 0.074271079152822508 49.537977218627937 52.656742095947273 48.014196395874031 3.5000000000000004 0.052864462137222297 28.476300239562992 22.830845832824711 51.723720550537116 63.983430862426765 89.543472290039077 50.024980545043952 75.742309570312514 0.68394199013710033 12.500000000000002
decision_type=2 2 2 2 2 2 2 2 2 2 2 2 2 2 2 2 2 2 2 2 2 2 2 2 2 2 2 2 2 2
left_child=1 2 -1 5 -5 -4 26 8 10 -10 11 13 14 -8 -13 16 18 -18 19 22 21 -19 -9 -23 -20 -26 27 -2 29 -29
right_child=6 -3 3 4 -6 -7 7 15 9 -11 -12 12 -14 -15 -16 -17 17 20 24 -21 -22 23 -24 -25 25 -27 -28 28 -30 -31
leaf_value=7.2607879504299753 0.00088953515117147226 -2.4406682903558465 1.578834989267123 0.044361315643218102 5.0871695167604205 -3.928225814147976 0.18882809027977956 -0.48546304219191827 -0.85802053248634069 1.4653154375855308 -0.23942956032172058 -0.48496394481754912 0.27051305319286351 0.95502252681849886 -0.0009058228285577564 -0.096258381840158336 -0.26943512431578365 -0.30908098270579532 0.23840231689549773 -0.68961430539853341 0.53592272782566075 0.29212767686581886 0.11156863148533294 -0.81852616246604593 -0.21499033864901237 0.28846362275775128 0.22371902016336095 -0.2703241361698851 0.23513806936374451 0.50886576454920918
leaf_weight=22 16902 25 164 23 25 45 240 20 56 55 87 34 32 34 60 673 119 79 105 55 38 63 55 43 25 22 4611 470 91 22
leaf_count=22 16902 25 164 23 25 45 240 20 56 55 87 34 32 34 60 673 119 79 105 55 38 63 55 43 25 22 4611 470 91 22
internal_value=0.000158468 0.00822098 0.0105697 0.0083625 0.022869 0.00502152 5.62709e-05 -0.00234816 0.00401271 -0.010351 0.00728803 0.0107473 -0.00317209 0.017147 -0.0127524 -0.00528101 -0.000640923 -0.00789243 0.00815314 -0.00845503 0.00246526 -0.00297137 0.00732357 0.00848256 0.0223537 0.00318471 0.00026249 -0.000254502 -0.00780312 -0.011583
internal_weight=24295 304 279 257 48 209 23991 1895 598 111 487 400 126 274 94 1297 624 342 282 130 223 185 75 106 152 47 22096 17485 583 492
internal_count=24295 304 279 257 48 209 23991 1895 598 111 487 400 126 274 94 1297 624 342 282 130 223 185 75 106 152 47 22096 17485 583 492
is_linear=0
shrinkage=0.05


Tree=104
num_leaves=31
num_cat=0
split_feature=13 8 1 14 10 14 12 0 10 12 14 13 10 14 12 8 13 13 12 2 8 8 3 9 0 10 14 13 8 0
split_gain=7.90139 6.09204 7.09899 5.9246 8.27733 5.29644 4.64305 13.9824 13.7911 14.6702 9.62043 10.4012 8.24407 6.63999 12.1955 10.1291 8.68636 7.35095 16.1445 22.9921 12.0859 11.2486 10.8726 11.2796 10.6489 11.8767 11.2339 10.3454 9.67019 9.31156
threshold=13.382874965667726 -0.81143927574157704 5.5000000000000009 110.67172241210939 2.5000000000000004 135.60157012939456 30.868613243103031 507.50000000000006 4.5000000000000009 28.968935966491703 19.621976852416996 72.80420303344728 2.5000000000000004 3.8231720924377446 34.020851135253913 -0.95046201348304737 49.031562805175788 43.315181732177741 47.488933563232429 1.0000000180025095e-35 0.034528613090515144 0.38757823407649999 1.0000000180025095e-35 2.5000000000000004 19.500000000000004 3.5000000000000004 42.476106643676765 71.93750381469728 0.68394199013710033 50.500000000000007
decision_type=2 2 2 2 2 2 2 2 2 2 2 2 2 2 2 2 2 2 2 2 2 2 2 2 2 2 2 2 2 2
left_child=1 -1 3 4 -3 -4 7 10 12 -10 11 -2 -9 14 16 -16 -8 18 -15 20 -20 29 23 -23 27 26 -26 -24 -27 -19
right_child=6 2 5 -5 -6 -7 13 8 9 -11 -12 -13 -14 17 15 -17 -18 21 19 -21 -22 22 24 -25 25 28 -28 -29 -30 -31
leaf_value=6.8977485529084763 0.10299908751933717 3.2126332875928401 0.5705631672853656 5.3419059224767409 -1.2819391430764968 -3.2625607580695792 -4.5018855591330782 7.5320351730550916 8.8462089666789314 -2.5321179057612841 -0.46655512307633717 0.55277237992856498 -0.96752092724967709 0.13501860906338675 0.45959971027463598 -0.097031826092294438 1.2145110014941665 -0.0018822337270563594 -2.8668904398874262 5.3164343345587257 2.3566537944703327 -2.471984151066378 0.75431530756619414 -0.17991278703959615 0.79067653859709108 -0.32692738236393099 -1.794785673172214 -0.26141738430288125 1.5829114977670427 0.35371158545239362
leaf_weight=20 758 31 121 57 36 39 69 29 78 23 2563 37 91 3200 331 932 33 6475 156 280 444 592 34 3726 223 29 113 65 148 3562
leaf_count=20 758 31 121 57 36 39 69 29 78 23 2563 37 91 3200 331 932 33 6475 156 280 444 592 34 3726 223 29 113 65 148 3562
internal_value=0.000211977 0.00822098 0.0063358 0.0153102 0.0052161 -0.00062461 0.000110458 -0.00155067 0.0106287 0.0242334 -0.00235252 0.00245252 -0.000832639 0.000401723 -0.00296682 -0.00162299 -0.0195886 0.000643143 0.00252445 0.00852176 0.0029995 0.000130286 -0.00182552 -0.00270953 0.00441104 0.00730852 0.00178518 -0.0105954 0.0177866 0.00109095
internal_weight=24295 304 284 124 67 160 23991 3579 221 101 3358 795 120 20412 1365 1263 102 19047 4080 880 600 14967 4930 4318 612 513 336 99 177 10037
internal_count=24295 304 284 124 67 160 23991 3579 221 101 3358 795 120 20412 1365 1263 102 19047 4080 880 600 14967 4930 4318 612 513 336 99 177 10037
is_linear=0
shrinkage=0.05


Tree=105
num_leaves=31
num_cat=0
split_feature=13 10 14 9 13 14 1 13 8 0 5 1 8 12 12 11 8 14 11 4 13 1 14 0 13 10 14 14 0 8
split_gain=6.98789 7.04625 6.32333 5.4985 9.4922 5.4204 5.11941 5.42731 4.28656 4.2689 10.4222 16.6122 8.92497 10.0609 12.4572 9.63857 8.78413 8.7758 7.4443 6.44329 6.37693 7.56148 6.14742 5.63907 6.30886 11.2967 5.58747 8.46401 5.90132 5.51622
threshold=15.0381236076355 2.5000000000000004 1887.367370605469 4.5000000000000009 11.160147666931154 42.968502044677741 2.5000000000000004 33.530624389648445 0.692928045988083 7.5000000000000009 1.0000000180025095e-35 3.5000000000000004 -0.97498750686645497 57.928794860839851 55.392860412597663 48.802968978881843 -0.99098592996597279 3.563446164131165 49.733871459960945 1.0000000180025095e-35 69.996517181396499 15.500000000000002 0.95579302310943615 33.500000000000007 64.950275421142592 4.5000000000000009 663.57913208007824 4.544748306274415 4.5000000000000009 -0.99645689129829396
decision_type=2 2 2 2 2 2 2 2 2 2 2 2 2 2 2 2 2 2 2 2 2 2 2 2 2 2 2 2 2 2
left_child=1 5 9 -3 8 -1 -4 -8 -5 10 26 -12 13 14 15 17 18 -11 20 -18 21 29 -14 24 25 -17 27 -2 -29 -13
right_child=2 3 6 4 -6 -7 7 -9 -10 12 11 16 22 -15 -16 23 19 -19 -20 -21 -22 -23 -24 -25 -26 -27 -28 28 -30 -31
leaf_value=8.1730364095566532 1.2413416952391647 -0.3061766032380332 0.28702285659295512 0.58641941484737925 5.1834186824276305 1.181627859977352 0.13028006812067724 -1.4505136886543455 -1.8577723491150273 3.6570476950592905 -3.4065658776294643 3.1339507987317483 -0.19015795930356882 5.7222107419990955 -7.2445263719451791 1.1467914830602135 -0.3161303059651161 1.6883648193047323 -0.51601586696384683 -3.7128711502505483 3.2800924742713509 2.3932975206708407 0.0011260065496934146 -1.1751167924919372 0.63638866078179468 -13.712756272629884 0.63085427822725304 -0.67873074090855645 0.44985420017288047 -0.68924796820812384
leaf_weight=31 26 214 23 32 60 22 40 77 35 31 69 25 166 21 22 35 773 298 38 95 29 20 21686 32 81 24 23 43 48 82
leaf_count=31 26 214 23 32 60 22 40 77 35 31 69 25 166 21 22 35 773 298 38 95 29 20 21686 32 81 24 23 43 48 82
internal_value=-6.19807e-06 0.00659731 -0.000115512 0.00395778 0.0121951 0.0235405 -0.0107066 -0.0149445 -0.000745156 -5.28159e-05 -0.00287153 -0.00446468 0.000107162 0.00643264 0.00506595 0.00668529 -0.00291875 0.0116986 0.00669758 -0.00506854 0.0115311 0.00668765 -5.03384e-05 -0.00290529 0.00142755 -0.0109983 0.00999286 0.00555081 -0.00164654 0.00140056
internal_weight=24201 394 23807 341 127 53 140 117 67 23667 1271 1131 22396 544 523 501 1062 329 194 868 156 127 21852 172 140 59 140 117 91 107
internal_count=24201 394 23807 341 127 53 140 117 67 23667 1271 1131 22396 544 523 501 1062 329 194 868 156 127 21852 172 140 59 140 117 91 107
is_linear=0
shrinkage=0.05


Tree=106
num_leaves=31
num_cat=0
split_feature=13 10 1 8 8 0 11 11 11 13 12 12 12 11 8 11 0 0 10 0 1 12 11 13 11 9 11 0 8 8
split_gain=6.4696 7.25898 4.97294 6.21252 14.9488 12.8467 12.1832 9.68702 14.7395 15.3405 23.8984 14.6534 16.4817 23.1526 13.6088 12.9328 16.004 12.1361 11.6243 9.74977 13.3629 9.31687 9.58 12.6466 9.29237 9.16257 12.9776 11.0689 12.4194 8.89167
threshold=15.0381236076355 2.5000000000000004 13.500000000000002 1.0000000180025095e-35 0.0020855261245742445 906.50000000000011 62.558259963989265 53.075769424438484 49.101196289062507 58.331195831298835 47.620552062988288 47.826915740966804 47.842693328857429 47.995935440063484 -0.51968991756439198 48.20739936828614 50.500000000000007 37.500000000000007 3.5000000000000004 7.5000000000000009 3.5000000000000004 57.477209091186531 37.301280975341804 63.864997863769538 48.360076904296882 3.5000000000000004 47.826915740966804 26.500000000000004 -0.92617508769035328 -0.89503732323646534
decision_type=2 2 2 2 2 2 2 2 2 2 2 2 2 2 2 2 2 2 2 2 2 2 2 2 2 2 2 2 2 2
left_child=1 -1 3 6 5 -5 7 8 9 19 -11 17 -13 14 25 -15 -17 24 -10 20 -2 22 -16 -24 -12 27 -27 28 -14 -22
right_child=2 -3 -4 4 -6 -7 -8 -9 18 10 11 12 13 15 21 16 -18 -19 -20 -21 29 -23 23 -25 -26 26 -28 -29 -30 -31
leaf_value=5.2163142031863146 -3.1644447607088493 0.51271403817872785 -0.23756156010128324 -2.4726924161104806 -0.018442431868554366 -34.826057873449386 -0.13792176464031849 0.66735103112935978 0.45898806019480604 4.1182590126124552 -0.33750592691641401 3.3692580980755338 1.7707576395056603 -7.3571132368011165 -0.81398731132439972 -3.5288234953272424 1.2713430208306293 -1.801700061601168 -1.0251124047793863 0.11164341954147972 -0.11257284551729896 -2.5513748934312646 -10.879500084951747 2.1487049786427437 2.2586458004848415 0.43699660486494596 2.1429628323868157 3.8152453390330336 -3.5929409928155338 -4.0585696910630036
leaf_weight=53 70 341 935 60 14547 27 62 923 333 178 157 77 120 82 236 178 113 159 1224 2719 367 39 20 72 70 574 80 250 78 57
leaf_count=53 70 341 935 60 14547 27 62 923 333 178 157 77 120 82 236 178 113 159 1224 2719 367 39 20 72 70 574 80 250 78 57
internal_value=-1.03301e-05 0.00634357 -0.000115512 3.0605e-05 -0.000587669 -0.02124 0.0011289 0.00129646 0.000682467 0.00186092 0.00481253 0.00344887 0.00523683 0.00428858 0.0071132 -0.00683463 -0.00188939 -0.00543901 -0.00362854 -0.000420155 -0.0068812 -0.00122582 0.00152393 0.0152009 0.00198151 0.00989021 0.00611527 0.0153983 0.00656234 -0.0035369
internal_weight=24201 394 23807 22872 14634 87 8238 8176 7253 5696 2483 2305 1919 1842 1469 373 291 386 1557 3213 494 367 328 92 227 1102 654 448 198 424
internal_count=24201 394 23807 22872 14634 87 8238 8176 7253 5696 2483 2305 1919 1842 1469 373 291 386 1557 3213 494 367 328 92 227 1102 654 448 198 424
is_linear=0
shrinkage=0.05


Tree=107
num_leaves=31
num_cat=0
split_feature=13 14 14 14 1 11 13 8 13 8 12 12 0 3 0 14 14 0 11 13 11 0 13 11 11 13 0 14 14 0
split_gain=5.1914 7.64945 7.38281 6.91031 5.69638 4.76324 10.4726 9.90256 5.12866 19.4814 8.05854 8.36028 13.7989 9.10211 6.41069 5.78516 8.76676 5.73684 5.46865 10.8572 11.0891 12.2725 6.94698 8.00633 9.15129 5.56938 5.38029 5.3718 7.85525 6.17052
threshold=13.382874965667726 11.219973564147951 21.178119659423832 42.476106643676765 5.5000000000000009 60.754247665405281 75.041618347167983 -0.90728089213371266 100.89768600463869 0.19082633405923846 62.830816268920906 59.812217712402351 692.50000000000011 1.0000000180025095e-35 2440.0000000000005 64.696346282958999 33.64043045043946 14.500000000000002 56.907613754272468 83.201320648193374 57.123653411865241 1350.5000000000002 35.849609375000007 59.356483459472663 59.11174392700196 30.741165161132816 86.500000000000014 225.49140930175784 65.719970703125014 64.500000000000014
decision_type=2 2 2 2 2 2 2 2 2 2 2 2 2 2 2 2 2 2 2 2 2 2 2 2 2 2 2 2 2 2
left_child=1 -1 -3 -4 -5 8 -7 -8 10 17 11 18 13 15 -14 16 -13 -10 -2 20 -20 22 25 24 27 -22 -12 28 -24 -30
right_child=5 2 3 4 -6 6 7 -9 9 -11 26 12 14 -15 -16 -17 -18 -19 19 -21 21 -23 23 -25 -26 -27 -28 -29 29 -31
leaf_value=6.1649573335089798 -0.0085488937755918929 -3.3257132655746688 6.1197533323665967 3.7059081978528798 -0.3329583230650518 -1.6275771093124796 -0.10604076683508482 0.041897268113272636 -0.47772160702507538 0.18509584669158069 -2.1971366758305546 0.40893753592071108 -0.25647757172688446 1.10733299938179 0.056347013794058404 4.703449107124098 -5.4419052452908661 -0.090485529795854447 2.9537073245090157 0.70728035905440589 -0.49536676026449594 5.8884491508433188 -1.8763881683233952 -2.581535630950913 4.5121582105341957 2.5265730002600502 -0.16657058140759562 -5.8221188455187374 2.3975079071831247 0.37073981866950734
leaf_weight=21 22133 20 38 100 120 237 28 188 41 26 27 83 22 73 21 59 25 217 26 54 29 46 183 82 30 36 23 24 47 142
leaf_count=21 22133 20 38 100 120 237 28 188 41 26 27 83 22 73 21 59 25 217 26 54 29 46 183 82 30 36 23 24 47 142
internal_value=-2.68583e-05 0.00651956 0.00431499 0.00658659 0.00318037 -0.000108777 -0.00518649 0.00277649 -1.06614e-05 -0.00668779 7.12278e-05 0.000114644 0.00865419 0.0133278 -0.0174014 0.00688211 0 -0.0108485 8.7596e-06 0.00436275 0.00255774 0.00121144 -0.000785203 -0.00275536 0 0.0145929 -0.0199601 -0.00201969 -0.00053749 0.00661026
internal_weight=24201 299 278 258 220 23902 453 216 23449 284 23165 23115 283 240 43 167 108 258 22832 699 645 619 573 508 426 65 50 396 372 189
internal_count=24201 299 278 258 220 23902 453 216 23449 284 23165 23115 283 240 43 167 108 258 22832 699 645 619 573 508 426 65 50 396 372 189
is_linear=0
shrinkage=0.05


Tree=108
num_leaves=31
num_cat=0
split_feature=13 5 11 10 0 0 1 1 10 0 12 0 0 8 12 12 1 10 1 11 8 0 8 2 8 13 14 11 13 8
split_gain=4.65194 6.37133 12.8064 7.97878 11.3169 10.5226 8.26796 7.28541 6.81584 9.63542 11.3511 6.62227 6.34511 6.07888 6.00093 8.10083 5.67721 5.34616 6.21803 7.14528 6.01858 4.68183 10.5152 6.72046 7.38497 6.75 4.66565 4.43436 10.438 9.90256
threshold=25.316832542419437 1.0000000180025095e-35 23.432121276855472 3.5000000000000004 146.50000000000003 724.50000000000011 13.500000000000002 3.5000000000000004 4.5000000000000009 44.500000000000007 37.722478866577156 13.500000000000002 549.50000000000011 0.0042105449829250583 23.848025321960453 25.849575996398929 3.5000000000000004 4.5000000000000009 6.5000000000000009 28.947993278503422 0.54691824316978466 78.500000000000014 0.99803149700164806 1.0000000180025095e-35 0.44058823585510259 19.224151611328129 36.219490051269538 60.754247665405281 75.041618347167983 -0.90728089213371266
decision_type=2 2 2 2 2 2 2 2 2 2 2 2 2 2 2 2 2 2 2 2 2 2 2 2 2 2 2 2 2 2
left_child=1 2 -1 5 6 7 17 -4 9 11 -11 -3 -10 -6 -15 -16 -17 21 20 -20 -19 23 -23 24 25 -5 -18 -2 -29 -30
right_child=27 8 3 4 13 -7 -8 -9 12 10 -12 -13 -14 14 15 16 26 18 19 -21 -22 22 -24 -25 -26 -27 -28 28 29 -31
leaf_value=-4.0735505675556114 -0.0068028363284554421 -0.79460396169762948 3.2696874572408663 3.0987534528089009 -5.2589383552691356 9.7550457336943737 -2.1772240664281504 -0.012497646151078535 4.1793381873357474 -5.5985723534537826 3.9075578165415332 1.8615776919983305 5.4019846611196787 -5.8309505567309889 2.3571722141307627 -1.9254667067843145 -9.2433454887508901 -3.9306965378458467 -1.7488230468320787 4.2284910668270541 0.78314494481731745 -3.0579671152833678 2.9986235339437433 5.0269528367652274 -1.4130433443747028 5.1703785055134972 -0.0059630679726504713 -1.5799417369826962 -0.10073872849333015 0.039802404707608922
leaf_weight=50 22401 38 47 22 29 35 23 124 147 82 20 55 37 27 38 33 26 49 22 71 65 23 36 26 30 26 171 232 28 188
leaf_count=50 22401 38 47 22 29 35 23 124 147 82 20 55 37 27 38 33 26 49 22 71 65 23 36 26 30 26 171 232 28 188
internal_value=-3.92544e-05 0.00281044 0.000667968 0.00200412 -0.000488077 0.0106744 0.00521496 0.00555231 0.00830915 0.00179395 -0.00881489 0.0134264 0.0152091 -0.00740512 -0.00525246 -0.00298396 -0.0065189 0.00702513 0.00169 0.0112782 -0.00613497 0.0137952 0.00253807 0.0201729 0.0128041 0.024948 -0.00329782 -0.000207886 -0.00513278 0.00277649
internal_weight=24201 1352 973 923 717 206 393 171 379 195 102 93 184 324 295 268 230 370 207 93 114 163 59 104 78 48 197 22849 448 216
internal_count=24201 1352 973 923 717 206 393 171 379 195 102 93 184 324 295 268 230 370 207 93 114 163 59 104 78 48 197 22849 448 216
is_linear=0
shrinkage=0.05


Tree=109
num_leaves=31
num_cat=0
split_feature=11 14 9 14 14 1 14 0 11 0 0 11 11 0 0 1 0 3 8 11 11 11 14 11 11 11 14 5 14 8
split_gain=3.87493 6.46908 7.58172 6.61509 4.94952 6.5339 3.97968 10.3388 3.91019 7.4014 10.039 5.80224 5.76384 4.58355 8.18172 12.6494 21.1558 12.1866 11.4195 9.58027 26.7404 11.0245 14.779 10.2824 9.99051 12.6884 16.391 10.6729 10.6126 10.8808
threshold=60.754247665405281 13.801052093505861 2.5000000000000004 8.8423743247985858 105.50283813476564 3.5000000000000004 39.628046035766609 46.500000000000007 58.278524398803718 70.500000000000014 296.50000000000006 59.356483459472663 58.425312042236335 22.500000000000004 28.500000000000004 1.0000000180025095e-35 72.500000000000014 1.0000000180025095e-35 0.038498593494296081 50.005039215087898 48.928390502929695 55.998853683471687 63.983430862426765 54.034259796142585 47.826915740966804 37.056631088256843 28.476300239562992 1.0000000180025095e-35 55.99780464172364 0.083602152764797225
decision_type=2 2 2 2 2 2 2 2 2 2 2 2 2 2 2 2 2 2 2 2 2 2 2 2 2 2 2 2 2 2
left_child=8 3 -3 -2 5 -4 -7 -8 13 11 12 -10 -11 -1 19 16 -16 -17 -18 20 24 22 -21 -24 25 28 -27 -26 -15 -30
right_child=1 2 4 -5 -6 6 7 -9 9 10 -12 -13 -14 14 15 17 18 -19 -20 21 -22 -23 23 -25 27 26 -28 -29 29 -31
leaf_value=-0.054557170082110321 -0.048995660890726357 -0.63707040537108617 0.038033497202475355 0.29713870642475976 -0.11875187063831164 -0.73042023558268354 0.98499324105557384 -5.0587184577378679 1.7106791056100321 0.49352904416263643 1.6277329501636553 0.095720699447026103 -6.1959687106636592 0.49277344837145426 -0.14967275972408842 0.010242760134084962 0.073956286327535994 0.46383000122799989 1.9509330966783893 0.526767168703282 -0.36246769140878715 -0.53007805891602122 1.0505971184395031 -0.58934269736198996 1.6128384414409269 -0.41697210912689897 0.51069167501789114 1.8538577567156509 -1.3151655795317732 1.2285029526225508
leaf_weight=5460 83 53 77 32 95 38 29 49 63 20 94 120 71 504 1230 13869 125 878 67 241 219 61 68 20 75 125 77 95 156 107
leaf_count=5460 83 53 77 32 95 38 29 49 63 20 94 120 71 504 1230 13869 125 878 67 241 219 61 68 20 75 125 77 95 156 107
internal_value=-3.92544e-05 -0.00460425 -0.00806215 0.00564726 -0.00485942 -0.000258933 -0.00775194 -0.00128041 4.8431e-05 0.00516164 -0.00189087 0.0122884 -0.0137212 -3.20827e-05 0.00035441 3.09232e-06 -0.00450039 0.000437374 0.0109318 0.00360391 0.00161991 0.0105101 0.0141294 -0.00340522 0.00469669 0.0027345 -0.00841168 0.015873 0.00567071 -0.00247054
internal_weight=24201 456 341 115 288 193 116 78 23745 368 185 183 91 23377 17917 16169 1422 14747 192 1748 1358 390 329 88 1139 969 202 170 767 263
internal_count=24201 456 341 115 288 193 116 78 23745 368 185 183 91 23377 17917 16169 1422 14747 192 1748 1358 390 329 88 1139 969 202 170 767 263
is_linear=0
shrinkage=0.05


Tree=110
num_leaves=31
num_cat=0
split_feature=13 14 11 11 11 1 1 8 8 13 10 8 0 1 0 8 10 0 13 0 11 0 11 11 11 8 10 0 13 0
split_gain=7.434 15.1009 10.1487 24.472 18.0106 15.962 24.7028 11.1359 10.9764 10.9518 9.41667 13.2679 11.3741 15.719 11.6628 9.29104 8.15685 8.45103 7.97647 11.2836 20.6949 9.00475 8.57837 9.04564 9.30779 7.14184 7.87222 6.64029 7.17083 7.45648
threshold=80.965160369873061 13.467717647552492 53.81341743469239 52.485607147216804 54.83717346191407 6.5000000000000009 2.5000000000000004 -0.76741078495979298 -0.7483711540699004 92.21045303344728 4.5000000000000009 -0.26076170802116388 56.500000000000007 1.5000000000000002 32.500000000000007 0.031452337279915817 2.5000000000000004 16.500000000000004 79.921283721923842 32.500000000000007 47.861955642700202 60.500000000000007 59.356483459472663 56.907613754272468 57.123653411865241 0.091608393937349333 3.5000000000000004 5.5000000000000009 34.443407058715827 26.500000000000004
decision_type=2 2 2 2 2 2 2 2 2 2 2 2 2 2 2 2 2 2 2 2 2 2 2 2 2 2 2 2 2 2
left_child=18 10 3 5 -4 6 -3 -7 -8 -5 12 -12 14 -14 -2 -13 -6 -18 22 20 -20 -21 23 -1 -25 26 -16 -24 -29 -30
right_child=1 2 4 9 16 7 8 -9 -10 -11 11 15 13 -15 25 -17 17 -19 19 21 -22 -23 27 24 -26 -27 -28 28 29 -31
leaf_value=0.039679267263205101 0.045598882450241976 -0.13003290624472044 -0.32653732385451661 0.0012507251897517337 -0.20521688510253189 1.8109547884662014 -0.35861539993715613 -0.51386810693288998 0.39711683972710787 0.42009474064318231 6.3096634271148293 -0.55344566816594709 -0.98299891195748368 0.38831866293439532 0.1723440845493947 -0.20463081839661471 0.090934664474674784 -0.035343927971180022 -0.86650418397365037 2.322656071303919 2.4002664188316185 0.70617889153111979 -5.0504873313803582 3.9206191478797781 0.80183171068949055 0.04522185875486287 1.1239167227365101 1.9462940629007166 0.87102765141498539 -0.6432513421463999
leaf_weight=21180 280 631 61 59 25 22 21 101 158 59 22 29 29 41 24 78 35 132 43 31 28 84 20 52 512 33 55 31 76 285
leaf_count=21180 280 631 61 59 25 22 21 101 158 59 22 29 29 41 24 78 35 132 43 31 28 84 20 52 512 33 55 31 76 285
internal_value=0.000183603 -0.00282307 -0.00582777 -0.00366283 -0.0148163 -0.00637659 -0.00382669 -0.0231519 0.0125628 0.0177815 0.00380646 -0.00813323 0.00714131 -0.0114123 0.0104565 -0.0154062 -0.00728787 -0.00329144 0.000438634 0.0107469 -0.00492264 0.020417 0.000352048 0.000487489 0.00673639 0.0240856 0.0322377 -0.00679447 -0.00535578 -0.00733869
internal_weight=24237 1895 1304 1051 253 933 810 123 179 118 591 129 462 70 392 107 192 167 22342 186 71 115 22156 21744 564 112 79 412 392 361
internal_count=24237 1895 1304 1051 253 933 810 123 179 118 591 129 462 70 392 107 192 167 22342 186 71 115 22156 21744 564 112 79 412 392 361
is_linear=0
shrinkage=0.05


Tree=111
num_leaves=31
num_cat=0
split_feature=13 14 10 0 13 13 9 11 13 0 13 12 12 1 14 13 14 8 11 13 11 0 0 0 0 13 12 9 12 14
split_gain=6.01253 17.2123 18.6116 13.5069 24.1194 14.9275 14.4211 12.6462 9.95751 8.53826 14.6544 8.05875 9.79533 14.7988 10.0966 9.38361 17.826 9.22684 10.5623 7.67388 7.6541 7.3567 12.289 7.16355 16.4699 7.14272 7.02422 16.3731 11.8043 7.39337
threshold=94.626880645751967 77.115783691406264 4.5000000000000009 18.500000000000004 96.76904678344728 103.72949600219728 4.5000000000000009 49.569253921508796 96.76904678344728 12.500000000000002 103.72949600219728 62.830816268920906 58.595743179321296 1.5000000000000002 151.01319122314456 92.21045303344728 32.665130615234382 -0.83712315559387196 49.733871459960945 50.500770568847663 54.034259796142585 42.500000000000007 23.500000000000004 43.500000000000007 24.500000000000004 64.469589233398452 57.477209091186531 4.5000000000000009 56.310926437377937 56.701896667480476
decision_type=2 2 2 2 2 2 2 2 2 2 2 2 2 2 2 2 2 2 2 2 2 2 2 2 2 2 2 2 2 2
left_child=11 2 3 4 -2 6 21 -4 -9 -6 -11 12 15 -14 17 26 23 18 -15 -19 -10 22 -5 24 -17 -21 28 -28 -1 -29
right_child=1 -3 7 5 9 -7 -8 8 20 10 -12 -13 13 14 -16 16 -18 19 -20 25 -22 -23 -24 -25 -26 -27 27 29 -30 -31
leaf_value=0.0071122961402956264 -0.39367216799310967 0.34868955673127061 -0.44426588104105741 0.67866379208664807 0.10330660767401519 -0.067180598712449677 -0.045722804202189597 0.38608367659465731 0.022464049571561697 0.039677273545962781 -0.47716351799456708 -2.6180156346758281 1.0570750217419502 -0.31284186520502788 1.7248164784714335 1.1063601375544359 -0.38774000967745936 12.253290275052231 4.7277470218619246 -1.8121468832795173 -0.25607651954215704 1.2187657405628132 0.083650829161095785 0.59447058298792688 -0.11890721177174904 -0.14536874950768031 -2.8113890273366731 -0.54199542085744568 0.9721398627604998 1.3806120447405519
leaf_weight=22245 35 21 91 44 41 177 59 20 26 34 29 57 49 25 91 25 47 25 46 30 53 20 84 44 48 190 232 86 165 98
leaf_count=22245 35 21 91 44 41 177 59 20 26 34 29 57 49 25 91 25 47 25 46 30 53 20 84 44 48 190 232 86 165 98
internal_value=0.000233114 -0.00422286 -0.0055392 -0.000669088 -0.0140187 0.00416558 0.0132786 -0.0189374 -0.00655903 -0.00192123 -0.0134707 0.000372291 0.00041798 0.00767376 0.00454434 0.000274031 0.0121877 0.000316356 0.0161744 -0.00428397 -0.0145386 0.021607 0.0171741 0.0226302 0.0129959 -0.00726942 0.000188381 -0.0062485 0.000307897 0.00488865
internal_weight=24237 734 713 523 139 384 207 190 99 104 63 23503 23446 456 407 22990 164 316 71 245 79 148 128 117 73 220 22826 416 22410 184
internal_count=24237 734 713 523 139 384 207 190 99 104 63 23503 23446 456 407 22990 164 316 71 245 79 148 128 117 73 220 22826 416 22410 184
is_linear=0
shrinkage=0.05


Tree=112
num_leaves=31
num_cat=0
split_feature=0 11 0 1 11 8 2 14 14 13 10 0 13 11 14 11 10 9 13 11 1 14 0 1 0 14 11 11 14 0
split_gain=5.23008 10.6141 12.0777 12.0868 10.1355 7.86014 18.2904 13.8564 19.4974 16.4159 23.1515 14.5339 13.6752 12.8905 10.8137 9.98738 9.69538 9.34079 9.31054 12.5889 10.1914 15.9443 10.0286 9.04329 9.26077 8.8884 8.83287 9.71613 8.34696 15.7106
threshold=22.500000000000004 55.142854690551765 3.5000000000000004 11.500000000000002 55.948156356811531 -0.87165910005569447 1.0000000180025095e-35 44.750740051269538 69.463485717773452 71.678195953369155 3.5000000000000004 12.500000000000002 95.711181640625014 50.024980545043952 42.968502044677741 47.917734146118171 2.5000000000000004 3.5000000000000004 85.045127868652358 36.696321487426765 2.5000000000000004 36.66943550109864 20.500000000000004 3.5000000000000004 8.5000000000000018 13.124662876129152 48.948131561279304 52.485607147216804 6.8018774986267099 18.500000000000004
decision_type=2 2 2 2 2 2 2 2 2 2 2 2 2 2 2 2 2 2 2 2 2 2 2 2 2 2 2 2 2 2
left_child=1 5 -3 4 -4 23 7 14 9 11 -11 17 16 -12 18 -13 -10 -9 19 22 -21 -22 -7 24 -1 -24 -20 28 -28 -30
right_child=-2 2 3 -5 -6 6 -8 8 12 10 13 15 -14 -15 -16 -17 -18 -19 26 20 21 -23 25 -25 -26 -27 27 -29 29 -31
leaf_value=-2.6141470383779932 0.047535835793498654 -1.467819122895059 2.6355234572134552 -0.62033318774516122 0.2522615280339901 0.041200853732208033 -1.9010035578808671 1.2300698178627698 -1.7239468763776178 0.77598693913222694 -0.57951616891730673 -0.55389462911903031 0.42810758588544789 -0.080454455395738131 0.63332240043256016 1.4069685839569166 0.31005424617788208 -0.13781524704976428 0.13964558032761759 0.56133222447242603 -0.031073641546863231 2.3032778130385338 0.16254981129011414 0.15069390017911957 0.74799719201235981 -0.8735345895819826 0.047511512866593275 0.081360333223102016 -0.45960692944259129 -0.10010334586289958
leaf_weight=63 18587 42 47 81 264 512 998 38 31 22 110 122 20 37 32 28 154 24 65 129 187 29 21 2279 56 41 38 63 65 52
leaf_count=63 18587 42 47 81 264 512 998 38 31 22 110 122 20 37 32 28 154 24 65 129 187 29 21 2279 56 41 38 63 65 52
internal_value=0.000270247 -0.00106193 0.00645013 0.00918133 0.0136612 -0.00168708 -0.00347752 -0.000494478 -0.00682477 -0.0135135 -0.0251331 -0.00424328 0.00560702 -0.032291 0.00251195 -0.0126582 0.00135062 0.0161031 0.00174694 0.00418888 0.0117357 0.00509024 -0.000348371 0.000416997 -0.0130143 -0.0193237 -0.00618156 -0.0110041 -0.0177305 -0.0243382
internal_weight=24237 5650 434 392 311 5216 2818 1820 586 381 169 212 205 147 1234 150 185 62 1202 919 345 216 574 2398 119 62 283 218 155 117
internal_count=24237 5650 434 392 311 5216 2818 1820 586 381 169 212 205 147 1234 150 185 62 1202 919 345 216 574 2398 119 62 283 218 155 117
is_linear=0
shrinkage=0.05


Tree=113
num_leaves=31
num_cat=0
split_feature=0 11 12 11 13 8 12 8 2 12 11 13 13 13 12 13 13 13 13 0 9 11 9 13 11 13 11 0 11 11
split_gain=4.91114 9.97305 13.4698 15.2224 10.9607 12.6584 8.49181 7.71756 14.0866 10.3355 9.10335 24.2661 16.5171 11.258 20.2063 22.0788 21.3495 26.1113 19.4757 14.8442 17.1725 11.679 11.3746 14.0938 13.8039 12.0894 10.9287 10.8767 10.0162 14.0017
threshold=22.500000000000004 55.142854690551765 54.450002670288093 61.023616790771491 100.89768600463869 -0.69972676038742054 49.886642456054695 -0.87165910005569447 1.0000000180025095e-35 23.848025321960453 32.744756698608406 55.013584136962898 60.784336090087898 94.626880645751967 47.795911788940437 62.656835556030281 58.990369796752937 76.098167419433608 96.76904678344728 13.500000000000002 4.5000000000000009 35.711551666259773 4.5000000000000009 92.21045303344728 50.670743942260749 88.409530639648452 48.468786239624031 17.500000000000004 35.916648864746101 52.378683090209968
decision_type=2 2 2 2 2 2 2 2 2 2 2 2 2 2 2 2 2 2 2 2 2 2 2 2 2 2 2 2 2 2
left_child=1 7 3 4 5 -3 -5 -1 9 -9 11 27 -13 14 15 28 -16 -18 -15 -17 -21 -19 23 24 26 -26 -23 -11 -12 -30
right_child=-2 2 -4 6 -6 -7 -8 8 -10 10 13 12 -14 18 16 19 17 21 -20 20 -22 22 -24 -25 25 -27 -28 -29 29 -31
leaf_value=0.054901875630899259 0.045159044003823826 0.39321982022010149 0.57123345395183811 0.011215533696831415 -0.14920836225948461 1.1053339510945503 -0.46591841849653837 0.76025563583870914 -1.8059533799868235 0.65717145202838489 0.56955356896629472 -0.57349213296332524 -0.2140099811879006 -0.3254983485640498 -2.5261005605198119 -0.01580979375409397 1.4507517530391902 -0.34866349559093524 -0.0023439856621635616 -0.51660223854038889 0.030697901549343598 0.016011089558752724 1.0648133903345192 0.94155595954526561 0.11176607723486143 -0.35341647858970299 1.4720505609490226 -0.44329243555002229 -0.11454404015539765 4.1027427136311569
leaf_weight=2398 18587 194 51 32 33 89 35 47 998 126 80 47 242 58 86 123 134 54 160 130 32 67 37 21 35 41 42 61 177 20
leaf_count=2398 18587 194 51 32 33 89 35 47 998 126 80 47 242 58 86 123 134 54 160 130 32 67 37 21 35 41 42 61 177 20
internal_value=0.000228988 -0.00106193 0.00621977 0.00300183 0.00759253 0.0107736 -0.0186289 -0.00166791 -0.00344204 -0.000824131 -0.00143816 -0.0073514 -0.0164303 0.000732403 0.00282643 -0.00373599 0.00995939 0.0144978 -0.00962861 -0.013504 -0.0234423 0.00622686 0.0109009 0.00630762 0.00189087 -0.0144547 0.0132906 0.00668092 0.00631541 0.000253678
internal_weight=24237 5650 434 383 316 283 67 5216 2818 1820 1773 476 289 1297 1079 562 517 431 218 285 162 297 243 206 185 76 109 187 277 197
internal_count=24237 5650 434 383 316 283 67 5216 2818 1820 1773 476 289 1297 1079 562 517 431 218 285 162 297 243 206 185 76 109 187 277 197
is_linear=0
shrinkage=0.05


Tree=114
num_leaves=31
num_cat=0
split_feature=13 14 14 13 13 10 11 1 13 12 11 8 11 11 11 1 1 8 14 8 11 0 11 14 1 14 14 8 0 0
split_gain=8.79593 14.3666 9.22349 9.06179 13.9293 9.75895 9.11554 13.1451 7.77296 15.8388 14.2311 18.2256 7.67592 21.3348 11.6124 14.8313 15.7685 14.1266 10.5788 9.01392 7.62093 10.8019 8.22083 6.57056 8.05555 6.53626 6.60281 6.4065 7.53387 6.73251
threshold=80.965160369873061 15.372015953063967 0.95579302310943615 96.76904678344728 92.21045303344728 4.5000000000000009 33.027761459350593 7.5000000000000009 79.111354827880874 49.056907653808601 48.627479553222663 0.07175032421946527 54.429777145385749 54.83717346191407 52.485607147216804 6.5000000000000009 2.5000000000000004 0.091608393937349333 48.027349472045906 -0.7483711540699004 59.356483459472663 766.50000000000011 59.11174392700196 21.178119659423832 2.5000000000000004 54.445968627929695 41.059576034545906 0.14845097064971927 19.500000000000004 45.500000000000007
decision_type=2 2 2 2 2 2 2 2 2 2 2 2 2 2 2 2 2 2 2 2 2 2 2 2 2 2 2 2 2 2
left_child=8 2 -2 4 6 -5 7 -4 20 10 11 -10 14 -14 15 16 -3 -16 -17 -18 22 -22 -1 -15 25 26 -25 29 -29 -8
right_child=1 12 3 5 -6 -7 27 -9 9 -11 -12 -13 13 23 17 18 19 -19 -20 -21 21 -23 -24 24 -26 -27 -28 28 -30 -31
leaf_value=0.044708128283254926 -0.29305801046545987 -0.12830962812741903 -0.65509437788436253 -0.0093894029346241591 0.54227511664351913 -0.62640936285613735 0.4341465047232127 1.2679432756711968 -1.1299795640530363 1.1755224474459496 1.2715596401867728 0.058707668939034008 -0.25173045759771345 -0.2883243743929384 -0.0024520991730387466 -0.26123509485941038 -0.34567498873717856 0.60978146240655529 -1.1352632200037494 0.36961493290819619 -0.55220122114632209 0.13761573303014815 4.2463498704107385 -0.16558598941544089 0.18760730559498795 -0.12623369098045983 0.036623304686666816 -0.24050691430109233 0.44659569365264107 -0.12395009010135888
leaf_weight=21537 23 596 31 178 115 25 137 20 40 259 27 49 36 20 98 70 21 39 43 151 373 27 30 64 40 40 21 24 49 54
leaf_count=21537 23 596 31 178 115 25 137 20 40 259 27 49 36 20 98 70 21 39 43 151 373 27 30 64 40 40 21 24 49 54
internal_value=0.000183603 -0.00308691 0.0028959 0.0040278 0.00813764 -0.0046775 0.00269756 -0.0166341 0.000461013 0.00759797 -0.00775194 -0.0173962 -0.00625454 -0.0146992 -0.00442 -0.00652593 -0.00403593 0.00911743 -0.0234306 0.00929692 0.000339144 -0.00649838 0.000465988 -0.0078336 -0.0045427 -0.0107914 -0.00293772 0.00643696 -0.00615595 0.0112507
internal_weight=24237 1895 656 633 430 203 315 51 22342 375 116 89 1239 221 1018 881 768 137 113 172 21967 400 21567 185 165 125 85 264 73 191
internal_count=24237 1895 656 633 430 203 315 51 22342 375 116 89 1239 221 1018 881 768 137 113 172 21967 400 21567 185 165 125 85 264 73 191
is_linear=0
shrinkage=0.05


Tree=115
num_leaves=31
num_cat=0
split_feature=8 14 14 13 13 12 9 12 12 11 0 12 12 1 14 9 12 12 11 13 1 14 11 8 12 12 9 10 3 14
split_gain=5.76808 6.57781 7.47067 10.0493 13.7611 13.2008 10.3204 9.02277 7.70533 7.55726 6.19069 7.36261 10.3495 5.98065 5.82739 7.86609 5.31892 5.26943 10.7175 5.2345 5.09046 4.89958 5.63452 6.27935 5.53847 4.87539 3.97411 9.22672 8.82552 13.8061
threshold=-0.99432605504989613 1.9439529776573183 1.9115860462188723 67.954059600830092 66.050376892089858 55.998853683471687 2.5000000000000004 49.056907653808601 50.337347030639656 48.581638336181648 12.500000000000002 34.020851135253913 35.88701248168946 2.5000000000000004 3.563446164131165 1.5000000000000002 51.28924751281739 38.147008895874031 50.395606994628913 64.273479461669936 3.5000000000000004 0.95579302310943615 32.98573303222657 -0.018140682950615879 30.187001228332523 28.820275306701664 2.5000000000000004 1.5000000000000002 1.0000000180025095e-35 23.293215751647953
decision_type=2 2 2 2 2 2 2 2 2 2 2 2 2 2 2 2 2 2 2 2 2 2 2 2 2 2 2 2 2 2
left_child=14 2 3 4 10 6 7 -5 20 -10 11 25 -13 -4 15 -1 19 -14 -19 -16 -8 -12 23 -23 -24 -2 -3 28 -28 -30
right_child=1 26 13 5 -6 -7 8 -9 9 -11 21 12 17 -15 16 -17 -18 18 -20 -21 -22 22 24 -25 -26 -27 27 -29 29 -31
leaf_value=18.404829141905566 -1.6053159512635973 -0.063262574069873886 -0.30401952612128175 0.13358544072687728 -4.3054927564436154 -0.20896500701026888 -0.93964285862997632 2.8037087597138255 2.3651824109789543 -0.04654774066993355 -0.83021535869165008 1.9456369644077975 -6.6331462652174329 -1.1871716214023171 0.028215923556770408 0.3408194330034533 -3.0502621463420234 0.15664071850658914 -5.4520085457042287 2.4818508869276119 0.60884353171243932 0.23426604020103989 4.2769237453295599 -2.0414863151459435 0.96932046871986766 -3.2073259299022405 2.218431938766571 0.013185204986507416 0.23417455260742878 -2.2488534076350595
leaf_weight=22 26 5775 20 29 29 37 23 33 33 28 79 33 27 137 76 35 25 64 25 37 28 26 20 23 117 26 93 17119 125 47
leaf_count=22 26 5775 20 29 29 37 23 33 33 28 79 33 27 137 76 35 25 64 25 37 28 26 20 23 117 26 93 17119 125 47
internal_value=-0.000105297 -0.000174839 -0.00446067 -0.00226597 -0.00616037 0.00686878 0.0126364 0.0289855 0.00356824 0.0155483 -0.00407638 -0.0106912 -0.00503018 -0.0143221 0.0084572 0.0218914 0.00289645 -0.0120586 -0.00617284 0.00751547 -0.0107632 0.00094304 0.00537346 -0.00916497 0.0105762 -0.0268714 -1.51128e-05 0.0003624 0.00961901 0.00290529
internal_weight=24217 24022 863 706 495 211 174 62 112 61 466 201 149 157 195 57 138 116 89 113 51 265 186 49 137 52 23159 17384 265 172
internal_count=24217 24022 863 706 495 211 174 62 112 61 466 201 149 157 195 57 138 116 89 113 51 265 186 49 137 52 23159 17384 265 172
is_linear=0
shrinkage=0.05


Tree=116
num_leaves=31
num_cat=0
split_feature=8 11 13 0 5 8 11 12 2 1 13 11 11 11 13 13 12 0 12 13 1 4 12 8 12 13 8 12 8 1
split_gain=5.7403 6.6195 5.89731 5.70048 12.4314 11.8029 12.2048 13.9083 9.25783 8.25856 7.76019 6.90558 8.29906 11.3595 9.58186 6.25892 9.87383 6.00005 5.59444 9.52086 10.892 7.30314 6.07191 5.65481 8.82873 5.28117 5.19774 6.95174 5.18696 5.09971
threshold=-0.99432605504989613 33.592111587524421 48.216686248779304 6.5000000000000009 1.0000000180025095e-35 -0.94077387452125538 48.708337783813484 58.595743179321296 1.0000000180025095e-35 5.5000000000000009 77.844280242919936 51.125007629394538 52.485607147216804 53.599163055419929 59.739341735839851 26.589126586914066 32.744756698608406 4.5000000000000009 36.734548568725593 51.074102401733406 7.5000000000000009 1.0000000180025095e-35 59.812217712402351 -0.98576509952545155 35.711551666259773 110.47600555419923 -0.95341250300407399 50.138500213623054 -0.8588166832923888 16.500000000000004
decision_type=2 2 2 2 2 2 2 2 2 2 2 2 2 2 2 2 2 2 2 2 2 2 2 2 2 2 2 2 2 2
left_child=1 -1 -3 4 17 6 8 10 -5 28 11 -8 -13 -14 -15 -11 -17 -2 19 20 -18 22 -20 -22 -25 29 27 -16 -6 -7
right_child=3 2 -4 5 9 25 7 -9 -10 15 -12 12 13 14 26 16 18 -19 21 -21 23 -23 -24 24 -26 -27 -28 -29 -30 -31
leaf_value=2.7997160585313412 0.029652235206655376 -3.3834815336974331 0.63778936856079937 -6.1161907504720245 -2.3455556746352566 -0.0079047494984042285 -1.0852938341570357 5.0520049209963513 1.5178186019312068 1.9591027785219262 -0.18952150974642168 2.0369402788365827 -8.8015772647021429 -7.4842023092379408 -0.11562995336986717 -2.6610963649578392 -8.6784618958363406 0.42157636607240456 -0.28088870260130483 7.1424516608443582 1.6405992123816131 -3.512558322359812 0.71116512017935496 -2.4421895227854344 3.5427566105305335 -0.19628867725125262 3.4597414955180628 2.1640505875341427 -7.1389862522151759 -0.57815252763941938
leaf_weight=39 55 23 133 34 235 21282 194 28 858 20 29 52 27 41 38 80 26 41 446 23 28 42 25 42 22 88 24 28 22 192
leaf_count=39 55 23 133 34 235 21282 194 28 858 20 29 52 27 41 38 80 26 41 446 23 28 42 25 42 22 88 24 28 22 192
internal_value=-8.46509e-05 0.0084572 0.00384369 -0.000154025 -0.00365821 1.52738e-05 0.00454512 -0.00206029 0.00795875 -0.00529127 -0.00427153 -0.00247463 0.00380771 -0.00189753 0.00419527 -0.00265217 -0.00340553 0.0135276 -0.00137594 0.00744153 0.00169348 -0.00380043 -0.00201656 0.00977199 0.00156006 -0.00026899 0.0133185 0.00605144 -0.0130299 -0.000218868
internal_weight=24217 195 156 24022 1107 22915 1353 461 892 1011 433 404 210 158 131 754 734 96 654 141 118 513 471 92 64 21562 90 66 257 21474
internal_count=24217 195 156 24022 1107 22915 1353 461 892 1011 433 404 210 158 131 754 734 96 654 141 118 513 471 92 64 21562 90 66 257 21474
is_linear=0
shrinkage=0.05


Tree=117
num_leaves=31
num_cat=0
split_feature=8 0 8 11 12 5 2 1 9 13 12 13 0 0 13 13 12 12 12 13 0 12 12 0 12 12 8 0 8 13
split_gain=5.7514 5.38403 9.66688 12.1693 11.475 9.48818 8.93601 8.06289 7.93283 7.21645 8.71262 11.6367 9.0149 7.44114 6.13896 9.00739 5.80815 6.94672 6.59878 8.1173 6.814 10.6593 6.81693 6.81077 7.22439 8.67496 5.75443 5.39129 5.36309 5.29321
threshold=-0.99432605504989613 6.5000000000000009 -0.94077387452125538 48.708337783813484 58.595743179321296 1.0000000180025095e-35 1.0000000180025095e-35 5.5000000000000009 1.5000000000000002 75.428649902343764 53.745269775390632 64.701778411865249 24.500000000000004 27.500000000000004 26.589126586914066 31.213175773620609 55.622457504272468 57.477209091186531 47.826915740966804 40.563482284545906 18.500000000000004 34.020851135253913 47.822984695434577 14.500000000000002 49.112606048583991 48.992321014404304 -0.95046201348304737 48.500000000000007 -0.8588166832923888 110.47600555419923
decision_type=2 2 2 2 2 2 2 2 2 2 2 2 2 2 2 2 2 2 2 2 2 2 2 2 2 2 2 2 2 2
left_child=-1 5 3 6 8 -2 -3 28 -5 10 11 12 -10 -13 -9 -16 18 -18 19 26 21 -21 -22 -20 25 -25 -8 -26 -7 -4
right_child=1 2 29 4 -6 7 16 14 9 -11 -12 13 -14 -15 15 -17 17 -19 23 20 22 -23 -24 24 27 -27 -28 -29 -30 -31
leaf_value=0.55888924667147688 0.34495292149882539 -5.8103812129484229 -0.011929116950964415 0.95768133690766999 4.7994046749465333 -2.228277890903493 3.2798757617262613 1.86114763959583 -5.6648767684232473 -0.18004543425909958 -3.1824873349434988 2.6005460911252642 4.0685643923749764 -0.62509540891405357 -5.2723759155968741 -0.14967867491735218 -5.6736134409226553 1.6952371371245989 0.50164718156919574 -6.42846821260426 -0.17523121090800764 1.8959515748376221 -1.5250147724788861 3.3537372755150074 1.8758740203148385 3.6660843667161291 4.3429740993649251 -0.91573038579246602 -6.7820369396044189 -0.18647424338868995
leaf_weight=195 96 34 21474 63 28 235 103 20 142 57 24 78 35 34 24 710 23 29 148 28 82 131 27 96 108 32 24 27 22 88
leaf_count=195 96 34 21474 63 28 235 103 20 142 57 24 78 35 34 24 710 23 29 148 28 82 131 27 96 108 32 24 27 22 88
internal_value=-9.29096e-05 -0.000162351 2.18197e-06 0.00410169 -0.00249404 -0.00356788 0.00751037 -0.00499456 -0.00450242 -0.00729533 -0.00431172 -0.00190246 -0.00988142 0.0107047 -0.00238695 -0.00313309 0.00850717 -0.00767754 0.00955216 0.00493546 0 0.00659962 -0.0096242 0.0139869 0.0188141 0.0273224 0.0153423 0.0107328 -0.012641 -0.000255077
internal_weight=24217 24022 22915 1353 461 1107 892 1011 433 370 313 289 177 112 754 734 858 52 806 395 268 159 109 411 263 128 127 135 257 21562
internal_count=24217 24022 22915 1353 461 1107 892 1011 433 370 313 289 177 112 754 734 858 52 806 395 268 159 109 411 263 128 127 135 257 21562
is_linear=0
shrinkage=0.05


Tree=118
num_leaves=31
num_cat=0
split_feature=14 0 13 8 8 12 0 8 11 12 5 1 12 14 11 11 12 12 13 8 12 0 14 0 12 12 12 13 13 12
split_gain=4.86509 8.26433 7.35036 5.06422 4.65041 5.55374 5.35104 9.45175 9.81422 7.54937 7.32442 7.32883 7.07397 14.4477 6.33371 10.9154 7.54032 8.12844 8.45286 7.37252 6.69926 6.45706 5.85979 5.51269 7.76177 9.76865 5.64488 5.47911 8.27177 5.45792
threshold=0.95579302310943615 15.500000000000002 54.646421432495124 -0.94077387452125538 -0.99432605504989613 51.279891967773445 6.5000000000000009 -0.94077387452125538 61.102115631103523 59.812217712402351 1.0000000180025095e-35 5.5000000000000009 51.518028259277351 17.897443771362308 56.907613754272468 48.708337783813484 55.622457504272468 47.826915740966804 24.12955474853516 -0.95647868514060963 50.950229644775398 8.5000000000000018 17.897443771362308 14.500000000000002 49.112606048583991 48.992321014404304 51.468818664550788 26.589126586914066 31.213175773620609 37.419174194335945
decision_type=2 2 2 2 2 2 2 2 2 2 2 2 2 2 2 2 2 2 2 2 2 2 2 2 2 2 2 2 2 2
left_child=1 2 3 -1 5 -2 9 8 14 10 -6 -12 27 -14 15 16 17 18 -8 21 -16 -20 -21 -19 25 -25 -26 -13 -29 -23
right_child=4 -3 -4 -5 6 -7 7 -9 -10 -11 11 12 13 -15 20 -17 -18 23 19 22 -22 29 -24 24 26 -27 -28 28 -30 -31
leaf_value=-4.4802899989942588 1.153056295169602 -0.62302802695388459 0.94014741359042453 0.30364689322520366 0.29764527747520825 -0.12793358637446978 6.7702163420882391 -0.010624404773998997 -0.051996330714271725 0.65252595128463153 -2.3911214258947791 1.7680902576160387 -4.4147529747212912 0.063040797735862242 2.2045705265010072 -0.55402744061193521 -2.0642707029620886 0.4954383982661682 2.5063895377690573 5.5671087938379547 3.859680860824227 -2.6506008675666788 0.30312628901299238 3.1860504117392576 0.10406812454687611 3.4827801483803231 2.3164380262906605 -5.0087571198170311 -0.031985168014130143 0.47821946635054219
leaf_weight=38 148 117 55 24 93 35 23 21418 23 26 253 20 38 60 27 368 54 150 49 40 34 115 71 104 91 32 45 22 539 105
leaf_count=38 148 117 55 24 93 35 23 21418 23 26 253 20 38 60 27 368 54 150 49 40 34 115 71 104 91 32 45 22 539 105
internal_value=-8.87802e-05 -0.00726185 0.00213493 -0.00966184 -1.87632e-05 0.00791917 -7.98316e-05 8.13219e-05 0.00416948 -0.00356769 -0.00424349 -0.0055788 -0.00287145 -0.0152905 0.0047397 0.00396921 0.00699579 0.00818083 0.00310097 0.00131544 0.0204583 -0.00315868 0.0121512 0.0130301 0.0172731 0.0257164 0.00881705 -0.000774393 -0.0016931 -0.00681508
internal_weight=24217 234 117 62 23983 183 23800 22749 1331 1051 1025 932 679 98 1308 1247 879 825 403 380 61 269 111 422 272 136 136 581 561 220
internal_count=24217 234 117 62 23983 183 23800 22749 1331 1051 1025 932 679 98 1308 1247 879 825 403 380 61 269 111 422 272 136 136 581 561 220
is_linear=0
shrinkage=0.05


Tree=119
num_leaves=31
num_cat=0
split_feature=8 11 0 8 5 1 14 2 14 12 0 0 10 4 12 14 14 12 12 0 10 8 12 12 8 14 9 12 3 0
split_gain=4.41105 5.56274 4.96605 10.7709 6.8447 7.27683 6.44864 5.90819 7.10887 11.9092 6.87805 5.43012 5.48211 5.12861 5.31912 5.01974 6.84201 4.80452 9.33235 5.55991 4.98114 4.63481 4.46957 6.92239 6.27403 5.43565 4.87338 8.95746 12.0897 12.8848
threshold=-0.99432605504989613 33.592111587524421 6.5000000000000009 -0.97498750686645497 1.0000000180025095e-35 5.5000000000000009 0.95579302310943615 1.0000000180025095e-35 52.425151824951179 49.360107421875007 19.500000000000004 4.5000000000000009 2.5000000000000004 1.0000000180025095e-35 59.812217712402351 6.623645782470704 2.8673790693283085 49.157096862792976 47.826915740966804 14.500000000000002 4.5000000000000009 -0.93743476271629322 62.558259963989265 61.499998092651374 -0.33291822671890253 9.6127634048461932 2.5000000000000004 57.477209091186531 1.0000000180025095e-35 20.500000000000004
decision_type=2 2 2 2 2 2 2 2 2 2 2 2 2 2 2 2 2 2 2 2 2 2 2 2 2 2 2 2 2 2
left_child=1 -1 4 7 11 15 -5 -4 17 10 -10 12 -2 14 -7 16 -6 18 20 -20 -9 -15 23 26 -24 -26 27 -8 -29 -30
right_child=2 -3 3 6 5 13 22 8 9 -11 -12 -13 -14 21 -16 -17 -18 -19 19 -21 -22 -23 24 -25 25 -27 -28 28 29 -31
leaf_value=2.6381824725899237 -0.56085343717088387 0.20783494899538937 -3.1972209572441788 -0.22638598130727933 -6.0015903656748835 -0.093340442867188331 -0.040266968674724526 1.9962244147525667 0.081509165492030897 2.4283910596411307 -0.97992814854917754 0.36836763782008258 0.45003052098557533 -4.1470719152319306 0.65046450035202319 -5.2419185182139802 0.0041911959781870678 0.28259658710418167 2.0880412586487465 3.6536446108079677 0.67985937403805152 -1.5527179251555965 -1.272736841829532 0.55223208660347822 0.60492578801280816 -0.18384741546558558 0.021137387049590475 -6.8516691305676147 -0.82215548893155121 0.35400261547466561
leaf_weight=39 23 156 22 156 47 646 5105 39 53 39 42 41 32 44 25 99 111 152 28 43 96 39 20 70 24 95 16723 149 22 37
leaf_count=39 23 156 22 156 47 646 5105 39 53 39 42 41 32 44 25 99 111 152 28 43 96 39 20 70 24 95 16723 149 22 37
internal_value=-5.57457e-05 0.00743209 -0.000116559 4.14574e-05 -0.00338723 -0.00459895 -0.000122762 0.00719704 0.00833164 -0.00149142 -0.011041 0.00936524 -0.000907441 -0.00212173 -0.000670541 -0.0118631 -0.00632511 0.0120078 0.016982 0.0316456 0.00925241 -0.0138387 -5.16968e-05 4.52364e-06 -0.00898634 -0.00461797 -4.53801e-05 -0.00136455 -0.0115329 0.00761421
internal_weight=24217 195 24022 22915 1107 1011 22401 514 492 134 95 96 55 754 671 257 158 358 206 71 135 83 22245 22106 139 119 22036 5313 208 59
internal_count=24217 195 24022 22915 1107 1011 22401 514 492 134 95 96 55 754 671 257 158 358 206 71 135 83 22245 22106 139 119 22036 5313 208 59
is_linear=0
shrinkage=0.05


Tree=120
num_leaves=31
num_cat=0
split_feature=8 8 0 8 13 14 12 12 0 0 13 10 8 1 12 13 14 1 2 12 0 14 12 13 13 8 13 0 12 13
split_gain=5.4156 13.2444 29.6237 15.4991 10.3803 11.7399 13.1185 17.7169 12.6677 8.99183 8.52328 9.23216 7.9965 9.01021 12.2812 9.70174 11.2107 8.38582 8.22173 7.55499 12.2977 10.3043 9.26864 14.5963 20.9744 9.92994 11.4545 15.9607 12.6415 8.27715
threshold=-1.0000000180025095e-35 0.032888287678360946 942.00000000000011 0.031452337279915817 33.113262176513679 201.7736740112305 34.706089019775398 34.766277313232429 68.500000000000014 49.500000000000007 29.802427291870121 4.5000000000000009 -0.8196461796760558 3.5000000000000004 28.820275306701664 56.303817749023445 59.250743865966804 13.500000000000002 1.0000000180025095e-35 26.233273506164554 480.50000000000006 5.7733781337738046 27.454639434814457 64.039031982421889 43.885562896728523 0.048003071919083602 75.742309570312514 30.500000000000004 62.336055755615241 61.616209030151374
decision_type=2 2 2 2 2 2 2 2 2 2 2 2 2 2 2 2 2 2 2 2 2 2 2 2 2 2 2 2 2 2
left_child=9 2 3 -2 5 6 -3 -8 -7 12 11 -11 13 14 -1 -16 -17 -14 -19 20 21 -6 23 24 -21 26 27 -24 -28 -26
right_child=1 4 -4 -5 19 8 7 -9 -10 10 -12 -13 17 -15 15 16 -18 18 -20 22 -22 -23 25 -25 29 -27 28 -29 -30 -31
leaf_value=3.9435947908620577 -0.18324924801081224 0.11200049473483881 -37.566288980835921 -1.856930014490872 1.6122667431602951 1.0784655585220404 6.7690572584336852 1.8478827535843614 -3.1380942176627369 -7.5089754449278932 0.5947391172115204 0.62398820463316162 -0.48872938070736893 0.23909936677366891 -2.8086384948667678 1.330893270221867 -2.3653266868540839 0.5962123444989319 -2.6863622324818461 -6.3799781642743341 7.9660496798221905 0.036673481108807152 0.49791847239231224 -0.37108973387398092 1.1383973738695101 -0.046312887093401582 -0.11031401724064338 -0.0048360311238507597 0.57467949861216716 -0.38786315394773752
leaf_weight=39 1333 955 36 49 28 99 62 678 194 58 2952 85 1927 3462 174 71 23 31 71 149 54 468 206 40 121 10330 286 180 42 25
leaf_count=39 1333 955 36 49 28 99 62 678 194 58 2952 85 1927 3462 174 71 23 31 71 149 54 468 206 40 121 10330 286 180 42 25
internal_value=2.47646e-05 -0.000544502 -0.00514773 -0.00397945 -7.54468e-05 0.00326945 0.00486697 0.00986353 -0.00597066 0.0010064 0.00318245 -0.00873515 -0.000155223 0.00120718 -0.00700098 -0.0108169 0.0021254 -0.00268592 -0.0166503 -0.000632906 0.00508998 0.00262044 -0.000909562 -0.00910176 -0.00525246 -0.000660986 0.00504131 0.010878 -0.00182871 0.00821355
internal_weight=24228 15335 1418 1382 13917 1988 1695 740 293 8893 3095 143 5798 3769 307 268 94 2029 102 11929 550 496 11379 335 295 11044 714 386 328 146
internal_count=24228 15335 1418 1382 13917 1988 1695 740 293 8893 3095 143 5798 3769 307 268 94 2029 102 11929 550 496 11379 335 295 11044 714 386 328 146
is_linear=0
shrinkage=0.05


Tree=121
num_leaves=31
num_cat=0
split_feature=11 11 0 0 13 13 14 8 10 0 13 12 8 3 9 1 11 11 9 10 13 0 14 13 8 12 0 1 11 11
split_gain=5.00843 7.14016 13.9704 15.2152 11.822 10.2172 9.28654 15.3187 8.80392 9.321 8.48642 9.50651 8.26331 14.2459 10.0703 9.98559 8.86642 7.96643 10.8361 10.094 11.6718 9.42359 12.7161 11.7078 9.68571 11.5373 8.23523 8.93304 7.63839 9.88683
threshold=48.948131561279304 50.005039215087898 28.500000000000004 19.500000000000004 36.723337173461921 49.78405952453614 34.990171432495124 -0.9444158375263213 4.5000000000000009 374.50000000000006 107.48803329467775 38.147008895874031 -0.87165910005569447 1.0000000180025095e-35 1.5000000000000002 3.5000000000000004 54.642147064208991 50.74879455566407 2.5000000000000004 2.5000000000000004 47.998800277709968 150.50000000000003 11.219973564147951 69.477321624755874 -0.53801012039184559 55.392860412597663 30.500000000000004 1.5000000000000002 50.024980545043952 50.138500213623054
decision_type=2 2 2 2 2 2 2 2 2 2 2 2 2 2 2 2 2 2 2 2 2 2 2 2 2 2 2 2 2 2
left_child=-1 -2 3 5 8 -3 10 -8 -4 -10 11 -7 -9 16 15 -15 -14 19 21 -6 -21 22 24 -23 -19 -26 -24 -28 -22 -30
right_child=1 2 4 -5 17 6 7 12 9 -11 -12 -13 13 14 -16 -17 -18 18 -20 20 28 23 26 -25 25 -27 27 -29 29 -31
leaf_value=0.03825471365013975 -0.18063885707868083 0.41551538505713825 1.6841655045583548 0.23691456776636688 2.5133871444551819 -0.59439426434679488 -1.7819685552724387 1.4686176581476431 -1.1348373608181732 4.02085593877118 -0.67243922259082933 -0.12464026547417309 -4.6544923364483788 -0.11090697137836836 0.90373993854598145 0.071334109416454614 1.0551991443998539 3.9837716412946964 -0.085820842175958492 -1.7977376822713127 4.1790594670774039 -0.78100389831378803 0.52648030283166225 3.0572368487061303 -1.0645228219952239 0.89115162946845849 -5.036708826903868 -2.3701603456411102 -1.8300506344363918 0.16565519989761768
leaf_weight=15295 2619 254 354 715 48 67 110 37 178 53 23 387 38 27 45 23 22 26 2783 114 49 96 24 22 39 20 31 359 21 349
leaf_count=15295 2619 254 354 715 48 67 110 37 178 53 23 387 38 27 45 23 22 26 2783 114 49 96 24 22 39 20 31 359 21 349
internal_value=6.19116e-05 -0.000878754 3.16751e-05 0.00383273 -0.00142353 -4.8398e-05 -0.00288795 0.00397219 0.00521278 -0.00237992 -0.00723119 -0.00572561 0.0124935 0.00741457 0.0194532 0.00399202 -0.0116473 -0.00239883 -0.00332343 0.00301153 0.0010317 -0.00931778 -0.0123222 0.00338696 0.0052879 -0.00592217 -0.0159382 -0.0176878 0.00489143 0.00243178
internal_weight=24228 8933 6314 1748 4566 1033 779 302 585 231 477 454 192 155 95 50 60 3981 3400 581 533 617 499 118 85 59 414 390 419 370
internal_count=24228 8933 6314 1748 4566 1033 779 302 585 231 477 454 192 155 95 50 60 3981 3400 581 533 617 499 118 85 59 414 390 419 370
is_linear=0
shrinkage=0.05


Tree=122
num_leaves=31
num_cat=0
split_feature=10 0 8 0 9 0 9 8 8 0 12 13 11 7 1 0 8 12 11 13 11 13 11 13 12 8 8 0 13 0
split_gain=4.86558 36.0027 8.5951 12.7803 12.5297 8.9985 6.82958 6.75456 12.0329 16.7856 8.83885 13.7271 10.2168 10.1277 11.6879 12.1143 15.6278 9.89447 8.62134 12.572 11.5448 10.7016 10.618 14.0631 9.27387 9.98353 8.31929 8.11234 8.08022 21.3184
threshold=1.5000000000000002 156.50000000000003 0.035821216180920608 12.500000000000002 1.5000000000000002 21.500000000000004 2.5000000000000004 -1.0000000180025095e-35 0.0020855261245742445 942.00000000000011 34.100557327270515 56.81214904785157 35.111595153808601 1.0000000180025095e-35 10.500000000000002 56.500000000000007 -0.81143927574157704 34.270107269287116 49.101196289062507 43.315181732177741 49.436918258666999 79.921283721923842 52.842067718505866 35.849609375000007 58.885215759277351 -0.72453445196151722 -0.75776877999305714 709.50000000000011 57.695371627807624 31.500000000000004
decision_type=2 2 2 2 2 2 2 2 2 2 2 2 2 2 2 2 2 2 2 2 2 2 2 2 2 2 2 2 2 2
left_child=1 2 6 -4 5 -5 -1 10 9 -9 11 -2 -13 14 18 16 17 -16 21 22 -21 -12 23 -20 26 -26 -22 -28 29 -10
right_child=7 -3 3 4 -6 -7 -8 8 28 -11 13 12 -14 -15 15 -17 -18 -19 19 20 24 -23 -24 -25 25 -27 27 -29 -30 -31
leaf_value=-3.132343075454429 -0.54412659572954103 8.1512454124399714 0.27530809664007488 -0.8861083141298769 0.030331446284055021 -0.86056335408680562 0.36215418016204454 -1.8295702799869618 0.44392294326299653 -27.553027702286229 0.62512256773305674 6.7691703463964759 1.6876109878015957 0.76980267694196081 1.0590868041545438 2.9508898131942072 -3.8029529123378398 -0.27458113760117336 -5.9898458538854804 -2.6960039823450579 -0.23119763988664488 2.0671912786572144 2.1808916299605245 1.8932813454573052 3.9231295837038611 -0.34015619029003052 0.548252132280868 -1.2820534024318591 -0.044882840803782291 -0.092692777979859295
leaf_weight=79 1732 160 97 39 227 62 24 113 1045 28 3695 41 52 230 40 76 192 714 35 151 835 76 73 99 44 24 643 62 6210 7330
leaf_count=79 1732 160 97 39 227 62 24 113 1045 28 3695 41 52 230 40 76 192 714 35 151 835 76 73 99 44 24 643 62 6210 7330
internal_value=7.01665e-05 0.0042145 -0.00208294 0.00105857 -0.00365742 -0.0182987 -0.0150339 -5.09768e-05 -0.000706229 -0.0152374 0.00104378 -0.00205468 0.0166488 0.00185289 0.00150168 -0.00342432 -0.00496776 -0.00172391 0.00237925 -0.000305173 -0.00167699 0.00377874 0.0113472 0.00298285 -0.000435296 0.0176211 -0.00123369 0.00276557 -0.000565646 0.000447756
internal_weight=24228 688 528 425 328 101 103 23540 14726 141 8814 1825 93 6989 6759 1022 946 754 5737 1966 1759 3771 207 134 1608 68 1540 705 14585 8375
internal_count=24228 688 528 425 328 101 103 23540 14726 141 8814 1825 93 6989 6759 1022 946 754 5737 1966 1759 3771 207 134 1608 68 1540 705 14585 8375
is_linear=0
shrinkage=0.05


Tree=123
num_leaves=31
num_cat=0
split_feature=13 8 11 8 0 14 10 14 0 12 12 14 0 0 12 11 11 5 12 12 11 11 14 2 8 14 11 11 8 8
split_gain=4.3963 7.89286 7.98903 8.06731 7.57661 5.50681 11.0118 8.47318 7.51676 7.12989 6.95022 6.07196 7.78018 7.59335 6.95346 5.84973 7.73663 5.56841 7.81247 7.80049 9.21881 7.08225 6.43389 5.43941 7.041 5.32639 5.82851 6.0921 5.1414 17.5781
threshold=25.993494987487797 -0.91645067930221547 57.965570449829109 0.0072203108575195083 23.500000000000004 90.39621734619142 2.5000000000000004 76.154148101806655 130.50000000000003 48.04137039184571 36.073661804199226 68.768852233886733 677.50000000000011 120.50000000000001 26.799804687500004 26.310268402099613 48.360076904296882 1.0000000180025095e-35 25.056118011474613 37.419174194335945 49.312675476074226 37.301280975341804 98.248603820800795 1.0000000180025095e-35 0.97746318578720104 136.45962524414065 32.405925750732429 47.620552062988288 1.0000000180025095e-35 0.0020855261245742445
decision_type=2 2 2 2 2 2 2 2 2 2 2 2 2 2 2 2 2 2 2 2 2 2 2 2 2 2 2 2 2 2
left_child=1 -1 3 4 -3 6 8 11 -5 17 -10 12 13 14 -8 -16 -17 18 -7 20 22 -21 -20 24 -24 26 -6 -28 -2 -30
right_child=28 2 -4 5 25 9 7 -9 10 -11 -12 -13 -14 -15 15 16 -18 -19 19 21 -22 -23 23 -25 -26 -27 27 -29 29 -31
leaf_value=3.1089042053074758 0.10708609923608066 0.68288152800537094 2.9305117706776844 -0.04369956143280565 1.9497723905517135 -1.922189718403098 -3.8498101394587567 -4.1643091097281921 16.179739991619087 3.5370173424044666 2.6013114645125883 2.7309748064606327 4.5988879741449322 -3.9727345427300151 -4.8685346602755191 1.7582105191216302 -3.6379693062855987 1.9093938820661116 4.5368379830776266 2.0422381808678929 4.0093937716542882 -8.69741834795005 1.3227765487876959 3.7153999608624249 -1.9922835019126115 -5.3673906292777449 -8.5685380608548058 0.089864617894737014 -7.659034720344021 -0.023724409569731011
leaf_weight=76 8682 54 22 52 45 81 26 66 25 56 27 37 30 99 26 65 26 86 21 24 61 21 119 77 97 50 52 30 86 14009
leaf_count=76 8682 54 22 52 45 81 26 66 25 56 27 37 30 99 26 65 26 86 21 24 61 21 119 77 97 50 52 30 86 14009
internal_value=5.36567e-05 0.00272207 0.00185441 0.00136723 -0.00713977 0.00311915 -0.000939261 -0.00493202 0.0134486 0.00614212 0.0268714 -0.00145584 -0.00404263 -0.00702189 0.000349406 0.00555081 0.0115258 0.00451371 0.00249451 0.00523685 0.00759797 -0.0144124 0.00413881 0.00221767 -0.00185099 -0.01214 -0.00668765 -0.0146163 -0.000116345 -0.000705919
internal_weight=24228 1451 1375 1353 231 1122 479 375 104 643 52 309 272 242 143 117 91 587 501 420 375 45 314 293 216 177 127 82 22777 14095
internal_count=24228 1451 1375 1353 231 1122 479 375 104 643 52 309 272 242 143 117 91 587 501 420 375 45 314 293 216 177 127 82 22777 14095
is_linear=0
shrinkage=0.05


Tree=124
num_leaves=31
num_cat=0
split_feature=11 11 11 13 8 14 13 1 9 11 14 14 3 13 0 0 11 0 14 0 14 13 1 0 14 14 1 0 11 0
split_gain=4.03309 7.98297 19.0132 20.9228 8.6555 8.13648 10.3372 20.8599 15.5328 18.802 9.92377 10.2632 8.49753 8.78423 9.91454 8.27213 7.79994 9.36828 9.34327 7.70164 7.57595 7.56799 17.7484 7.99573 7.39983 7.13497 6.51896 6.36229 6.08458 13.2112
threshold=48.928390502929695 47.743755340576179 47.842693328857429 41.445154190063484 -0.98357626795768727 20.587439537048343 94.626880645751967 2.5000000000000004 4.5000000000000009 48.360076904296882 17.495085716247562 14.618633747100832 1.0000000180025095e-35 46.006563186645515 439.50000000000006 180.50000000000003 47.665960311889656 43.500000000000007 94.143215179443374 73.500000000000014 9.4377217292785662 67.954059600830092 4.5000000000000009 28.500000000000004 64.696346282958999 9.8079414367675799 10.500000000000002 213.50000000000003 50.005039215087898 28.500000000000004
decision_type=2 2 2 2 2 2 2 2 2 2 2 2 2 2 2 2 2 2 2 2 2 2 2 2 2 2 2 2 2 2
left_child=1 16 21 -4 -5 10 7 8 9 -7 11 20 13 14 -9 -10 -1 26 19 -19 -6 22 -3 -23 25 -24 -18 -15 -2 -30
right_child=28 2 3 4 5 6 -8 12 15 -11 -12 -13 -14 27 -16 -17 17 18 -20 -21 -22 23 24 -25 -26 -27 -28 -29 29 -31
leaf_value=0.0089875098804824919 -0.15569745858139161 2.9310516593865317 -1.9517194192091587 2.673194213888038 0.26350981138024782 -0.84309059827722688 -0.40113281325917427 2.5229188836656444 0.24488113149706126 0.48969279721455838 2.8428384662234714 -0.67584939906652508 1.1663758451330293 -1.6633499108980545 -6.1570162986910475 3.8843787311840603 -0.92968444552836549 4.2709362323226561 -2.8484307887821618 -0.11568426954378737 1.4833344763867666 0.4703614346108449 3.5726386216662691 -0.2520500684348605 2.6075584420514226 -4.6172746187078175 -5.8524502525322779 1.1024372601015469 0.054969642129600517 -0.060734752458114022
leaf_weight=11557 2732 155 741 93 351 60 39 192 24 65 64 69 82 654 30 59 77 41 95 148 159 26 20 58 83 39 21 180 1748 4566
leaf_count=11557 2732 155 741 93 351 60 39 192 24 65 64 69 82 654 30 59 77 41 95 148 159 26 20 58 83 39 21 180 1748 4566
internal_value=6.19116e-05 0.00055987 0.00275971 0.00136264 0.00388949 0.00320497 0.00104686 0.00178293 0.0163383 0.00519584 0.00785259 0.00578484 -0.000878657 -0.00208314 0.00675371 0.0330927 -3.76913e-05 -0.00706621 -0.00246392 0.00396616 0.00823368 0.0132511 0.0169976 0 0.00422238 -0.00930626 -0.0203874 -0.00443592 -0.000773814 7.91878e-05
internal_weight=24228 15182 3243 2862 2121 2028 1385 1346 208 125 643 579 1138 1056 222 83 11939 382 284 189 510 381 297 84 142 59 98 834 9046 6314
internal_count=24228 15182 3243 2862 2121 2028 1385 1346 208 125 643 579 1138 1056 222 83 11939 382 284 189 510 381 297 84 142 59 98 834 9046 6314
is_linear=0
shrinkage=0.05


Tree=125
num_leaves=31
num_cat=0
split_feature=13 12 13 2 12 5 13 13 10 11 13 1 13 11 8 12 11 0 13 12 13 12 12 8 11 11 14 8 0 1
split_gain=7.45456 6.66706 19.6458 21.2695 14.6172 14.6993 14.1673 19.3553 15.1032 13.6368 13.4252 17.1727 23.8125 19.3198 18.8162 18.2109 15.135 18.7475 14.8903 14.8053 17.5144 18.7184 17.2642 14.6156 13.6918 13.4281 13.2749 11.6282 11.2906 11.1613
threshold=13.382874965667726 47.438241958618171 47.421842575073249 1.0000000180025095e-35 47.620552062988288 1.0000000180025095e-35 75.428649902343764 73.773239135742202 1.5000000000000002 55.319793701171882 47.172147750854499 1.0000000180025095e-35 56.56267166137696 26.756301879882816 0.22540321946144107 27.312630653381351 26.310268402099613 13.500000000000002 62.656835556030281 35.660881042480476 53.396657943725593 37.301280975341804 35.112834930419929 0.043651482090353973 47.795911788940437 30.950027465820316 118.76640701293947 -0.92617508769035328 29.500000000000004 2.5000000000000004
decision_type=2 2 2 2 2 2 2 2 2 2 2 2 2 2 2 2 2 2 2 2 2 2 2 2 2 2 2 2 2 2
left_child=-1 6 3 -3 5 -4 7 10 -8 -7 -2 12 13 -12 15 -15 18 -18 -14 22 21 -21 27 -24 -25 -19 -6 -13 -27 -28
right_child=1 2 4 -5 26 9 8 -9 -10 -11 11 19 16 14 -16 -17 17 25 -20 20 -22 -23 23 24 -26 28 29 -29 -30 -31
leaf_value=1.4915699864262706 -0.34585223025018874 0.67493699898522364 -0.45419822443100277 4.3927141788777933 0.018552271411377674 3.5215775089275612 0.14902514021726532 0.56928317950016682 -0.21303700189964944 0.28387017854055191 -0.19636602668349284 -2.2179618146362929 -0.54386225307314395 -0.18016451893713281 -0.25129105596506562 1.0078507481510748 0.050027703104422554 -0.84670251928601403 0.70072280080134197 -5.3305960018881491 1.090774357891906 0.25536095958741711 5.2476443832375264 -0.99390709854712045 3.9436196439144826 -0.17952268719175138 0.45580374779350824 0.71904880887867828 -0.36559611554471377 -1.0106072768377417
leaf_weight=305 6839 890 53 500 9358 112 35 48 234 118 37 110 30 21 29 103 57 63 40 290 583 294 159 71 111 234 327 1468 51 1680
leaf_count=305 6839 890 53 500 9358 112 35 48 234 118 37 110 30 21 29 103 57 63 40 290 583 294 159 71 111 234 327 1468 51 1680
internal_value=0.000263916 0.000164961 0.000928049 0.00654629 0.000257553 0.01148 -0.00074722 -0.000460609 -0.0120773 0.0169492 -0.000604338 0.00179947 -0.0054879 0.0094687 0.0173089 0.0257857 -0.0114713 -0.0151814 0.00998573 0.00336995 -0.00107103 -0.00719055 0.00607055 0.0162709 0.00658979 -0.0195346 -2.19972e-05 0.00386541 -0.0149071 -0.00371182
internal_weight=24250 23945 13038 1390 11648 283 10907 10638 269 230 10590 3751 665 190 153 124 475 405 70 3086 1167 584 1919 341 182 348 11365 1578 285 2007
internal_count=24250 23945 13038 1390 11648 283 10907 10638 269 230 10590 3751 665 190 153 124 475 405 70 3086 1167 584 1919 341 182 348 11365 1578 285 2007
is_linear=0
shrinkage=0.05


Tree=126
num_leaves=31
num_cat=0
split_feature=12 11 13 11 0 10 11 12 10 0 13 13 0 14 8 12 9 13 7 11 14 12 11 13 8 0 0 0 13 12
split_gain=6.2526 14.0526 17.2649 13.0413 11.2793 11.0336 10.6186 10.0109 9.95823 30.6322 14.8482 15.6155 12.3688 9.77644 10.5549 8.94613 8.81071 11.2426 13.0389 11.6807 9.8552 8.68499 8.46224 18.0958 7.65631 7.61391 7.46381 9.83173 7.203 7.06371
threshold=31.55070781707764 32.405925750732429 65.922466278076186 32.744756698608406 454.50000000000006 2.5000000000000004 23.432121276855472 30.187001228332523 4.5000000000000009 424.50000000000006 71.295005798339858 65.142917633056655 305.50000000000006 20.587439537048343 0.037210106849670417 25.056118011474613 4.5000000000000009 23.505669593811039 1.0000000180025095e-35 23.103230476379398 2.7543928623199467 25.056118011474613 25.235399246215824 75.041618347167983 -0.98576509952545155 210.50000000000003 81.500000000000014 27.500000000000004 28.278591156005863 32.04137039184571
decision_type=2 2 2 2 2 2 2 2 2 2 2 2 2 2 2 2 2 2 2 2 2 2 2 2 2 2 2 2 2 2
left_child=1 2 4 -3 25 13 16 8 10 21 11 12 -7 14 -5 -11 17 -2 19 20 -19 26 23 -8 -23 -1 27 -10 -6 -24
right_child=6 3 -4 5 28 7 22 -9 9 15 -12 -13 -14 -15 -16 -17 -18 18 -20 -21 -22 24 29 -25 -26 -27 -28 -29 -30 -31
leaf_value=0.21189273039756237 -5.7702081055331993 -24.133207755559688 1.1268631065844026 -0.66822419465270499 0.61424727516880184 -0.37115629299027619 1.4205199114399094 -0.82270819400538076 0.01670743866242539 20.420626646403679 0.12972059166854547 -0.32937291645181688 -5.019496219013118 -0.17158728972421644 1.6799785446737887 3.5256852117535398 4.4174579800591491 0.91077153040000991 0.88679096747952257 -3.7927436832611066 -0.67749936075906536 -3.8984082983635471 1.0770546677187027 -1.0303745631199595 0.18702473063050784 -3.0036962097622064 0.03757552942110607 -1.4559450936692548 11.027996558507725 0.019481124978999276
leaf_weight=758 28 26 20 45 26 697 445 672 35 32 46 51 135 139 89 61 25 20 114 28 242 28 155 25 872 90 91 91 24 19140
leaf_count=758 28 26 20 45 26 697 445 672 35 32 46 51 135 139 89 61 25 20 114 28 242 28 155 25 872 90 91 91 24 19140
internal_value=0.000284535 -0.00151436 0.00392114 -0.00311887 0.002895 -0.00282092 0.000642861 -0.00375298 -0.00208031 0.000909016 -0.00597352 -0.00741705 -0.00576854 0.00677408 0.0164057 0.028464 -0.00689127 -0.00856283 -0.00643405 -0.0120648 -0.00877528 -0.00138752 0.000817097 0.00744522 0.000777691 0.00153284 -0.0103639 -0.0182395 0.0259481 0.000655607
internal_weight=24250 4028 918 3110 898 3084 20222 2811 2139 1210 929 883 832 273 134 93 457 432 404 290 262 1117 19765 470 900 848 217 126 50 19295
internal_count=24250 4028 918 3110 898 3084 20222 2811 2139 1210 929 883 832 273 134 93 457 432 404 290 262 1117 19765 470 900 848 217 126 50 19295
is_linear=0
shrinkage=0.05


Tree=127
num_leaves=31
num_cat=0
split_feature=1 14 14 14 0 7 9 7 0 12 12 14 13 10 0 13 0 1 0 11 0 0 10 10 8 8 13 7 0 10
split_gain=5.03721 8.55309 11.2874 5.03414 9.77058 13.6197 10.7014 9.62411 17.442 7.57842 7.55722 7.10841 10.1916 8.80548 7.94329 7.99295 7.55015 8.01056 6.78242 6.59188 12.9753 10.5884 7.46966 6.353 6.70622 6.50047 6.34496 8.18945 13.6408 11.0661
threshold=20.500000000000004 303.76728820800787 1040.2978515625002 201.7736740112305 71.500000000000014 1.0000000180025095e-35 1.5000000000000002 1.0000000180025095e-35 45.500000000000007 55.142854690551765 47.665960311889656 166.68548583984378 37.499044418334968 3.5000000000000004 446.50000000000006 36.121747970581062 130.50000000000003 2.5000000000000004 90.500000000000014 35.916648864746101 296.50000000000006 470.50000000000006 4.5000000000000009 3.5000000000000004 0.46702899038791662 -0.4995256215333938 13.382874965667726 1.0000000180025095e-35 176.50000000000003 1.5000000000000002
decision_type=2 2 2 2 2 2 2 2 2 2 2 2 2 2 2 2 2 2 2 2 2 2 2 2 2 2 2 2 2 2
left_child=3 -2 -3 11 7 6 -6 8 9 -5 -9 26 14 -14 15 16 17 -13 -19 21 23 -8 -23 -21 25 -25 -1 28 -28 -30
right_child=1 2 -4 4 5 -7 19 10 -10 -11 -12 12 13 -15 -16 -17 -18 18 -20 20 -22 22 -24 24 -26 -27 27 -29 29 -31
leaf_value=1.6508608132110805 -0.80310258643302523 1.2590411322481678 -0.46113727746811173 -1.0835793988697426 0.99726647573185978 -2.5816811230690693 -0.0003402460670443475 0.89072703688378663 1.3762665004358745 0.79383221350945621 0.76460776089242222 6.0454991425888354 -4.3899327959057795 0.42743810786402392 6.104094034801399 6.4951223439286139 -0.59811798967416363 -0.22714265637250436 5.608272995974886 0.29467452322532761 1.0284851844830727 -23.680911729972436 -2.6448898084669952 -4.1021723237437246 -7.4947151217222432 1.7786121387931946 0.002359829733205743 -0.45426097281966893 12.813184813531031 0.48804380948282927
leaf_weight=256 122 27 32 259 43 665 181 278 65 42 63 31 49 733 95 25 97 101 27 72 288 47 49 40 54 30 13014 4462 63 2940
leaf_count=256 122 27 32 259 43 665 181 278 65 42 63 31 49 733 95 25 97 101 27 72 288 47 49 40 54 30 13014 4462 63 2940
internal_value=0.00030103 -0.00800663 0.00761421 0.000363537 -0.00193006 -0.00425431 0.000124363 0.00289917 -0.00273149 -0.00780472 0.00894166 0.000591511 0.00440376 0.00115075 0.0111672 0.00693703 0.0042952 0.0109994 0.00546448 -0.00124819 0.00227226 -0.00739805 -0.0208117 -0.00764916 -0.0145044 -0.0042796 0.000378585 0.000280774 0.000808511 0.00384603
internal_weight=24250 181 59 24069 2176 1469 804 707 366 301 341 21893 1158 782 376 281 256 159 128 761 484 277 96 196 124 70 20735 20479 16017 3003
internal_count=24250 181 59 24069 2176 1469 804 707 366 301 341 21893 1158 782 376 281 256 159 128 761 484 277 96 196 124 70 20735 20479 16017 3003
is_linear=0
shrinkage=0.05


Tree=128
num_leaves=31
num_cat=0
split_feature=13 12 11 13 13 13 3 8 12 14 0 12 12 13 0 11 13 7 11 14 13 13 13 10 11 11 9 14 10 14
split_gain=5.1765 4.63809 12.0576 9.59227 14.9736 9.20355 23.3035 10.8188 12.8777 10.9669 10.9995 9.77357 10.5693 8.93764 8.96424 8.80395 8.71259 10.7208 13.4228 8.49038 8.23351 8.16325 7.89161 7.56685 8.43451 7.51563 7.0607 6.04533 10.5073 9.58373
threshold=13.382874965667726 31.55070781707764 30.632782936096195 73.240478515625014 75.428649902343764 59.564762115478523 1.0000000180025095e-35 0.45027472078800207 25.810338020324711 25.819300651550297 25.500000000000004 26.799804687500004 29.771375656127933 58.990369796752937 454.50000000000006 23.432121276855472 23.505669593811039 1.0000000180025095e-35 23.103230476379398 2.7543928623199467 16.572545051574711 28.278591156005863 47.421842575073249 4.5000000000000009 35.692199707031257 24.750582695007328 4.5000000000000009 201.7736740112305 1.5000000000000002 166.68548583984378
decision_type=2 2 2 2 2 2 2 2 2 2 2 2 2 2 2 2 2 2 2 2 2 2 2 2 2 2 2 2 2 2
left_child=-1 2 13 5 -5 6 22 8 9 -7 -11 -8 -13 14 20 16 -3 18 19 -18 -2 -16 27 24 -10 -17 -24 28 -4 -30
right_child=1 15 3 4 -6 7 11 -9 23 10 -12 12 -14 -15 21 25 17 -19 -20 -21 -22 -23 26 -25 -26 -27 -28 -29 29 -31
leaf_value=1.333474390195454 -2.9274135315644774 -4.5420654296772298 5.4434438969526635 0.42679052075147761 -0.049718103241265868 1.3936573946034763 0.035908601586749002 1.7060988325013999 -0.18848293635702085 0.055897518507075007 -0.33096565543154743 1.4840471889840643 0.028442547710019639 1.3509888320596843 0.086617605787944293 1.5910275201429032 0.86511496239334884 0.98179639965940313 -3.6032244905847115 -0.52000744476923377 0.18808219721302707 8.9252903664467453 -0.44535813780368394 -0.0038222878298849851 -0.36304997130510519 0.017813083015690623 3.8860075760269197 -2.2565443368605984 -1.2981877940488382 1.8753235028988706
leaf_weight=305 20 26 24 29 43 25 99 30 30 20 22 47 23 34 21 290 20 123 28 253 642 23 317 40 118 19325 128 255 1734 156
leaf_count=305 20 26 24 29 43 25 99 30 30 20 22 47 23 34 21 290 20 123 28 253 642 23 317 40 118 19325 128 255 1734 156
internal_value=0.000247422 0.000164961 -0.00141749 -0.00277061 0.0152566 -0.00319416 -0.00231756 -0.0117503 -0.0150921 0.00372578 -0.0118765 0.0156712 0.0299572 0.00432374 0.00311571 0.000470967 -0.00644301 -0.00471587 -0.00979741 -0.00640791 0.00166138 0.0249433 -0.00348112 -0.0217969 -0.0270088 0.000629617 0.00258369 -0.00472546 -0.00376156 -0.00417967
internal_weight=24250 23945 3880 3140 72 3068 2783 285 255 67 42 169 70 740 706 20065 450 424 301 273 662 44 2614 188 148 19615 445 2169 1914 1890
internal_count=24250 23945 3880 3140 72 3068 2783 285 255 67 42 169 70 740 706 20065 450 424 301 273 662 44 2614 188 148 19615 445 2169 1914 1890
is_linear=0
shrinkage=0.05


Tree=129
num_leaves=31
num_cat=0
split_feature=13 12 0 13 11 10 11 13 13 13 1 14 14 11 13 13 13 0 8 0 14 1 11 0 14 12 12 13 11 12
split_gain=4.73459 5.16272 11.4626 18.9841 11.0646 9.33757 8.18592 8.85131 7.75686 15.4459 7.48487 9.67689 7.51359 7.41553 14.6311 13.8035 13.9521 9.32753 11.768 10.5568 7.88348 8.93167 10.6768 8.29259 8.20722 7.27561 15.119 23.5835 25.0951 14.7974
threshold=13.382874965667726 31.55070781707764 570.50000000000011 41.872318267822273 22.894024848937992 4.5000000000000009 23.432121276855472 23.505669593811039 74.045745849609389 75.428649902343764 2.5000000000000004 45.216796875000007 24.927899360656742 34.688907623291023 63.63823318481446 62.656835556030281 47.421842575073249 28.500000000000004 0.041801076382398612 15.500000000000002 19.621976852416996 5.5000000000000009 36.551660537719734 13.500000000000002 9.6127634048461932 35.364389419555671 34.706089019775398 61.177734375000007 47.620552062988288 34.766277313232429
decision_type=2 2 2 2 2 2 2 2 2 2 2 2 2 2 2 2 2 2 2 2 2 2 2 2 2 2 2 2 2 2
left_child=-1 2 4 5 -2 -4 7 -3 13 -10 11 12 -9 14 -6 16 20 18 -17 -20 21 22 -15 -23 -24 26 -8 29 -29 -28
right_child=1 6 3 -5 8 -7 25 10 9 -11 -12 -13 -14 15 -16 17 -18 -19 19 -21 -22 23 24 -25 -26 -27 27 28 -30 -31
leaf_value=1.2668006706856803 1.9406114671711934 -4.314962158193369 -1.8363605747559206 10.732440878502787 -0.018061124634589778 5.7051231579163861 0.027203298884330707 -0.87096555876978621 0.69278705447082811 -0.047232198079202453 -0.18266344066636939 -2.8847624999298231 0.10620576982319037 -8.2489224835223105 0.96025070482228081 -0.4548819483031224 0.19910491088600077 -0.31441737265997 -0.43156737010143265 0.027885735291257065 -1.5767113527430592 -4.0072640294565458 1.8199360903495809 0.23223315978683534 4.1995418639987951 0.0055061261403860588 4.8583060054098102 -0.94619444550615917 0.25991277501571092 1.6506744538765699
leaf_weight=305 49 26 94 48 1154 65 2225 23 21 44 340 27 34 27 22 37 451 38 45 75 1393 66 59 143 49 16310 100 45 39 896
leaf_count=305 49 26 94 48 1154 65 2225 23 21 44 340 27 34 27 22 37 451 38 45 75 1393 66 59 143 49 16310 100 45 39 896
internal_value=0.000202061 0.000123198 -0.00154635 0.0098986 -0.00219161 0.00157134 0.000446048 -0.00622084 -0.00251097 0.0145929 -0.00448008 -0.0178359 -0.0061296 -0.00282375 0.000425134 -0.00442701 -0.00329053 -0.0171707 -0.0117759 -0.0041632 -0.00532497 0.00145307 0.011473 -0.00502152 0.0185014 0.000599028 0.00273819 0.00759189 -0.0178359 0.00973798
internal_weight=24250 23945 3880 207 3673 159 20065 450 3624 65 424 84 57 3559 1176 2383 2188 195 157 120 1737 344 135 209 108 19615 3305 1080 84 996
internal_count=24250 23945 3880 207 3673 159 20065 450 3624 65 424 84 57 3559 1176 2383 2188 195 157 120 1737 344 135 209 108 19615 3305 1080 84 996
is_linear=0
shrinkage=0.05


Tree=130
num_leaves=31
num_cat=0
split_feature=11 0 13 8 13 14 8 1 14 14 12 7 14 8 13 13 9 0 1 12 0 13 11 9 10 6 0 12 12 0
split_gain=7.42984 5.89787 8.20076 5.56317 4.91713 4.60474 4.47666 4.32543 3.93433 9.04013 11.7754 12.5205 8.96438 7.79199 6.78714 6.43518 6.89564 7.87046 9.36948 6.24059 10.6433 6.21238 10.1174 11.5793 10.2175 8.65355 8.29004 7.2044 15.4817 14.9567
threshold=62.336055755615241 942.00000000000011 78.804431915283217 -0.83712315559387196 110.47600555419923 1887.367370605469 0.074271079152822508 2.5000000000000004 20.587439537048343 18.314824104309086 49.056907653808601 1.0000000180025095e-35 21.608121871948246 0.75064766407012951 89.543472290039077 41.445154190063484 1.5000000000000002 54.500000000000007 3.5000000000000004 32.599647521972663 55.500000000000007 35.299472808837898 51.735084533691413 3.5000000000000004 3.5000000000000004 1.0000000180025095e-35 14.500000000000002 26.233273506164554 27.454639434814457 19.500000000000004
decision_type=2 2 2 2 2 2 2 2 2 2 2 2 2 2 2 2 2 2 2 2 2 2 2 2 2 2 2 2 2 2
left_child=4 2 3 -2 5 8 -4 -7 9 -1 11 15 14 -13 19 -11 -17 18 -18 -10 -21 22 25 24 26 -14 -24 -23 29 -29
right_child=1 -3 6 -5 -6 7 -8 -9 12 10 -12 13 21 -15 -16 16 17 -19 -20 20 -22 27 23 -25 -26 -27 -28 28 -30 -31
leaf_value=0.03304143083640234 -0.11606064600338756 -0.018179324511546469 -0.0042970388930774206 -1.0876496931770621 -0.43727162092200911 0.44699895932263872 0.42256509802626163 -0.74250285755061707 -0.95907321066949014 4.3827157426017411 0.99765579733526699 -8.036404317114247 0.17364538669035473 -0.54190029143367158 -0.2588021168222216 0.25351544404722148 -0.31553995354589137 1.4326491724305832 0.064170814116093308 0.31647439943553834 -2.6221268838258354 0.27600743063540173 -0.080127418414711479 3.334338250975776 -1.3916846349279315 -0.98244296067343484 2.1823492829560691 -1.9172467882829203 -0.028896820615958066 -0.94830212357594545
leaf_weight=6055 25 32 72 134 61 21 24 113 25 82 215 33 2459 37 29 42 52 114 106 91 71 455 23 173 106 42 38 24 13240 261
leaf_count=6055 25 32 72 134 61 21 24 113 25 82 215 33 2459 37 29 42 52 114 106 91 71 455 23 173 106 42 38 24 13240 261
internal_value=0.00015873 -0.00783699 -0.00529204 -0.0122564 0.000254505 0.000290709 0.0062435 -0.00894855 0.000342824 0.00136578 0.00682719 0.00236001 -6.16302e-05 -0.0171184 -0.0101805 0.00580661 0.00254696 -0.000367512 -0.00759013 -0.00668092 -0.00308452 6.83665e-05 0.00219985 0.0102911 0.000897666 0.00109952 0.0171849 -0.000364804 -0.000573009 -0.012101
internal_weight=24255 287 255 159 23968 23907 96 134 23773 6736 681 466 17037 70 216 396 314 272 158 187 162 16821 2841 340 167 2501 61 13980 13525 285
internal_count=24255 287 255 159 23968 23907 96 134 23773 6736 681 466 17037 70 216 396 314 272 158 187 162 16821 2841 340 167 2501 61 13980 13525 285
is_linear=0
shrinkage=0.05


Tree=131
num_leaves=31
num_cat=0
split_feature=11 0 8 12 12 12 14 11 11 11 11 14 2 0 11 1 11 11 8 0 10 8 2 11 0 14 12 12 14 10
split_gain=6.19859 6.31205 7.23308 5.74553 9.92997 5.85134 3.85446 4.43136 5.06092 4.17261 3.42264 3.39954 3.27949 3.27234 10.1461 10.6641 6.77646 6.57323 8.13151 6.9633 6.47168 6.35074 10.0356 13.9099 19.8964 14.4848 12.6357 12.5502 20.5579 16.9418
threshold=62.336055755615241 942.00000000000011 -0.8588166832923888 36.551660537719734 51.073541641235359 49.224458694458015 1887.367370605469 30.277065277099613 37.575902938842781 55.357992172241218 50.337347030639656 15.372015953063967 1.0000000180025095e-35 22.500000000000004 55.142854690551765 12.500000000000002 54.46644592285157 55.622457504272468 -0.98940393328666676 9.5000000000000018 2.5000000000000004 -0.87165910005569447 1.0000000180025095e-35 32.599647521972663 15.500000000000002 1.746266841888428 34.367332458496101 32.599647521972663 41.059576034545906 4.5000000000000009
decision_type=2 2 2 2 2 2 2 2 2 2 2 2 2 2 2 2 2 2 2 2 2 2 2 2 2 2 2 2 2 2
left_child=6 2 -2 12 5 -5 13 -8 -9 10 -10 -6 -4 14 16 17 21 18 -16 20 -19 -1 23 24 26 -25 -23 -26 29 -29
right_child=1 -3 3 4 11 -7 7 8 9 -11 -12 -13 -14 -15 15 -17 -18 19 -20 -21 -22 22 -24 25 27 -27 -28 28 -30 -31
leaf_value=0.083873665489521465 -0.10290826657248005 -0.017270358285968967 -1.2358330077535198 0.16340435526040784 -0.14088710557727299 0.91887928080220582 -0.87664553613545138 0.73296822499291636 -0.8565965734041292 0.1088451873581846 -5.1121413897066681 -4.8626437457003551 -0.02322452268459756 0.045140375650581537 -0.0066839486846193234 -1.3224370090967756 -0.56324780559560816 -0.43075681821236983 2.8716237118413899 0.20601318274238523 0.69208467794147366 0.852173784117084 -1.4934593661059603 0.16365928262578075 0.10054904192091403 0.019313596566605008 -0.042982684552310961 -0.44979139261915047 -0.82726986822465209 0.66485174619180687
leaf_weight=2348 39 32 32 45 53 31 20 38 31 21 24 26 29 18263 20 63 67 23 38 207 44 57 967 33 68 1286 154 90 73 33
leaf_count=2348 39 32 32 45 53 31 20 38 31 21 24 26 29 18263 20 63 67 23 38 207 44 57 967 33 68 1286 154 90 73 33
internal_value=0.000162852 -0.00714037 -0.00450804 -0.000925497 0.00419084 0.0170828 0.000250333 -0.00820283 -0.00438212 -0.0118265 -0.0190563 -0.00821745 -0.0139116 0.000297893 -0.000762866 0.00696026 -0.00135237 0.010539 0.0258176 0.00729661 -0.00670641 -0.00114502 -0.00277063 -0.000557383 -0.00789308 0.00208475 0.00355282 -0.017039 -0.0234574 -0.0109667
internal_weight=24255 287 255 216 155 76 23968 134 114 76 55 79 61 23834 5571 395 5176 332 58 274 67 5109 2761 1794 475 1319 211 264 196 123
internal_count=24255 287 255 216 155 76 23968 134 114 76 55 79 61 23834 5571 395 5176 332 58 274 67 5109 2761 1794 475 1319 211 264 196 123
is_linear=0
shrinkage=0.05


Tree=132
num_leaves=31
num_cat=0
split_feature=11 0 13 8 14 11 14 11 11 14 7 0 10 13 11 14 0 14 12 13 3 9 11 0 9 8 14 12 13 12
split_gain=8.72267 5.49767 6.45885 5.56317 4.54797 4.13093 4.06962 3.94039 4.17261 3.43492 9.28249 12.1514 9.66154 8.641 15.8023 10.3094 11.1104 10.6828 8.81498 11.4587 21.0287 13.4613 11.8965 11.6617 10.2463 9.35866 14.0458 14.8096 13.0752 11.9185
threshold=62.336055755615241 942.00000000000011 78.804431915283217 -0.83712315559387196 1887.367370605469 30.277065277099613 48.582357406616218 37.575902938842781 55.357992172241218 26.878417968750004 1.0000000180025095e-35 128.50000000000003 2.5000000000000004 75.041618347167983 27.473635673522953 28.476300239562992 8.5000000000000018 29.739238739013675 55.142854690551765 84.021179199218764 1.0000000180025095e-35 2.5000000000000004 50.950229644775398 61.500000000000007 3.5000000000000004 -0.93042355775833119 56.701896667480476 53.027666091918952 100.89768600463869 49.273948669433601
decision_type=2 2 2 2 2 2 2 2 2 2 2 2 2 2 2 2 2 2 2 2 2 2 2 2 2 2 2 2 2 2
left_child=4 2 3 -2 9 -6 -4 -7 -9 10 -1 -12 -13 -11 -15 -16 -17 -18 24 20 21 -20 -21 -23 25 -19 27 29 -28 -27
right_child=1 -3 6 -5 5 7 -8 8 -10 13 11 12 -14 14 15 16 17 18 19 22 -22 23 -24 -25 -26 26 28 -29 -30 -31
leaf_value=0.068331545344670452 -0.10511220037459452 -0.016406840371670485 -0.070288062468240584 -0.97147555813053332 -0.83281325932867889 0.69631981374327057 0.16495418188527788 -1.9849265808326777 0.1034029279902768 0.028039463640362073 0.26329951885701119 1.8580041228189375 -4.5929900313055896 -1.0431666889338906 -0.35718789261054823 0.14720816497469774 0.37443327510682001 -0.4874670067349669 -4.8750767833819948 -0.20773237026468935 1.4374449937581391 1.8103017661946552 0.25846584114570137 0.15157160427606586 -0.24838579354201684 -0.025795772162231945 0.13805456643954114 1.112439124019782 -0.13882365988038112 -0.40616259727536808
leaf_weight=7322 25 32 64 134 20 38 32 55 21 14170 442 61 301 46 65 23 38 22 34 128 51 36 26 131 538 136 163 22 25 54
leaf_count=7322 25 32 64 134 20 38 32 55 21 14170 442 61 301 46 65 23 38 22 34 128 51 36 26 131 538 136 163 22 25 54
internal_value=0.00012987 -0.00853361 -0.00607605 -0.0122564 0.000233644 -0.00894855 0.00416233 -0.00525855 -0.0118265 0.000285306 0.00111985 -0.0039796 -0.0107705 -0.000146421 -0.00370587 -0.00281482 -0.00192698 -0.0024927 -0.00322085 0.00295494 0.00952003 0.00223769 -0.00778715 0.00807899 -0.00583273 0 0.00174956 -0.00707214 0.0116959 -0.0115729
internal_weight=24255 287 255 159 23968 134 96 114 76 23834 8126 804 362 15708 1538 1492 1427 1404 1366 406 252 201 154 167 960 422 400 212 188 190
internal_count=24255 287 255 159 23968 134 96 114 76 23834 8126 804 362 15708 1538 1492 1427 1404 1366 406 252 201 154 167 960 422 400 212 188 190
is_linear=0
shrinkage=0.05


Tree=133
num_leaves=31
num_cat=0
split_feature=11 8 8 14 13 0 0 13 8 1 14 13 11 11 10 1 7 1 0 14 0 0 10 11 11 11 14 12 1 0
split_gain=6.21961 5.32846 9.18269 4.57695 4.52673 10.2176 8.40245 8.01013 4.69937 4.32543 3.39587 7.06361 9.37662 7.05082 7.4038 6.88447 6.8414 10.3321 15.0668 8.40475 7.88181 11.3974 11.1034 10.9954 7.58292 9.14964 7.31239 7.06692 6.69733 8.68143
threshold=62.336055755615241 -0.8588166832923888 -0.45830574631690973 1887.367370605469 75.041618347167983 677.50000000000011 36.500000000000007 62.040716171264656 0.13341730087995532 2.5000000000000004 26.878417968750004 35.299472808837898 51.735084533691413 52.559797286987312 3.5000000000000004 11.500000000000002 1.0000000180025095e-35 2.5000000000000004 132.50000000000003 4.90397071838379 98.500000000000014 124.50000000000001 1.5000000000000002 52.973001480102546 58.278524398803718 57.477209091186531 16.667299270629886 57.748405456542976 5.5000000000000009 354.50000000000006
decision_type=2 2 2 2 2 2 2 2 2 2 2 2 2 2 2 2 2 2 2 2 2 2 2 2 2 2 2 2 2 2
left_child=3 -2 -3 10 7 6 -6 8 -4 -5 16 12 -12 -14 15 -15 19 -18 26 -1 24 23 -23 -22 25 -21 -19 28 -24 -30
right_child=1 2 4 9 5 -7 -8 -9 -10 -11 11 -13 13 14 -16 -17 17 18 -20 20 21 22 27 -25 -26 -27 -28 -29 29 -31
leaf_value=-0.024429807299894437 -0.092507243225125546 0.31131941470348573 -3.4870978447709398 0.41403660558908656 -0.0032189715146598631 -0.015586498353086854 0.88684609152639526 -5.7037688885676694 -0.045866164310075244 -0.63697737638535912 0.10771221216070792 -0.04835515340414212 4.2038988189228119 2.4264414402407866 0.43930529420970577 0.13363167705700452 2.3587502989647038 0.72387334385582613 -3.8186854768448324 0.052786956132791829 2.9668533741315382 14.586434193969289 0.96209955518775703 -2.9975953456993798 0.82897322477780655 -0.45486335426253466 -1.460914634896878 -0.66254605796511612 -2.4363636347427491 4.2197004480699976
leaf_weight=1899 39 24 25 21 65 32 21 23 58 113 2399 12976 64 48 193 28 91 242 310 4149 130 31 763 22 91 45 161 42 123 27
leaf_count=1899 39 24 25 21 65 32 21 23 58 113 2399 12976 64 48 193 28 91 242 310 4149 130 31 763 22 91 45 161 42 123 27
internal_value=0.000175221 -0.00714037 -0.0044337 0.000262849 -0.0075859 -0.00084674 0.00813008 -0.0150801 -0.0078219 -0.00894855 0.000314675 -0.000114591 0.00219611 0.010057 0.00650316 0.0197109 0.00114446 -0.00323343 -0.00525873 0.00162522 0.00262765 0.00632633 0.00436061 0.0190664 0.00164524 0.00133521 0.00111635 0.00340279 0.00432592 -0.00532978
internal_weight=24255 287 248 23968 224 118 86 106 83 134 23834 15708 2732 333 269 76 8126 804 713 7322 5423 1138 986 152 4285 4194 403 955 913 150
internal_count=24255 287 248 23968 224 118 86 106 83 134 23834 15708 2732 333 269 76 8126 804 713 7322 5423 1138 986 152 4285 4194 403 955 913 150
is_linear=0
shrinkage=0.05


Tree=134
num_leaves=31
num_cat=0
split_feature=11 13 8 8 13 0 0 13 14 1 7 1 0 14 9 11 14 13 11 11 11 11 0 9 0 9 11 11 11 8
split_gain=5.34689 4.89655 4.29634 5.26854 4.82069 9.18617 7.78071 7.72388 3.91401 7.48856 6.20946 8.52672 13.1049 7.07519 6.89914 6.87614 6.56882 6.30174 6.26298 5.97494 15.1543 7.16978 7.32128 9.12659 10.6567 6.46657 6.41732 11.153 11.6189 5.98428
threshold=62.558259963989265 110.47600555419923 -0.8588166832923888 -0.44071812927722925 75.041618347167983 677.50000000000011 36.500000000000007 62.040716171264656 26.878417968750004 20.500000000000004 1.0000000180025095e-35 2.5000000000000004 128.50000000000003 4.7664160728454599 2.5000000000000004 24.921835899353031 16.304504394531254 52.600257873535163 22.894024848937992 32.883178710937507 33.901655197143562 32.599647521972663 165.50000000000003 3.5000000000000004 20.500000000000004 4.5000000000000009 34.367332458496101 35.111595153808601 35.350015640258796 -0.98576509952545155
decision_type=2 2 2 2 2 2 2 2 2 2 2 2 2 2 2 2 2 2 2 2 2 2 2 2 2 2 2 2 2 2
left_child=1 8 -2 -4 7 6 -6 -5 9 10 13 -12 14 15 16 17 -13 -1 -15 21 -21 22 23 -17 29 -26 -22 -28 -29 -25
right_child=2 -3 3 4 5 -7 -8 -9 -10 -11 11 12 -14 18 -16 19 -18 -19 -20 20 26 -23 -24 24 25 -27 27 28 -30 -31
leaf_value=0.16211084037266765 -0.076283034466220562 -0.39738790635770305 0.19966595157988642 -1.1156973696963388 -0.0030580229389268968 -0.014528425762702569 1.048921154092662 -5.4185804441392866 -0.012921891238663542 -0.46493115848756938 2.2408127840164691 0.048663518482582394 -3.6828122115812736 -0.68423910959349998 1.5736212624551902 -0.69096029457498576 -3.3170534903050881 1.8710042354600092 0.13757025719604457 2.4609396909324928 -3.0345054372223998 -2.0179299521232466 -8.129728751812257 0.58480209855169318 0.46299278365902197 -1.6455757812834175 2.1524604153250695 -1.7607240040848098 -0.023208316934899643 4.9023393306397161
leaf_weight=61 37 61 20 45 65 31 20 23 15866 76 91 98 318 93 224 132 69 25 5371 40 28 25 20 23 36 20 48 23 1241 25
leaf_count=61 37 61 20 45 65 31 20 23 15866 76 91 98 318 93 224 132 69 25 5371 40 28 25 20 23 36 20 48 23 1241 25
internal_value=0.000150484 0.000224868 -0.0072584 -0.0044096 -0.00706138 -0.000861326 0.00763807 -0.0176211 0.000260927 0.00115616 0.00130444 -0.00287464 -0.0047243 0.00176811 0.00140629 -0.00100166 -0.00628366 0.0127758 0.00265368 -0.00171573 -0.000362293 -0.00836001 -0.00585709 -0.00338839 0.00768492 -0.00713012 -0.00126856 -0.000762137 -0.00166126 0.024948
internal_weight=24255 24014 241 204 184 116 85 68 23953 8087 8011 800 709 7211 391 1747 167 86 5464 1661 1380 281 256 236 104 56 1340 1312 1264 48
internal_count=24255 24014 241 204 184 116 85 68 23953 8087 8011 800 709 7211 391 1747 167 86 5464 1661 1380 281 256 236 104 56 1340 1312 1264 48
is_linear=0
shrinkage=0.05


Tree=135
num_leaves=31
num_cat=0
split_feature=11 12 5 12 13 13 0 14 12 14 12 13 0 12 12 9 14 14 14 8 13 8 7 2 11 9 8 14 3 8
split_gain=6.20687 4.01188 7.002 6.15281 12.2183 9.74077 17.7248 9.84815 5.67113 6.67314 6.10112 8.57168 8.95734 5.52971 12.1692 10.2853 7.84318 12.0068 6.85817 6.77598 8.73384 6.40923 5.87072 5.66476 7.59252 7.16006 9.49096 6.47229 5.29108 9.07417
threshold=62.558259963989265 62.830816268920906 1.0000000180025095e-35 59.812217712402351 90.406482696533217 93.412864685058608 76.500000000000014 13.124662876129152 58.885215759277351 121.47436904907228 58.595743179321296 83.201320648193374 154.50000000000003 57.477209091186531 56.310926437377937 1.5000000000000002 8.8423743247985858 143.11688995361331 28.829618453979496 -0.84484213590621937 77.488227844238295 0.090524967759847655 1.0000000180025095e-35 1.0000000180025095e-35 38.147008895874031 4.5000000000000009 -0.85149553418159474 125.51198196411134 1.0000000180025095e-35 -0.80479145050048817
decision_type=2 2 2 2 2 2 2 2 2 2 2 2 2 2 2 2 2 2 2 2 2 2 2 2 2 2 2 2 2 2
left_child=1 3 -3 8 28 -6 7 -7 10 -10 13 12 -12 14 -1 -15 21 22 19 -17 -21 -16 -18 24 27 26 -25 -20 29 -5
right_child=-2 2 -4 4 5 6 -8 -9 9 -11 11 -13 -14 15 16 18 17 -19 23 20 -22 -23 -24 25 -26 -27 -28 -29 -30 -31
leaf_value=0.0037869096801080638 -0.03341562493269095 0.40565522426104295 -5.0019966405413392 1.1771347175336595 -0.22906447903843485 0.055715255404120617 0.33118529089356347 -0.30214392559682324 -4.4318266100601535 1.0699392778792194 5.8974587537326446 -0.6275284524289777 0.82018734960926953 -6.7253802520437249 -0.45103552138616226 -0.028289213190604914 0.56542729594690933 -0.55901980398210005 -0.42720667175424443 -8.4351318695558835 -0.23244439882973503 0.038340846752966944 15.763599736666826 1.0116278981979048 0.9500106378160571 0.70608623323539499 -10.971630481651118 4.0836169604794526 0.75808941320799839 -0.51773296673492841
leaf_weight=22726 242 36 30 66 33 38 23 46 50 22 35 21 52 24 38 66 104 32 21 48 36 22 20 22 35 91 39 24 72 91
leaf_count=22726 242 36 30 66 33 38 23 46 50 22 35 21 52 24 38 66 104 32 21 48 36 22 20 22 35 91 39 24 72 91
internal_value=0.000117744 0.000198221 -0.0121029 0.000232246 0.00663777 -0.00499643 0.00233427 -0.00832342 0.000131757 -0.0138696 0.000174795 0.0120259 0.0189437 0.000119924 0.000222299 -0.00566363 0.0120315 0.0179372 -0.00366396 -0.011992 -0.0214031 -0.00332779 0.0249799 0.0017234 0.0124844 -0.00394477 -0.0171849 -0.00110865 0.0137495 0.00859325
internal_weight=24205 23963 66 23897 369 140 107 84 23528 72 23456 108 87 23348 22942 406 216 156 382 150 84 60 124 232 80 152 61 45 229 157
internal_count=24205 23963 66 23897 369 140 107 84 23528 72 23456 108 87 23348 22942 406 216 156 382 150 84 60 124 232 80 152 61 45 229 157
is_linear=0
shrinkage=0.05


Tree=136
num_leaves=31
num_cat=0
split_feature=11 1 13 11 13 13 0 8 14 0 10 13 13 14 11 0 11 11 0 8 11 8 0 11 13 13 0 0 10 13
split_gain=5.51899 5.2969 16.2015 25.102 17.6652 16.0088 15.2751 12.5724 13.1645 10.5715 20.2881 10.3608 14.7205 10.6666 10.3543 9.67279 14.008 14.774 13.7478 13.049 16.6066 10.9223 9.22328 9.17999 9.17874 12.2541 8.31851 10.3209 8.24386 7.49379
threshold=62.558259963989265 1.0000000180025095e-35 55.238517761230476 32.744756698608406 78.804431915283217 60.784336090087898 25.500000000000004 0.367367833852768 13.124662876129152 25.500000000000004 3.5000000000000004 59.364721298217781 66.050376892089858 7.6355199813842782 29.06359958648682 29.500000000000004 35.625820159912116 37.867317199707038 26.500000000000004 0.21828588843345645 49.177583694458015 0.066496599465608611 21.500000000000004 29.06359958648682 59.204015731811531 60.338130950927741 78.500000000000014 59.500000000000007 4.5000000000000009 93.412864685058608
decision_type=2 2 2 2 2 2 2 2 2 2 2 2 2 2 2 2 2 2 2 2 2 2 2 2 2 2 2 2 2 2
left_child=1 2 6 4 5 -4 22 8 11 14 -11 -5 13 -13 -7 18 21 -18 19 -10 -21 -17 -1 -12 -19 -26 27 -14 -9 -3
right_child=-2 29 3 7 -6 9 -8 28 15 10 23 12 26 -15 -16 16 17 24 -20 20 -22 -23 -24 -25 25 -27 -28 -29 -30 -31
leaf_value=0.24685036991745266 -0.031744843686055901 0.042527354342733942 -0.62695663631460841 1.9849628374923054 -0.62783626633832101 -0.23964442478272013 -0.044111030946697133 -0.18026923745538889 -0.072719589662820869 0.80155583714641665 -0.28525062589489886 -0.52466822464492646 0.068512987216930915 0.10077689425936837 -0.60590457761113381 0.63383249845755962 -1.1813648710823077 -0.3768048478669222 0.03900880247429353 0.30759161119735412 -0.33729924389394594 -0.24725768544303436 1.084628277083477 0.20205642788481876 0.42583402924959091 -0.16603459651795377 1.7823520834654645 -0.87617047713098062 -0.69713793492031051 0.08532504465559719
leaf_weight=162 242 20802 67 24 66 106 184 26 566 21 82 53 531 40 58 21 60 24 114 50 24 31 42 52 24 503 26 39 21 144
leaf_count=162 242 20802 67 24 66 106 184 26 566 21 82 53 531 40 58 21 60 24 114 50 24 31 42 52 24 503 26 39 21 144
internal_value=7.64302e-05 0.000152318 -0.00180637 -0.00321403 -0.013935 -0.00984201 0.00772997 -0.000987552 -0.000422515 -0.00517079 0.00419084 0.0051185 0.00399071 -0.0145005 -0.0140158 -0.00321078 -0.00761574 -0.00973654 0.000663042 -0.00218716 0.0175439 0.0172745 0.0171485 -0.00298285 -0.00716748 -0.00578638 0.00687804 0.00561305 -0.0265393 0.000434448
internal_weight=24205 23963 3017 2629 452 386 388 2177 2130 319 155 713 689 93 164 1417 663 611 754 640 74 52 204 134 551 527 596 570 47 20946
internal_count=24205 23963 3017 2629 452 386 388 2177 2130 319 155 713 689 93 164 1417 663 611 754 640 74 52 204 134 551 527 596 570 47 20946
is_linear=0
shrinkage=0.05


Tree=137
num_leaves=31
num_cat=0
split_feature=1 0 1 12 3 11 1 12 2 14 8 11 11 13 13 14 13 12 12 0 8 11 11 9 13 11 11 8 8 0
split_gain=5.41937 11.5795 8.94042 8.21567 8.71605 8.10891 10.2427 8.42108 7.67618 7.39962 7.06521 6.46524 9.50096 12.7561 10.3297 9.28748 6.78557 6.26017 6.0449 6.02348 6.68978 6.9198 6.02028 5.98925 5.88529 6.80198 6.60042 5.57512 17.8963 20.8417
threshold=11.500000000000002 178.50000000000003 10.500000000000002 52.448404312133796 1.0000000180025095e-35 57.965570449829109 15.500000000000002 58.425312042236335 1.0000000180025095e-35 2.7543928623199467 -0.95341250300407399 49.811967849731452 31.291240692138675 65.52368545532228 65.348667144775405 84.096794128417983 44.11133003234864 32.925607681274421 51.279891967773445 19.500000000000004 -0.87782016396522511 49.273410797119148 48.451128005981452 1.5000000000000002 32.725118637084968 29.775637626647953 33.93211746215821 1.0000000180025095e-35 0.035821216180920608 906.50000000000011
decision_type=2 2 2 2 2 2 2 2 2 2 2 2 2 2 2 2 2 2 2 2 2 2 2 2 2 2 2 2 2 2
left_child=2 5 27 4 -4 7 -7 8 9 -2 -10 12 14 18 16 -13 17 -11 -14 20 -12 -22 -15 -17 -21 -26 -27 -1 29 -29
right_child=1 -3 3 -5 -6 6 -8 -9 10 11 19 15 13 22 -16 23 -18 -19 -20 24 21 -23 -24 -25 25 26 -28 28 -30 -31
leaf_value=0.16275959034803691 -0.75580311027197955 2.7122258480107435 1.0489819101010376 -0.50165567259147115 1.5631510013451639 -2.6791925682849382 0.39753301861821005 -1.9157971538252629 0.094310234654061284 0.74859996909803084 -0.91841832450594318 -0.32245889223286428 1.0806818998422398 1.2911451911661604 -0.39287532818339843 0.79335480772523792 0.90610527881287062 -1.1685543807377734 -1.1652767406840143 -2.9934264596352484 -3.8407056101904988 0.3214271363842362 0.47441559450181253 -0.10329874021359449 2.5161532692778064 -6.4724917030963827 -0.64505090482785876 -0.2191642516821137 0.0039107143054721407 -31.019118630206677
leaf_weight=7397 31 49 415 63 69 45 30 23 373 24 157 111 149 44 21 20 41 23 24 85 62 20 20 32 43 21 278 1496 13001 38
leaf_count=7397 31 49 415 63 69 45 30 23 373 24 157 111 149 44 21 20 41 23 24 85 62 20 20 32 43 21 278 1496 13001 38
internal_value=0.000150795 -0.0025491 0.00035811 0.00667154 0.00888246 -0.00324966 -0.0193076 -0.00249672 -0.00205813 0.00277726 -0.00457126 0.00422314 0.00809015 0.0137073 -0.00412466 -0.00398529 0.00340522 -0.00955414 0.00664356 -0.00765651 -0.0140109 -0.0255786 0.0327613 0.0134357 -0.0040974 -0.00116925 -0.00384487 0.000200619 -0.000368075 -0.00547552
internal_weight=24205 1726 22479 547 484 1677 75 1602 1579 540 1039 509 346 237 109 163 88 47 173 666 239 82 64 52 427 342 299 21932 14535 1534
internal_count=24205 1726 22479 547 484 1677 75 1602 1579 540 1039 509 346 237 109 163 88 47 173 666 239 82 64 52 427 342 299 21932 14535 1534
is_linear=0
shrinkage=0.05


Tree=138
num_leaves=31
num_cat=0
split_feature=11 8 0 9 13 14 12 11 11 13 13 14 12 14 14 14 13 1 0 8 8 1 12 13 11 12 14 14 13 14
split_gain=5.34317 6.00432 6.21785 4.33091 9.52705 12.9167 12.1751 12.0736 10.3807 13.8075 8.85682 16.5555 18.3333 20.7033 10.5271 16.4713 10.5377 8.62601 8.0256 9.82312 9.98696 9.71127 11.8151 10.4533 17.4192 14.4722 13.4459 11.1339 9.0724 7.40476
threshold=62.336055755615241 -0.77570882439613331 1584.5000000000002 2.5000000000000004 71.06156158447267 3.7096201181411748 51.518028259277351 50.981815338134773 48.726696014404304 54.000169754028327 75.428649902343764 34.990171432495124 55.852228164672859 93.197116851806655 92.200622558593764 77.115783691406264 107.48803329467775 8.5000000000000018 104.50000000000001 0.095445133745670332 0.090524967759847655 9.5000000000000018 56.098058700561531 88.409530639648452 57.965570449829109 49.597911834716804 11.219973564147951 63.074302673339851 79.111354827880874 121.47436904907228
decision_type=2 2 2 2 2 2 2 2 2 2 2 2 2 2 2 2 2 2 2 2 2 2 2 2 2 2 2 2 2 2
left_child=3 -2 -3 4 6 7 -1 -6 -8 -10 11 17 13 -13 15 16 18 -7 19 20 21 22 23 25 27 26 -12 -25 -28 -16
right_child=1 2 -4 -5 5 10 8 -9 9 -11 14 12 -14 -15 29 -17 -18 -19 -20 -21 -22 -23 -24 24 -26 -27 28 -29 -30 -31
leaf_value=-0.060999720429005144 -0.095050767797748403 -0.0069511744001317767 -0.010739516758903278 0.040542446410185562 0.76394666315235282 0.60495943410588326 -3.9870782315793067 -0.1492897501535449 2.4421388793319938 -0.8384211809202704 -0.53625907479016277 -0.14705240564839786 -8.6305511604710698 3.9514119514752029 -0.96733015299143832 0.30597522915557501 -0.35224769900367509 -0.32145737695188148 3.2617740841711647 -0.23489928153412018 0.37064030204513898 1.2248666131361283 0.24260250079589271 -0.41810269110357656 0.2101048993257591 0.67555942674858471 -0.14620744913601877 0.097935645879882932 0.0014515883571142752 -0.059906790862726038
leaf_weight=4574 45 224 23 17681 68 101 154 33 63 245 28 78 33 33 29 27 41 24 32 141 60 36 85 104 31 72 45 20 55 20
leaf_count=4574 45 224 23 17681 68 101 154 33 63 245 28 78 33 33 29 27 41 24 32 141 60 36 85 104 31 72 45 20 55 20
internal_value=0.000216896 -0.00650462 -0.0034399 0.000298999 -0.00083439 0.00317699 -0.0017871 0.020277 -0.00952175 -0.00421941 0.00159803 0.00947603 -0.00208189 0.00765077 -0.000968406 0.000450392 -0.000933209 0.0227818 0.000493583 -0.000664599 0.00242492 0 -0.00204499 -0.00605463 -0.0157963 0.00149925 -0.00858704 -0.0241741 0 -0.0234216
internal_weight=24205 292 247 23913 6232 1196 5036 101 462 308 1095 269 144 111 826 777 750 125 709 677 536 476 440 355 155 200 128 124 100 49
internal_count=24205 292 247 23913 6232 1196 5036 101 462 308 1095 269 144 111 826 777 750 125 709 677 536 476 440 355 155 200 128 124 100 49
is_linear=0
shrinkage=0.05


Tree=139
num_leaves=31
num_cat=0
split_feature=0 12 13 13 8 0 14 12 12 12 1 8 14 14 1 9 14 14 13 13 8 0 13 13 14 12 13 0 12 12
split_gain=4.82192 5.82551 12.6564 20.4769 14.4028 11.8306 8.88789 7.97271 9.40893 8.09716 6.99518 6.85126 6.71558 6.89094 6.3931 6.91154 7.79238 6.23286 11.3257 9.44583 13.5279 13.2277 12.0932 10.4824 9.14255 9.05794 9.00897 10.7275 8.64685 7.78657
threshold=22.500000000000004 47.488933563232429 65.142917633056655 66.853481292724624 0.048003071919083602 16.500000000000004 34.990171432495124 37.867317199707038 37.500495910644538 37.056631088256843 8.5000000000000018 -0.93743476271629322 31.585072517395023 44.218490600585945 7.5000000000000009 4.5000000000000009 47.527666091918952 13.801052093505861 51.48985671997071 53.590007781982429 -0.39943820238113398 13.500000000000002 61.39555740356446 41.199930191040046 10.49367666244507 35.047574996948249 34.443407058715827 20.500000000000004 27.133479118347172 32.109371185302741
decision_type=2 2 2 2 2 2 2 2 2 2 2 2 2 2 2 2 2 2 2 2 2 2 2 2 2 2 2 2 2 2
left_child=1 2 7 -4 -5 12 -7 8 9 14 11 -10 -6 -14 17 -16 -17 18 24 20 -19 -21 -23 26 29 -25 27 28 -22 -1
right_child=-2 -3 3 4 5 6 -8 -9 10 -11 -12 -13 13 -15 15 16 -18 19 -20 21 23 22 -24 25 -26 -27 -28 -29 -30 -31
leaf_value=0.34778840919745629 0.027966151009555421 0.0096004122401732069 -0.55635323761631683 8.7502095197640966 -0.05648038993321567 -0.20435268482986224 -0.77285123759672691 -1.513448532499643 4.7538615166871327 -4.2126350659629948 -1.0831168159233884 0.52307025356677705 0.06003960815178342 -0.046458613525092757 0.33554383694398315 -1.4847841405563766 0.82026553995637408 -1.823431996255386 0.8685694292476811 0.023344120535255898 -0.87928345527218399 -0.79783146253466064 -0.042180277225995155 0.72370276046289705 1.2742211132347925 -0.19022928900924435 -1.9678931920352853 -5.4366362983653964 4.2349718437231152 -3.4960043626695483
leaf_weight=134 18529 3096 64 20 74 47 30 150 25 67 29 67 36 44 604 41 21 342 101 39 22 86 39 107 47 37 52 23 40 192
leaf_count=134 18529 3096 64 20 74 47 30 150 25 67 29 67 36 44 604 41 21 342 101 39 22 86 39 107 47 37 52 23 40 192
internal_value=0.000200371 -0.00107468 -0.00282935 -0.0122183 -0.00577459 -0.00930333 -0.0252918 -0.00152311 -0.000732826 -0.00155459 0.0127993 0.019544 -0.00129786 0.00873908 -0.000959992 0.00300255 -0.0128824 -0.00305289 0.00147648 -0.00578071 -0.00296903 -0.0164534 -0.0243805 0.00515831 -0.00254623 0.0145732 -0.00474106 0.0052879 0.0161031 -0.00551978
internal_weight=24205 5676 2580 315 251 231 77 2265 2115 1994 121 92 154 80 1927 666 62 1261 474 787 623 164 125 281 373 144 137 85 62 326
internal_count=24205 5676 2580 315 251 231 77 2265 2115 1994 121 92 154 80 1927 666 62 1261 474 787 623 164 125 281 373 144 137 85 62 326
is_linear=0
shrinkage=0.05


Tree=140
num_leaves=31
num_cat=0
split_feature=11 8 8 13 14 1 1 14 12 11 12 12 12 12 1 0 11 11 12 12 12 14 12 11 0 0 12 8 13 11
split_gain=5.9695 5.19889 4.90238 4.85752 18.0971 8.60846 16.0043 11.4963 11.1904 8.57423 8.47952 9.08247 8.03537 9.47415 8.11135 8.01633 7.95213 13.5865 9.62154 10.7486 16.0917 13.2729 10.0621 11.1609 15.1035 10.0128 8.45559 9.60936 7.01545 6.65879
threshold=62.558259963989265 -0.8588166832923888 0.91091269254684459 80.965160369873061 13.467717647552492 7.5000000000000009 2.5000000000000004 44.750740051269538 40.618124008178718 57.965570449829109 49.381553649902351 51.595560073852546 47.917734146118171 48.627479553222663 1.5000000000000002 18.500000000000004 53.81341743469239 54.83717346191407 49.360107421875007 47.980693817138679 47.730339050292976 41.059576034545906 51.008213043212898 49.273410797119148 29.500000000000004 16.500000000000004 48.320014953613288 0.066496599465608611 86.769733428955092 36.490407943725593
decision_type=2 2 2 2 2 2 2 2 2 2 2 2 2 2 2 2 2 2 2 2 2 2 2 2 2 2 2 2 2 2
left_child=3 -2 -3 -1 9 6 16 -7 -8 12 28 -12 14 -14 -5 -11 18 -18 19 20 21 -6 -20 25 -25 -24 -21 -28 -10 -15
right_child=1 2 -4 4 5 7 8 -9 10 15 11 -13 13 29 -16 -17 17 -19 22 26 -22 -23 23 24 -26 -27 27 -29 -30 -31
leaf_value=0.027539804787029488 -0.091696536958339445 0.019970237984584572 -0.026534545831459866 -0.35990640532115814 -0.076284933599949062 -0.24031751606342697 -0.11059827194454358 -0.52251149106843264 0.52718782205189008 0.013790583624932752 -0.35175677889661228 0.23208264530492217 0.67996173456460951 -0.37856083824399767 0.29515024733064305 1.3805872944137165 -0.31633311802455638 -0.099406103155485329 -0.326344041745047 0.57187610920143528 -0.44818662395949105 0.26537309052800356 0.16654187225092443 0.50295045980651987 -0.070925931794379699 -0.2014960145708031 0.25315177219130336 -0.17137118681186614 0.30038594517468253 0.082307276900679585
leaf_weight=22236 39 139 74 37 49 87 22 51 31 23 31 123 59 50 30 20 52 113 88 34 49 23 29 43 109 141 45 91 48 331
leaf_count=22236 39 139 74 37 49 87 22 51 31 23 31 123 59 50 30 20 52 113 88 34 49 23 29 43 109 141 45 91 48 331
internal_value=0.000117298 -0.00753669 -0.004458 0.000197545 -0.00229396 -0.00559924 -0.00414771 -0.0173787 0.00686005 0.00527177 0.0100815 0.00324465 0.003451 0.00590775 -0.0126677 0.0266821 -0.00738945 -0.0172623 -0.00506347 0.00188939 -0.00949628 0.00554785 -0.00999756 -0.00589879 0.00394477 -0.0146972 0.00999412 0.00440852 0.0233881 0.00301758
internal_weight=24297 252 213 24045 1809 1259 1121 138 255 550 233 154 507 440 67 43 866 165 701 291 121 72 410 322 152 170 170 136 79 381
internal_count=24297 252 213 24045 1809 1259 1121 138 255 550 233 154 507 440 67 43 866 165 701 291 121 72 410 322 152 170 170 136 79 381
is_linear=0
shrinkage=0.05


Tree=141
num_leaves=31
num_cat=0
split_feature=11 8 8 4 10 0 9 12 0 5 13 12 1 1 8 11 12 11 13 12 13 14 13 14 14 8 9 0 11 0
split_gain=6.08562 5.19889 4.90238 4.45448 10.7509 14.2702 10.3105 11.355 11.0552 12.0683 10.0861 9.62593 9.13177 8.34289 11.8287 11.0702 7.92226 8.01718 9.06593 15.8052 7.64555 8.43679 7.25747 7.20151 7.09858 6.88134 6.71323 6.29876 13.2327 9.88138
threshold=62.558259963989265 -0.8588166832923888 0.91091269254684459 1.0000000180025095e-35 2.5000000000000004 315.50000000000006 3.5000000000000004 26.233273506164554 104.50000000000001 1.0000000180025095e-35 55.013584136962898 36.551660537719734 5.5000000000000009 5.5000000000000009 0.0014035426429472866 54.642147064208991 53.342002868652351 23.103230476379398 52.02202224731446 51.324546813964851 24.12955474853516 180.40700531005862 58.105291366577156 1217.7867431640627 81.449752807617202 -0.79402852058410633 3.5000000000000004 22.500000000000004 55.142854690551765 5.5000000000000009
decision_type=2 2 2 2 2 2 2 2 2 2 2 2 2 2 2 2 2 2 2 2 2 2 2 2 2 2 2 2 2 2
left_child=3 -2 -3 27 16 6 7 23 -9 12 13 -8 -10 14 -7 26 17 -5 19 -19 -14 24 -20 -6 -22 -13 -15 28 -1 -30
right_child=1 2 -4 4 5 10 11 8 9 -11 -12 25 20 15 -16 -17 -18 18 22 -21 21 -23 -24 -25 -26 -27 -28 -29 29 -31
leaf_value=-0.047877669968839957 -0.087111710110421833 0.018971726085355203 -0.025207818539887229 3.0663045753254661 -4.2057970840211514 -15.641080037511964 -0.11204259324232041 -0.0025571533534918703 -3.9256014305793649 -10.212246325995928 1.6560388793720244 -8.1418739173441459 -3.8534655279459971 -9.9407126202477887 -1.1335784350096496 2.1050516584495353 8.4732849643902171 1.8096221703657136 -5.6931066497971097 -3.2698808033925051 -0.77853073393137751 -2.6136675617076426 1.2894914015736683 2.394483798655493 2.6000299677123762 1.7099857529325941 -4.2879645803417406 0.063038841144194183 -3.6821209825036543 0.29636011037037574
leaf_weight=4708 39 139 74 23 103 26 962 1688 183 26 99 28 32 38 480 35 54 304 58 21 53 38 44 20 73 763 206 13624 40 316
leaf_count=4708 39 139 74 23 103 26 962 1688 183 26 99 28 32 38 480 35 54 304 58 21 53 38 44 20 73 763 206 13624 40 316
internal_value=0.000191381 -0.00753669 -0.004458 0.000272405 -0.000998675 -0.00172055 -0.000440906 -0.00270746 -0.00183938 -0.00925697 -0.00746522 0.00242428 -0.00699024 -0.00936186 -0.0055325 -0.0163024 0.0059512 0.00377694 0.0022243 0.00630575 0.000509944 0.00487508 -0.0107738 -0.0174655 0.0111023 0.00650992 -0.0200737 0.000636769 -0.000868861 0.0084246
internal_weight=24297 252 213 24045 5357 4853 3969 2216 2093 405 884 1753 379 785 506 279 504 450 427 325 196 164 102 123 126 791 244 18688 5064 356
internal_count=24297 252 213 24045 5357 4853 3969 2216 2093 405 884 1753 379 785 506 279 504 450 427 325 196 164 102 123 126 791 244 18688 5064 356
is_linear=0
shrinkage=0.05


Tree=142
num_leaves=31
num_cat=0
split_feature=11 8 8 9 0 4 12 1 1 1 10 12 11 11 14 8 0 1 12 8 8 14 0 11 12 1 8 12 14 12
split_gain=6.04033 5.19889 4.90238 4.39 7.99626 8.78244 7.95791 9.75055 7.53913 7.09464 8.22191 13.1008 13.4297 12.9243 13.1828 10.745 8.65663 7.9692 11.6889 8.66508 8.42926 7.91896 7.07239 8.87405 6.87388 6.83996 8.46561 8.60306 6.78004 12.4611
threshold=62.558259963989265 -0.8588166832923888 0.91091269254684459 2.5000000000000004 5.5000000000000009 1.0000000180025095e-35 57.123653411865241 8.5000000000000018 3.5000000000000004 12.500000000000002 4.5000000000000009 37.419174194335945 49.09088325500489 49.001806259155281 72.935737609863295 0.46702899038791662 12.500000000000002 14.500000000000002 28.968935966491703 0.048003071919083602 -0.98576509952545155 133.21197509765628 13.500000000000002 49.101196289062507 37.867317199707038 8.5000000000000018 0.050179855898022659 60.742162704467781 201.7736740112305 52.656742095947273
decision_type=2 2 2 2 2 2 2 2 2 2 2 2 2 2 2 2 2 2 2 2 2 2 2 2 2 2 2 2 2 2
left_child=3 -2 -3 6 5 8 7 -1 -5 10 11 15 -13 -12 16 21 -15 22 -19 20 -20 -9 -11 -24 -14 26 27 -8 -6 -30
right_child=1 2 -4 4 28 -7 25 9 -10 17 13 12 24 14 -16 -17 -18 18 19 -21 -22 -23 23 -25 -26 -27 -28 -29 29 -31
leaf_value=-0.052448435067936096 -0.082756124604900103 0.018023139781087494 -0.02394742761289308 -2.0423792006542141 0.061658631926658103 -7.3321323556267108 -0.22395379853997321 1.6502902588489343 -0.18252514321167404 0.0095237203373855564 3.5223039722361835 -1.6026642449984516 -0.81060891116624278 -5.9168526958525014 3.7543782265485248 -0.3758017026464856 -0.20300312608886095 -0.95763628644749232 0.57308783321259715 0.42243835373616395 -0.16096355337954193 -0.22953224435343311 -2.6136140094957945 -0.67651785853668156 0.59553864185413985 -1.8733995882202983 -2.0641972362016978 0.47873881681939423 -1.0365229227254247 0.98637623699628174
leaf_weight=4526 39 139 74 48 15898 26 121 154 312 103 178 125 32 24 43 61 51 53 71 33 175 30 52 54 119 69 84 58 1273 272
leaf_count=4526 39 139 74 48 15898 26 121 154 312 103 178 125 32 24 43 61 51 53 71 33 175 30 52 54 119 69 84 58 1273 272
internal_value=0.000162571 -0.00753669 -0.004458 0.000243293 0.000642209 -0.00647501 -0.000900886 -0.000475859 -0.00444321 0.00323982 0.00618039 0.00239877 -0.00507063 0.0128335 0 0.0108119 -0.0126498 -0.00120126 0.00361337 0.00770333 0.00446973 0.0168387 -0.00884744 -0.0179076 0.0049636 -0.0084312 -0.00475105 0.00139587 0.000799743 -0.00236231
internal_weight=24297 252 213 24045 17829 386 6216 5884 360 1358 817 521 276 296 118 245 75 541 332 279 246 184 209 106 151 332 263 179 17443 1545
internal_count=24297 252 213 24045 17829 386 6216 5884 360 1358 817 521 276 296 118 245 75 541 332 279 246 184 209 106 151 332 263 179 17443 1545
is_linear=0
shrinkage=0.05


Tree=143
num_leaves=31
num_cat=0
split_feature=11 8 4 10 12 12 9 14 1 12 12 13 13 12 11 12 11 12 12 11 14 8 8 8 14 14 11 12 12 13
split_gain=4.93804 7.14473 3.57423 13.11 6.69553 8.04644 5.84977 9.30018 6.24752 9.64297 7.19469 6.83104 7.39297 6.51549 6.48711 6.40701 6.14795 6.05664 6.39477 5.87087 5.80722 5.49204 9.16711 6.34039 8.19933 9.82354 6.04949 6.98199 5.32507 5.27971
threshold=62.336055755615241 -0.8588166832923888 1.0000000180025095e-35 1.5000000000000002 54.450002670288093 29.14305400848389 3.5000000000000004 1.9439529776573183 3.5000000000000004 32.98573303222657 34.367332458496101 63.044647216796882 59.204015731811531 48.805830001831062 55.948156356811531 54.857147216796882 37.873378753662116 35.364389419555671 35.711551666259773 59.812217712402351 26.878417968750004 -0.79402852058410633 -0.085135608911514268 0.0072203108575195083 220.46801757812503 21.608121871948246 29.918113708496097 47.714075088500984 51.518028259277351 61.177734375000007
decision_type=2 2 2 2 2 2 2 2 2 2 2 2 2 2 2 2 2 2 2 2 2 2 2 2 2 2 2 2 2 2
left_child=2 -2 -1 4 5 -4 19 -8 9 -9 14 12 17 -11 -10 -13 28 -12 -19 -5 -7 -20 -23 -24 25 -25 -27 -28 -15 -14
right_child=1 -3 3 6 -6 20 7 8 10 13 11 15 29 16 -16 -17 -18 18 21 -21 -22 22 23 24 -26 26 27 -29 -30 -31
leaf_value=0.017839095872249546 -0.078946296196195934 -0.0081898151039240478 13.188312626262331 -0.50893370408327832 10.526340125813441 -2.5486380555893917 -9.2188764805734547 4.4337010061283522 -1.4391283476174899 -0.68065117972800171 2.7127725050512819 -7.7143993008800145 5.3074220577380222 1.9016285989442794 1.1137470091370021 3.0309938431863408 5.3290440275493802 -1.8785029376476396 -9.2497267254131099 -3.4970880619372355 2.350446672983054 3.5503071758299232 -1.9693113011106433 -3.4581979102231557 -5.1145900627217715 5.3359571753514885 2.3783167585560427 0.031207368636614066 -4.6838857404832943 2.3180523666833319
leaf_weight=18658 41 258 22 2536 22 31 25 121 745 324 94 28 28 29 83 20 123 24 25 20 37 56 176 75 69 76 151 351 20 29
leaf_count=18658 41 258 22 2536 22 31 25 121 745 324 94 28 28 29 83 20 123 24 25 20 37 56 176 75 69 76 151 351 20 29
internal_value=0.000199612 -0.00618522 0.000279189 -0.000861407 0.0160571 0.0099889 -0.00122415 0.000411661 0.000698878 0.00510452 -0.000640363 0.00183013 0.00259943 0.00201572 -0.00422654 -0.016632 0.00987798 0.00168626 0.0005483 -0.00293416 0.00146843 0.00117455 0.00178178 0.000556731 0.00263121 0.0043638 0.00657326 0.00458076 -0.00509165 0.0201401
internal_weight=24297 299 23998 5340 112 90 5228 2672 2647 617 2030 1202 1154 496 828 48 172 1097 1003 2556 68 979 954 898 722 653 578 502 49 57
internal_count=24297 299 23998 5340 112 90 5228 2672 2647 617 2030 1202 1154 496 828 48 172 1097 1003 2556 68 979 954 898 722 653 578 502 49 57
is_linear=0
shrinkage=0.05


Tree=144
num_leaves=31
num_cat=0
split_feature=11 8 0 11 11 12 0 12 0 11 11 8 8 8 11 8 8 11 8 0 13 8 2 12 13 0 11 13 13 13
split_gain=4.96992 7.14473 3.96733 10.0035 8.92911 8.96691 12.285 8.86395 7.82597 13.8513 13.6001 9.17207 15.9751 9.62379 10.2969 9.05138 14.7548 11.2047 8.42552 9.33841 7.5576 7.10754 11.2271 14.3747 34.9014 25.7584 18.6454 17.1561 16.7885 31.57
threshold=62.336055755615241 -0.8588166832923888 22.500000000000004 55.142854690551765 55.622457504272468 51.28924751281739 18.500000000000004 49.910873413085945 27.500000000000004 50.005039215087898 48.928390502929695 1.0000000180025095e-35 0.0014035426429472866 0.032888287678360946 58.885215759277351 0.27694706618785864 0.040169851854443557 53.81341743469239 0.031452337279915817 583.50000000000011 79.111354827880874 -0.8196461796760558 1.0000000180025095e-35 47.620552062988288 55.668424606323249 13.500000000000002 23.804891586303714 41.199930191040046 72.80420303344728 58.553945541381843
decision_type=2 2 2 2 2 2 2 2 2 2 2 2 2 2 2 2 2 2 2 2 2 2 2 2 2 2 2 2 2 2
left_child=2 -2 3 21 -5 6 -6 -8 9 10 20 -10 -13 18 -15 16 -11 -18 19 -14 -4 -1 23 24 27 -26 -25 -23 29 -28
right_child=1 -3 8 4 5 -7 7 -9 11 15 -12 12 13 14 -16 -17 17 -19 -20 -21 -22 22 -24 26 25 -27 28 -29 -30 -31
leaf_value=0.023845403894106165 -0.074998981386386276 -0.0077803243487281296 0.30201724970863286 0.88028845989477278 -0.12887568445588368 0.50923520627762142 1.3265948798295601 -0.0089975996534977128 0.34335780590605797 0.60105007932428556 -0.31309171564376403 -14.785952877073877 -0.12551610935663157 0.016028863622993939 -3.5789248267215181 -1.5387525615079789 0.6686517869536065 0.016066053350441933 -1.8342008486824772 -12.254658198445846 -0.22823673111191634 -0.43579443514501137 -1.8261706854842013 -0.79684376664220347 -4.727808110516208e-06 -0.38865468479150184 -1.3743214537491151 0.48926492452221026 0.00084783708138189704 0.97514736011472258
leaf_weight=2660 41 258 837 73 196 66 40 23 4539 198 180 48 1248 10885 132 28 68 49 45 34 62 206 793 29 192 290 100 196 617 164
leaf_count=2660 41 258 837 73 196 66 40 23 4539 198 180 48 1248 10885 132 28 68 49 45 34 62 206 793 29 192 290 100 196 617 164
internal_value=0.000220191 -0.00618522 0.000300024 -0.000859152 0.00678222 0.00322978 -0.000964878 0.018225 0.000656565 0.00421911 0.00143638 0.000357331 -0.000346995 -0.00023493 0.000249612 0.01297 0.0153919 0.029462 -0.0042574 -0.00350987 0.00394839 -0.00143889 -0.00330486 -0.00111477 -0.00565547 -0.0147272 0.00329634 0.00522258 0.00459653 0.0151458
internal_weight=24297 299 23998 5645 398 325 259 63 18353 1422 1079 16931 12392 12344 11017 343 315 117 1327 1282 899 5247 2587 1794 884 482 910 402 881 264
internal_count=24297 299 23998 5645 398 325 259 63 18353 1422 1079 16931 12392 12344 11017 343 315 117 1327 1282 899 5247 2587 1794 884 482 910 402 881 264
is_linear=0
shrinkage=0.05


Tree=145
num_leaves=31
num_cat=0
split_feature=11 10 12 12 13 0 14 13 14 11 10 0 14 12 14 14 13 12 11 11 11 9 14 0 11 10 12 12 0 3
split_gain=4.44029 7.41371 4.05047 8.90471 6.55172 4.00165 7.88727 3.97496 20.644 13.1019 14.4539 18.4578 11.6631 14.0216 9.6544 11.5722 9.2367 11.5508 15.662 9.11494 7.22604 7.02505 6.78733 6.71793 6.2515 5.49195 5.4312 8.71201 15.8466 6.57123
threshold=61.023616790771491 1.5000000000000002 49.886642456054695 49.273948669433601 93.412864685058608 40.500000000000007 48.582357406616218 94.626880645751967 77.115783691406264 60.07592964172364 4.5000000000000009 14.500000000000002 12.637618064880373 58.595743179321296 22.376512527465824 35.580316543579109 96.76904678344728 59.812217712402351 49.312675476074226 49.500080108642585 49.436918258666999 3.5000000000000004 62.443559646606452 20.500000000000004 54.034259796142585 3.5000000000000004 62.830816268920906 59.812217712402351 984.50000000000011 1.0000000180025095e-35
decision_type=2 2 2 2 2 2 2 2 2 2 2 2 2 2 2 2 2 2 2 2 2 2 2 2 2 2 2 2 2 2
left_child=7 -2 3 5 -4 6 -3 26 9 10 11 21 16 14 25 20 -13 18 -18 22 -16 -9 -12 -11 -21 -14 27 -1 29 -29
right_child=1 2 4 -5 -6 -7 -8 8 -10 23 19 12 13 -15 15 -17 17 -19 -20 24 -22 -23 -24 -25 -26 -27 -28 28 -30 -31
leaf_value=0.010692496573925327 0.18380868570915171 -0.23584238709008254 -1.7927096564191047 0.63351287409719825 -0.22139914760415672 -0.028067357554277805 0.18529475665561748 -0.40176654225116021 0.28210468796394877 -0.024488732979621199 -0.52159040201988083 0.71875575358899946 -0.43985975842811914 -0.35558402142010409 0.016067353863538615 -0.019577947067071125 0.42625899578361059 0.35469516150814367 -0.19825076942381231 0.088771208108268954 0.44952845043618095 -0.0082154536168594916 -0.1006024275000602 0.47855329798747737 -0.28522746024667661 0.037552111138312409 -2.2061530022505296 0.3885940753342183 -0.2026351303942846 0.84541426400988873
leaf_weight=22809 38 43 57 24 48 156 27 47 21 22 61 25 29 63 27 62 22 24 46 39 38 21 21 25 42 36 55 173 38 72
leaf_count=22809 38 43 57 24 48 156 27 47 21 22 61 25 29 63 27 62 22 24 46 39 38 21 21 25 42 36 55 173 38 72
internal_value=5.57595e-05 -0.00521496 -0.00746269 -0.0039984 -0.0156993 -0.00707651 0.00285307 0.000142749 -0.00365072 -0.00522996 -0.00721273 -0.00249943 0.00188121 -0.00411603 0.00260281 0.0106216 0.0149445 0.00760043 -0.00293686 -0.0199264 0.0253456 -0.0264317 -0.0316687 0.0201699 -0.0080148 -0.0130568 0.000252731 0.000290143 0.00900742 0.0136679
internal_weight=24211 393 355 250 105 226 70 23818 671 650 603 440 372 255 192 127 117 92 68 163 65 68 82 47 81 65 23147 23092 283 245
internal_count=24211 393 355 250 105 226 70 23818 671 650 603 440 372 255 192 127 117 92 68 163 65 68 82 47 81 65 23147 23092 283 245
is_linear=0
shrinkage=0.05


Tree=146
num_leaves=31
num_cat=0
split_feature=0 14 10 0 8 14 14 4 0 14 1 7 2 8 11 13 13 8 0 1 14 13 14 14 13 11 11 14 13 11
split_gain=4.05729 7.48498 13.0335 29.2134 12.0576 9.99695 7.71395 7.94269 7.14582 7.02212 6.30212 9.79029 9.14791 7.81042 9.28884 8.51488 12.4398 10.6729 11.8648 13.2914 10.049 8.49203 8.555 7.5536 7.51703 6.9975 6.89708 6.67643 7.00449 10.9129
threshold=22.500000000000004 40.355499267578132 1.5000000000000002 98.500000000000014 -0.59827777743339527 36.66943550109864 31.0545768737793 1.0000000180025095e-35 30.500000000000004 2.8673790693283085 8.5000000000000018 1.0000000180025095e-35 1.0000000180025095e-35 0.037210106849670417 22.894024848937992 63.864997863769538 64.273479461669936 0.034528613090515144 33.500000000000007 1.5000000000000002 33.64043045043946 51.074102401733406 5.7733781337738046 3.8231720924377446 103.72949600219728 49.224458694458015 53.000440597534187 4.90397071838379 92.21045303344728 49.811967849731452
decision_type=2 2 2 2 2 2 2 2 2 2 2 2 2 2 2 2 2 2 2 2 2 2 2 2 2 2 2 2 2 2
left_child=-1 2 3 9 5 6 7 -4 -7 -2 11 13 -12 15 -15 21 -17 18 25 -20 23 22 -6 -21 27 -18 -13 -16 -29 -30
right_child=1 -3 4 -5 10 8 -8 -9 -10 -11 12 26 -14 14 24 16 17 -19 19 20 -22 -23 -24 -25 -26 -27 -28 28 29 -31
leaf_value=-0.03853468313668458 -1.6664507207747539 -0.023763402825230887 1.0870463516397633 10.03588215908213 2.2712424100776873 -1.1760329792236641 -0.64863061318319526 -6.8614505789478191 3.676239604351855 0.015327660953701285 0.44632587529859508 -0.94786142021051178 -0.29197137085290592 -5.3837020432513221 -0.095168156573684826 -4.7747704447397714 0.56866615291320599 -0.37158992742835439 -0.31606893309483991 -2.1337486201442872 -7.6085399060829024 0.64232421840335407 -1.6388097040272644 0.58434380221216331 -0.13346957782636643 0.064012270493560661 -4.0577778709598507 0.1654156428079773 0.015263986170361577 0.49563023495565023
leaf_weight=5660 28 11357 1169 146 48 20 133 39 71 79 319 744 244 21 373 20 45 63 236 33 25 358 232 286 130 46 109 1991 115 71
leaf_count=5660 28 11357 1169 146 48 20 133 39 71 79 319 744 244 21 373 20 45 63 236 33 25 358 232 286 130 46 109 1991 115 71
internal_value=7.64112e-05 0.000433937 0.00169583 0.0128408 0.00128942 0.00537672 0.00428753 0.0055459 0.021405 -0.0070028 0.000226897 -0.000343705 0.00523886 0.000671862 0.00223983 -0.00237052 -0.00596738 -0.00490396 -0.00305469 -0.00568867 0.000581226 0.00188058 -0.0046412 0.00297712 0.00249991 0.0137212 -0.00521627 0.00309792 0.00415691 0.0134336
internal_weight=24211 18551 7194 253 6941 1432 1341 1208 91 107 5509 4946 563 4093 2701 1392 754 734 671 580 344 638 280 319 2680 91 853 2550 2177 186
internal_count=24211 18551 7194 253 6941 1432 1341 1208 91 107 5509 4946 563 4093 2701 1392 754 734 671 580 344 638 280 319 2680 91 853 2550 2177 186
is_linear=0
shrinkage=0.05


Tree=147
num_leaves=31
num_cat=0
split_feature=0 14 10 0 5 12 12 12 0 13 14 14 12 9 14 11 0 0 9 14 13 13 12 12 14 0 11 10 12 13
split_gain=3.71831 6.77892 12.2515 28.062 9.2102 12.6695 16.6889 16.4639 15.3935 19.454 15.9995 17.8494 12.0634 11.0542 10.5899 10.0045 9.88974 9.07438 8.86375 8.06097 10.587 11.9625 9.50671 13.9443 7.02212 6.84068 6.61066 10.591 9.49602 12.215
threshold=22.500000000000004 40.355499267578132 1.5000000000000002 98.500000000000014 1.0000000180025095e-35 49.157096862792976 48.943807601928718 49.360107421875007 391.50000000000006 74.361293792724624 15.372015953063967 28.476300239562992 60.268186569213874 1.5000000000000002 2.9255985021591191 54.46644592285157 23.500000000000004 45.500000000000007 1.5000000000000002 18.721705436706547 80.965160369873061 77.844280242919936 51.008213043212898 57.477209091186531 2.8673790693283085 33.500000000000007 52.656318664550788 4.5000000000000009 47.842693328857429 88.409530639648452
decision_type=2 2 2 2 2 2 2 2 2 2 2 2 2 2 2 2 2 2 2 2 2 2 2 2 2 2 2 2 2 2
left_child=-1 2 3 24 5 6 14 -7 9 13 12 15 17 -9 -4 19 -16 -11 -6 -12 21 -21 -22 -24 -2 -18 28 -28 -27 -30
right_child=1 -3 4 -5 18 7 -8 8 -10 10 11 -13 -14 -15 16 -17 25 -19 -20 20 22 -23 23 -25 -26 26 27 -29 29 -31
leaf_value=-0.03660794897985014 -1.5831281847360161 -0.022575232683969659 -0.67104851968671653 9.5340880511280233 -0.964895674553226 0.89946713829153002 -0.68060950857814617 -1.0379308335971982 -6.6269762808990835 0.087477370633139637 -0.65963877882801047 0.0903363832469843 0.43862733553948918 1.2162290305683912 0.55039028396404144 -0.44372622185678523 0.032190248659272315 -0.7111143691147469 0.5686659213220191 -0.45918345454732229 -0.59624388723258337 3.3142620198033983 0.10587217846427421 -0.39843408222620202 0.014561277906016202 0.036811085851976254 -0.083069148193336773 -3.0295746587336612 -1.1344889183782769 0.32689065951934887
leaf_weight=5660 28 11357 90 146 185 55 114 32 64 221 43 127 48 344 25 23 529 69 3732 24 28 20 37 27 79 636 104 57 264 43
leaf_count=5660 28 11357 90 146 185 55 114 32 64 221 43 127 48 344 25 23 529 69 3732 24 28 20 37 27 79 636 104 57 264 43
internal_value=9.70629e-05 0.000439327 0.00164023 0.0124457 0.0012462 -0.000826692 -0.00338328 0.00326994 0.00194201 0.00340332 -0.00172388 -0.00957156 0.00591541 0.0124967 -0.00217379 -0.0188026 -0.00126651 0.00206825 0.00284649 -0.0147962 -0.00881705 0.0113379 -0.0184582 -0.00780031 -0.0070028 -0.00174515 -0.00398515 -0.0133457 -0.00238575 -0.00960599
internal_weight=24211 18551 7194 253 6941 3024 1862 1162 1107 1043 667 329 338 376 1748 202 1658 290 3917 179 136 44 92 64 107 1633 1104 161 943 307
internal_count=24211 18551 7194 253 6941 3024 1862 1162 1107 1043 667 329 338 376 1748 202 1658 290 3917 179 136 44 92 64 107 1633 1104 161 943 307
is_linear=0
shrinkage=0.05


Tree=148
num_leaves=31
num_cat=0
split_feature=13 13 12 10 3 14 12 13 14 12 12 1 0 6 13 9 9 8 13 5 13 12 13 8 12 12 1 14 14 0
split_gain=4.24033 16.6141 11.4244 10.9145 17.9138 12.9319 8.00622 7.48175 13.5984 10.2142 12.5022 17.2014 9.77361 14.3341 11.4829 11.4608 13.7916 9.45562 34.8885 9.36605 9.35915 9.11069 11.5908 9.14651 8.60226 18.4631 10.2418 19.3897 8.84917 11.3944
threshold=63.63823318481446 62.248908996582038 30.187001228332523 4.5000000000000009 1.0000000180025095e-35 115.48210906982423 49.64799880981446 65.348667144775405 258.90811157226568 47.438241958618171 47.687290191650398 2.5000000000000004 25.500000000000004 1.0000000180025095e-35 66.61771392822267 3.5000000000000004 4.5000000000000009 0.07175032421946527 67.062889099121108 1.0000000180025095e-35 76.098167419433608 47.730339050292976 66.050376892089858 0.14249456673860553 48.20739936828614 47.980693817138679 1.5000000000000002 21.178119659423832 21.608121871948246 22.500000000000004
decision_type=2 2 2 2 2 2 2 2 2 2 2 2 2 2 2 2 2 2 2 2 2 2 2 2 2 2 2 2 2 2
left_child=1 -1 -3 5 -5 6 -4 8 -2 12 11 -11 13 -9 -15 -16 -17 18 -14 -13 -18 22 -12 -24 25 26 27 -23 29 -27
right_child=7 2 3 4 -6 -7 -8 9 -10 10 21 19 17 14 15 16 20 -19 -20 -21 -22 24 23 -25 -26 28 -28 -29 -30 -31
leaf_value=0.014590286884163412 -1.1440280570530299 -0.16403231458731257 0.061264184556994297 2.107582501797606 2.1262332385363467 -8.3989827849010457 2.0764539633849597 8.3580216894619195 2.0244916027812394 -0.023213852014131932 5.8087163375295798 -0.00052929890347570569 0.7060412937611672 -0.5916660210933653 -0.013025897598566517 -0.6200179692478488 0.071975228762295992 0.044702009946328405 -0.42810544799722144 3.3207560751561198 -0.08840342945298546 0.038485575164092012 -1.6535352089385655 -0.0051320434741338522 -0.0076529602104344011 -0.27887043508049808 0.59466391408901986 -0.41695930519817898 0.62764099729601175 0.26441469771562537
leaf_weight=15564 723 22 178 273 35 48 114 20 28 145 21 23 40 46 201 66 31 242 86 120 34 61 74 45 5257 23 477 69 118 27
leaf_count=15564 723 22 178 273 35 48 114 20 28 145 21 23 40 46 201 66 31 242 86 120 34 61 74 45 5257 23 477 69 118 27
internal_value=3.51079e-05 0.00049895 0.00820773 0.00941213 0.0162285 0.00323434 0.00718932 -0.000908852 -0.00565837 -0.000415162 0.000232195 0.0104131 -0.00587391 -0.0113037 -0.0134885 -0.0102379 -0.0217391 0 -0.0111023 0.0227114 -0.00537634 -0.000243029 -0.012848 -0.0188917 4.97339e-05 0.0049671 0.000905946 -0.0115296 0.0196312 0.00199601
internal_weight=24211 16234 670 648 308 340 292 7977 751 7226 6460 288 766 398 378 332 131 368 126 143 65 6172 140 119 6032 775 607 130 168 50
internal_count=24211 16234 670 648 308 340 292 7977 751 7226 6460 288 766 398 378 332 131 368 126 143 65 6172 140 119 6032 775 607 130 168 50
is_linear=0
shrinkage=0.05


Tree=149
num_leaves=31
num_cat=0
split_feature=13 11 12 11 8 1 11 1 1 12 8 0 0 12 13 8 12 12 10 0 12 13 0 0 0 8 12 12 9 1
split_gain=4.09501 16.5975 15.7442 14.7339 11.9078 8.14187 7.45859 7.09054 14.9867 11.7927 12.4069 11.9698 10.2542 11.5302 9.82493 13.3542 13.747 19.2493 12.3266 16.079 13.2468 11.1787 10.8373 11.983 10.8077 9.30653 9.81533 8.74562 8.28874 7.97431
threshold=75.041618347167983 32.405925750732429 47.438241958618171 33.859651565551765 -0.4995256215333938 15.500000000000002 59.812217712402351 7.5000000000000009 2.5000000000000004 47.826915740966804 -0.89918255805969227 52.500000000000007 46.500000000000007 62.558259963989265 94.626880645751967 0.043651482090353973 50.74879455566407 49.552946090698249 4.5000000000000009 42.500000000000007 48.542791366577156 92.21045303344728 13.500000000000002 37.500000000000007 18.500000000000004 0.14350064843893054 47.980693817138679 50.024980545043952 2.5000000000000004 10.500000000000002
decision_type=2 2 2 2 2 2 2 2 2 2 2 2 2 2 2 2 2 2 2 2 2 2 2 2 2 2 2 2 2 2
left_child=6 4 -3 -4 -2 7 -1 8 12 -10 11 -11 13 14 15 -5 17 21 19 24 -20 25 -18 -24 27 26 -17 -16 -19 -9
right_child=1 2 3 5 -6 -7 -8 29 9 10 -12 -13 -14 -15 18 16 22 28 20 -21 -22 -23 23 -25 -26 -27 -28 -29 -30 -31
leaf_value=0.033290646590214128 1.0999057753349057 -0.096761245726958489 1.257330009898179 0.015739393968718929 -0.51086248974970627 0.28924898534160948 -1.1243036566037394 -0.41433064836454125 1.1687135208532851 0.019021059381901753 0.2627586215955578 -0.18420201593112609 -0.12097877523274647 0.50973757043213652 -0.32157904684710953 -0.57948113794895695 -0.3286289681772821 -0.096457847300018384 0.0016749111551796149 0.75216634703018659 -0.33196507094254324 0.76392051441932418 0.59352684809614409 -0.049457734326294661 0.009589825949151632 0.079624692269508843 0.0044821845823090458 -0.0026602023335865256 -0.78351044404858572 0.049285915119369333
leaf_weight=20587 52 278 111 117 207 21 301 137 37 89 596 45 507 25 56 48 22 44 57 22 86 25 70 41 279 69 99 47 47 89
leaf_count=20587 52 278 111 117 207 21 301 137 37 89 596 45 507 25 56 48 22 44 57 22 86 25 70 41 279 69 99 47 47 89
internal_value=8.05416e-05 -0.00154976 -0.000522176 0.000610172 -0.0137013 -0.000130836 0.000339906 -0.000376776 0.000411845 0.00619215 0.00479386 -0.00894855 -0.00225754 0.00034659 -0.000398548 0.004123 0.000322511 -0.00511894 -0.00520929 -0.00074239 -0.0178197 0.00228121 0.0138993 0.020252 -0.00314054 -0.00138825 -0.00849762 -0.0169738 -0.0246981 -0.00884564
internal_weight=24211 3323 3064 2786 259 2675 20888 2654 2428 767 730 134 1661 1154 1129 582 465 332 547 404 143 241 133 111 382 216 147 103 91 226
internal_count=24211 3323 3064 2786 259 2675 20888 2654 2428 767 730 134 1661 1154 1129 582 465 332 547 404 143 241 133 111 382 216 147 103 91 226
is_linear=0
shrinkage=0.05


Tree=150
num_leaves=31
num_cat=0
split_feature=0 0 1 0 0 8 13 14 11 14 14 10 7 0 0 12 11 12 14 0 11 11 12 11 11 14 11 13 1 12
split_gain=3.59876 7.61389 11.0344 12.285 11.1949 10.3659 8.44091 8.39951 10.6499 7.48689 7.38159 12.7929 10.2154 11.5179 9.78922 8.86335 8.65325 9.85435 12.0855 7.58491 7.36727 15.3588 7.0144 6.8279 14.7987 13.0437 7.79454 6.9332 19.5413 12.5984
threshold=22.500000000000004 28.500000000000004 1.0000000180025095e-35 72.500000000000014 82.500000000000014 0.15813991427421573 64.469589233398452 40.355499267578132 51.073541641235359 27.99890232086182 40.355499267578132 1.5000000000000002 1.0000000180025095e-35 120.50000000000001 98.500000000000014 49.910873413085945 22.894024848937992 49.381553649902351 14.295131206512453 32.500000000000007 52.542108535766609 52.842067718505866 54.857147216796882 48.928390502929695 49.569253921508796 27.99890232086182 51.28924751281739 57.272840499877937 1.5000000000000002 29.569596290588382
decision_type=2 2 2 2 2 2 2 2 2 2 2 2 2 2 2 2 2 2 2 2 2 2 2 2 2 2 2 2 2 2
left_child=-1 20 3 5 -5 -3 9 8 -6 -7 11 14 16 -14 -4 -15 -13 -18 19 -19 23 -22 -16 27 25 -25 -26 28 -2 -29
right_child=1 2 10 4 7 6 -8 -9 -10 -11 -12 12 13 15 22 -17 17 18 -20 -21 21 -23 -24 24 26 -27 -28 29 -30 -31
leaf_value=-0.031454047857705447 0.9443479997611175 -0.066008641223654338 -0.25817540865624056 1.7678191118145365 1.1425490198813772 -2.2366568163659797 -0.80121291203977951 2.9743119036079593 -2.624540356712048 0.0093684393382957865 -0.021957423135887666 -3.739313988211332 0.45942661078270253 -2.5874500685837001 6.0513811046924815 0.46133679367557989 0.81143312366220754 0.36191624568625685 0.45620630439169291 -0.65510757461146485 1.0189939749680179 0.014952424270282982 13.070023973617214 -1.1330540617064899 0.27085209238034197 -0.10127513810343346 -2.1146267511929979 -0.27802830545292923 0.71218026415013191 0.044512282070073544
leaf_weight=5702 79 1148 63 69 41 30 38 29 55 46 10192 38 399 461 115 84 2550 29 792 548 36 237 34 70 168 86 59 55 539 458
leaf_count=5702 79 1148 63 69 41 30 38 29 55 46 10192 38 399 461 115 84 2550 29 792 548 36 237 34 70 168 86 59 55 539 458
internal_value=0.000169071 0.00050679 0.000176003 -0.00398324 0.00772798 -0.00578401 -0.0201578 -0.00119904 -0.00832466 -0.0105125 0.000571705 0.002122 0.00160168 -0.00307171 0.0141443 -0.00779673 0.00271664 0.00294711 -0.000474764 -0.00597817 0.0036092 0.0111681 0.0211268 0.00224556 -0.00352388 -0.0153748 0.00462351 0.00419945 0.00776573 -9.74469e-05
internal_weight=24250 18548 16761 1456 194 1262 114 125 96 76 15305 5113 4901 944 212 545 3957 3919 1369 577 1787 273 149 1514 383 156 227 1131 618 513
internal_count=24250 18548 16761 1456 194 1262 114 125 96 76 15305 5113 4901 944 212 545 3957 3919 1369 577 1787 273 149 1514 383 156 227 1131 618 513
is_linear=0
shrinkage=0.05


Tree=151
num_leaves=31
num_cat=0
split_feature=1 0 11 9 0 14 11 11 12 14 1 0 14 14 13 13 10 14 13 11 10 8 1 10 11 12 0 13 12 0
split_gain=3.38278 3.13527 6.87734 8.40768 5.78396 11.8242 8.24287 5.2389 4.99396 6.17479 4.9359 4.80966 4.69205 3.0734 7.62013 12.8703 10.3183 11.1951 7.02949 9.53536 6.47339 16.0977 10.9863 7.93543 10.0115 11.0293 12.1861 9.35009 7.50202 7.42603
threshold=37.500000000000007 3116.5000000000005 49.392564773559577 3.5000000000000004 2440.0000000000005 75.095962524414077 47.842693328857429 53.834787368774421 47.980693817138679 108.67580032348634 2.5000000000000004 5396.0000000000009 317.86914062500006 35.580316543579109 90.406482696533217 89.543472290039077 3.5000000000000004 77.115783691406264 103.72949600219728 61.023616790771491 1.5000000000000002 0.071247283369302764 4.5000000000000009 3.5000000000000004 50.225854873657234 24.779572486877445 364.50000000000006 40.955926895141609 25.056118011474613 21.500000000000004
decision_type=2 2 2 2 2 2 2 2 2 2 2 2 2 2 2 2 2 2 2 2 2 2 2 2 2 2 2 2 2 2
left_child=1 4 3 -3 13 6 -6 -8 10 -10 -4 12 -5 18 15 -15 -16 -18 19 20 21 -1 -23 24 25 -22 -27 -26 -25 -29
right_child=-2 2 8 11 5 -7 7 -9 9 -11 -12 -13 -14 14 16 -17 17 -19 -20 -21 23 22 -24 28 27 26 -28 29 -30 -31
leaf_value=-0.48759805108884252 -1.1412551943242273 -34.338072193937819 1.9470467670945284 -1.0265020298538226 1.7191401236112001 1.9539498497510834 -12.389498378930284 0.019509228979458726 -0.080005921395999741 -5.5507925772390951 -11.999653325196547 3.3268953772001737 2.1390495659373245 -0.012911717521109978 0.12351912679275286 0.63219011206119724 -0.16775883283138646 0.25719221011126658 -0.06109860081750576 -0.39928154242811564 0.96084923150911772 1.0274815320602613 -0.02012833918921704 -1.0483156159953049 1.5143224653404073 -0.096195185560848107 -7.2772643742329937 -0.17368311189381969 0.087091829832075585 0.25730948776132473
leaf_weight=95 30 22 22 74 21 94 35 20 31 23 23 33 21 13476 30 38 256 35 189 110 47 243 96 124 95 1516 82 162 6925 282
leaf_count=95 30 22 22 74 21 94 35 20 31 23 23 33 21 13476 30 38 256 35 189 110 47 243 96 124 95 1516 82 162 6925 282
internal_value=0.000140206 0.000161023 -0.00541951 0.00133245 0.000219014 0.00940623 -0.00525624 -0.0154265 -0.0156408 -0.025878 -0.00332594 0.00624512 0.000525762 0.000153354 -0.000328874 -0.000147994 -0.00794145 -0.010821 0.000822789 0.00100746 0.00117409 0.00714121 0.0122383 0.000893524 -0.00173985 -0.00367759 -0.0043802 0.00417362 0.00170944 0.00112587
internal_weight=24250 24220 249 150 23971 170 76 55 99 54 45 128 95 23801 13835 13514 321 291 9966 9777 9667 434 339 9233 2184 1645 1598 539 7049 444
internal_count=24250 24220 249 150 23971 170 76 55 99 54 45 128 95 23801 13835 13514 321 291 9966 9777 9667 434 339 9233 2184 1645 1598 539 7049 444
is_linear=0
shrinkage=0.05


Tree=152
num_leaves=31
num_cat=0
split_feature=0 8 13 12 11 13 0 13 13 13 11 13 13 12 12 2 13 11 12 14 12 1 13 13 1 11 1 13 8 11
split_gain=4.51628 6.89676 10.3195 8.70292 8.27895 25.3148 18.6864 15.9647 12.955 12.1017 11.6617 14.841 11.8355 11.4845 9.99646 20.3677 15.3369 17.5275 14.6898 15.63 12.5568 10.8928 10.8079 10.47 11.0745 9.74305 10.7804 9.37367 9.28618 9.20196
threshold=22.500000000000004 -0.8196461796760558 71.295005798339858 51.279891967773445 35.350015640258796 55.415325164794929 20.500000000000004 61.616209030151374 63.269178390502937 46.24153137207032 35.98027420043946 55.238517761230476 78.804431915283217 32.397912979125984 47.822984695434577 1.0000000180025095e-35 88.409530639648452 36.696321487426765 51.735084533691413 8.8423743247985858 50.152439117431648 4.5000000000000009 63.63823318481446 65.922466278076186 4.5000000000000009 36.933156967163093 1.5000000000000002 56.072263717651374 -0.58294391632080067 51.660907745361335
decision_type=2 2 2 2 2 2 2 2 2 2 2 2 2 2 2 2 2 2 2 2 2 2 2 2 2 2 2 2 2 2
left_child=1 2 -1 -4 5 9 7 -7 -9 28 11 -6 -13 -11 22 16 17 -16 20 -20 21 -18 25 24 -19 -12 -27 -17 -3 -25
right_child=-2 4 3 -5 10 6 -8 8 -10 13 14 12 -14 -15 15 27 18 23 19 -21 -22 -23 -24 29 -26 26 -28 -29 -30 -31
leaf_value=-0.03983381243877631 0.019004315717936572 -2.7370271682511973 1.8147573783759883 0.018176970076578414 -2.0494343299398019 -0.52550546915097218 -0.69589560485954971 0.43178792173596731 -0.14754737274764979 0.5345819027003913 -0.62820565861209843 1.2476203919323559 0.011003780022767541 0.1840301482243657 -0.14084215438516914 0.75291942653560173 -0.034391513698998732 0.85813759676872925 -0.029841510440803277 0.35817637745037312 -0.38651435686535529 0.062452262053013997 -0.12219129617948497 1.3151301403646039 -5.4748212007025332 0.93330777385724506 -0.087773611551759959 -3.4544455847269142 0.030297975263779531 0.37585413358130143
leaf_weight=2645 18548 88 125 131 33 89 63 43 264 41 80 52 28 119 62 108 202 44 45 85 40 32 286 108 37 36 347 208 238 23
leaf_count=2645 18548 88 125 131 33 89 63 43 264 41 80 52 28 119 62 108 202 44 45 85 40 32 286 108 37 36 347 208 238 23
internal_value=9.07213e-05 -0.00113993 0.00056875 0.0101523 -0.00290957 -0.00671887 -0.0151383 -0.0111083 -0.00569847 0.00123431 -0.000969775 0.0145889 0.0262172 0.0124922 -0.00197923 0.00130772 0.00619378 0.0153229 0 0.0138355 -0.00656695 -0.00213584 -0.00634094 0.0221594 0.0080148 -0.00161952 0.00169668 -0.00917431 -0.00429316 0.0308924
internal_weight=24250 5702 2901 256 2801 945 459 396 307 486 1856 113 80 160 1743 994 678 274 404 130 274 234 749 212 81 463 383 316 326 131
internal_count=24250 5702 2901 256 2801 945 459 396 307 486 1856 113 80 160 1743 994 678 274 404 130 274 234 749 212 81 463 383 316 326 131
is_linear=0
shrinkage=0.05


Tree=153
num_leaves=31
num_cat=0
split_feature=0 1 13 12 14 8 13 12 8 0 13 12 9 13 0 12 14 14 12 0 12 0 14 13 12 12 13 0 0 10
split_gain=3.69217 3.48293 9.95835 12.0882 16.0657 13.1506 17.8805 30.2693 10.4177 8.49921 37.8143 14.3758 13.5663 13.1289 17.0507 13.0566 18.1793 13.3041 12.2118 9.40185 16.7476 8.17349 7.85736 7.83285 10.1944 15.7078 10.2678 18.33 17.096 11.7808
threshold=5396.0000000000009 1.0000000180025095e-35 57.913679122924812 47.620552062988288 42.968502044677741 0.07175032421946527 64.950275421142592 36.551660537719734 0.19082633405923846 28.500000000000004 73.002231597900405 48.805830001831062 4.5000000000000009 96.76904678344728 17.500000000000004 56.160091400146491 10.49367666244507 8.8423743247985858 49.597911834716804 72.500000000000014 49.910873413085945 21.500000000000004 48.027349472045906 76.098167419433608 48.010095596313484 47.721446990966804 93.412864685058608 30.500000000000004 37.500000000000007 4.5000000000000009
decision_type=2 2 2 2 2 2 2 2 2 2 2 2 2 2 2 2 2 2 2 2 2 2 2 2 2 2 2 2 2 2
left_child=1 2 -1 4 5 6 -4 -8 -7 10 -5 12 13 14 -12 16 18 -17 -13 23 22 -10 -21 -11 25 -25 27 -26 -29 -28
right_child=-2 -3 3 9 -6 8 7 -9 21 19 11 15 -14 -15 -16 17 -18 -19 -20 20 -22 -23 -24 24 26 -27 29 28 -30 -31
leaf_value=0.16460014491297273 0.689170477487005 0.021301088642421331 -0.53886606263908166 0.70406293517933705 -0.41470157324996609 0.030686292185313848 0.1098160219317471 -0.51632894755480196 0.033257602302066404 -0.2866492808002935 0.038236248094189663 -0.042942782287960314 -0.19369120980662302 -0.039490300195909003 0.45457905610049143 -0.02629780797216057 -0.16756388998894955 0.48073303792186217 0.27775016197775532 -1.4167869889491671 1.6853130145723285 -0.64196783142316183 2.7774526362570171 0.029730807199084809 -0.51329523099909868 -1.1861411052634983 -0.0024621835330073342 0.48932498145481951 0.033416525165233323 -0.29289435025119775
leaf_weight=467 45 21128 38 111 165 228 87 69 20 236 68 47 39 87 83 34 321 48 53 94 52 25 20 24 39 35 202 84 194 107
leaf_count=467 45 21128 38 111 165 228 87 69 20 236 68 47 39 87 83 34 321 48 53 94 52 25 20 24 39 35 202 84 194 107
internal_value=0.000119587 9.29556e-05 -0.00147866 -0.00268189 -0.00870115 -0.00396061 -0.0139104 -0.00640615 0.00311241 -0.000758303 0.00286163 -0.00102551 0.00811981 0.0125997 0.0215089 -0.00606241 -0.00961767 0.0121803 0.00899101 -0.00372551 0.00722456 -0.018847 -0.0035057 -0.00569971 -0.00299226 -0.0228426 -0.00111803 0.00520341 0.00970874 -0.00760272
internal_weight=24250 24205 3077 2610 632 467 194 156 273 1978 891 780 277 238 151 503 421 82 100 1087 166 45 114 921 685 59 626 317 278 309
internal_count=24250 24205 3077 2610 632 467 194 156 273 1978 891 780 277 238 151 503 421 82 100 1087 166 45 114 921 685 59 626 317 278 309
is_linear=0
shrinkage=0.05


Tree=154
num_leaves=31
num_cat=0
split_feature=1 12 0 0 0 14 12 14 14 0 11 10 9 0 14 0 8 9 11 14 8 0 12 12 11 11 10 11 14 0
split_gain=4.88429 7.60979 6.73653 11.9205 8.36336 12.2727 9.86655 8.94444 10.6039 10.404 9.76033 8.81325 8.29651 7.56624 15.6527 10.5624 9.87792 9.78852 7.51759 9.63081 7.23654 8.64535 7.38958 16.5098 11.3818 16.7888 10.6682 9.51923 11.7022 13.5362
threshold=1.0000000180025095e-35 62.558259963989265 72.500000000000014 82.500000000000014 27.500000000000004 76.154148101806655 36.354076385498054 44.750740051269538 41.783210754394538 17.500000000000004 25.740444183349613 1.5000000000000002 1.5000000000000002 15.500000000000002 57.274644851684577 21.500000000000004 0.16287682950496676 3.5000000000000004 51.073541641235359 21.608121871948246 0.18198052048683169 38.500000000000007 37.419174194335945 30.336311340332035 54.83717346191407 54.429777145385749 3.5000000000000004 37.867317199707038 35.580316543579109 35.500000000000007
decision_type=2 2 2 2 2 2 2 2 2 2 2 2 2 2 2 2 2 2 2 2 2 2 2 2 2 2 2 2 2 2
left_child=2 -2 4 -4 5 7 -7 8 -1 -10 -9 -6 -12 17 15 -15 -16 -14 -5 -20 22 -22 23 26 25 27 -13 28 -24 -30
right_child=1 -3 3 18 11 6 -8 10 9 -11 12 20 13 14 16 -17 -18 -19 19 -21 21 -23 24 -25 -26 -27 -28 -29 29 -31
leaf_value=0.0069934440256730571 0.029594603242019703 -0.21610879378912815 1.589857698217692 1.2509561110572662 -0.99029876710612141 -0.33664026844893213 0.53731587524719682 -0.69140804780680831 0.75409230836209318 -0.11486093102018878 -0.2612014077959125 1.0138672552991959 0.91101230451008353 -0.24036574595407389 -0.18400664931629224 -0.022865030177423053 0.42445255373654195 -0.16612895795435068 -2.6436791039837604 2.2296502631496922 -0.77939399025546841 -0.070005548379845808 -0.59324846269674436 0.096402482355081184 0.088748473158701213 -0.0088287796580971186 -0.29720003897275904 -0.035526864359118095 -0.97091434589426739 0.55178047122893081
leaf_weight=1037 21056 117 69 57 38 20 36 25 22 20 76 30 44 46 43 47 27 22 39 29 44 47 182 162 126 31 53 640 36 29
leaf_count=1037 21056 117 69 57 38 20 36 25 22 20 76 30 44 46 43 47 27 22 39 29 44 47 182 162 126 31 53 640 36 29
internal_value=5.77317e-05 0.000328247 -0.00180365 0.00721278 -0.0024106 0.000238892 0.0231729 -0.000674189 0.00152905 0.0261283 -0.0078764 -0.00514773 -0.00540806 -0.000654736 -0.00643777 -0.0198711 0.0114123 0.0136157 -0.0019984 -0.0132159 -0.00449243 -0.018112 -0.00352959 0.00428397 -0.00536347 -0.00729768 -0.0138387 -0.00603089 -0.0143667 0.00384025
internal_weight=24250 21173 3077 194 2883 1465 56 1409 1079 42 330 1418 305 229 163 93 70 66 125 68 1380 91 1289 245 1044 918 83 887 247 65
internal_count=24250 21173 3077 194 2883 1465 56 1409 1079 42 330 1418 305 229 163 93 70 66 125 68 1380 91 1289 245 1044 918 83 887 247 65
is_linear=0
shrinkage=0.05


Tree=155
num_leaves=31
num_cat=0
split_feature=13 14 13 12 11 12 11 9 8 14 8 8 0 1 0 12 0 0 0 14 9 13 1 12 14 9 0 8 8 13
split_gain=4.74295 10.759 14.5298 10.9458 12.8982 10.3153 12.414 12.3701 15.4865 8.96584 7.91478 7.29398 7.14367 12.4863 9.79067 13.8318 13.5397 11.9665 11.4741 6.98222 6.83515 6.12568 5.91028 8.40609 7.6215 18.2772 9.24904 6.91482 11.9164 6.12939
threshold=83.201320648193374 51.723720550537116 85.045127868652358 47.620552062988288 49.64799880981446 49.537977218627937 49.262044906616218 4.5000000000000009 0.071247283369302764 68.043239593505874 0.071247283369302764 0.14249456673860553 56.500000000000007 1.5000000000000002 41.500000000000007 48.748569488525398 35.500000000000007 19.500000000000004 45.500000000000007 19.396836280822757 4.5000000000000009 103.72949600219728 2.5000000000000004 51.595560073852546 8.8423743247985858 1.5000000000000002 16.500000000000004 0.043651482090353973 0.066496599465608611 103.72949600219728
decision_type=2 2 2 2 2 2 2 2 2 2 2 2 2 2 2 2 2 2 2 2 2 2 2 2 2 2 2 2 2 2
left_child=-1 3 10 4 11 7 -7 8 -4 -10 -3 -2 14 19 15 17 22 -5 -16 -14 -19 -8 23 27 -25 -26 -27 -17 -29 -24
right_child=1 2 5 12 -6 6 21 -9 9 -11 -12 -13 13 -15 18 16 -18 20 -20 -21 -22 -23 29 24 25 26 -28 28 -30 -31
leaf_value=0.011998902825655479 -0.10857045531962513 -0.045141582168088237 0.37273499043287972 -0.044981177382459596 -0.27829970228627227 -0.3962285289572236 -0.084573436025384474 -0.38381066119746948 -0.1994836270036906 0.2435073906964311 -0.066478626047809186 0.31239891369156825 -0.78214863303285687 0.10901001538794049 0.40435420404149058 0.34375392928517778 -0.27647328952068195 0.61227671187329813 0.0088586100808562673 -0.23098956367315823 0.077612411192162514 0.095428926439447184 0.16580286950095982 -0.092340689069643392 0.43859054611371279 0.58110883032080662 -0.031043185946142415 -0.33723973140239799 -0.03780657995003267 -0.067092264488152156
leaf_weight=22687 27 33 36 75 76 45 70 20 31 21 20 24 51 89 82 35 95 60 99 25 35 20 91 51 37 23 74 48 205 24
leaf_count=22687 27 33 36 75 76 45 70 20 31 21 20 24 51 89 82 35 95 60 99 25 35 20 91 51 37 23 74 48 205 24
internal_value=8.43306e-05 -0.00252759 -0.0111449 -0.000603273 -0.0145555 -0.00596462 -0.0151739 0.00555042 0.0136209 -0.00383877 -0.0348399 0.00489237 0.000875657 -0.00878256 0.00241756 0.000175829 -0.00300102 0.0129336 0.0129763 -0.0236531 0.0247108 -0.00443951 -0.000170039 -0.00264215 0.00567261 0.0119314 0.000514933 -0.00798334 -0.0108653 0.00999131
internal_weight=24309 1622 296 1326 127 243 135 108 88 52 53 51 1199 165 1034 853 683 170 181 76 95 90 588 473 185 134 97 288 253 115
internal_count=24309 1622 296 1326 127 243 135 108 88 52 53 51 1199 165 1034 853 683 170 181 76 95 90 588 473 185 134 97 288 253 115
is_linear=0
shrinkage=0.05


Tree=156
num_leaves=31
num_cat=0
split_feature=11 11 10 1 12 8 10 14 14 0 8 11 0 1 11 14 7 14 10 0 10 14 4 14 8 8 14 0 0 2
split_gain=3.53597 20.1975 18.257 10.7584 9.29672 7.74253 9.16335 6.86391 6.84711 6.61145 11.222 5.87172 12.0481 5.30571 7.07003 6.04775 9.59984 6.96997 6.87675 7.96001 5.74427 5.32622 5.15812 6.61035 5.13864 7.20269 4.93683 5.0473 4.85919 6.76547
threshold=54.034259796142585 55.142854690551765 3.5000000000000004 2.5000000000000004 54.857147216796882 -0.73670879006385792 3.5000000000000004 70.589103698730483 59.250743865966804 27.500000000000004 0.53876203298568737 53.834787368774421 118.50000000000001 13.500000000000002 55.319793701171882 65.719970703125014 1.0000000180025095e-35 105.50283813476564 2.5000000000000004 9.5000000000000018 4.5000000000000009 108.67580032348634 1.0000000180025095e-35 44.750740051269538 -0.085135608911514268 -0.8290465474128722 16.304504394531254 30.500000000000004 315.50000000000006 1.0000000180025095e-35
decision_type=2 2 2 2 2 2 2 2 2 2 2 2 2 2 2 2 2 2 2 2 2 2 2 2 2 2 2 2 2 2
left_child=11 2 9 8 13 -6 -7 -5 -4 -2 -11 -1 -13 14 -3 16 18 24 19 -16 22 -19 -18 -24 25 -17 27 -21 29 -26
right_child=1 4 3 7 5 6 -8 -9 -10 10 -12 12 -14 -15 15 17 20 21 -20 26 -22 -23 23 -25 28 -27 -28 -29 -30 -31
leaf_value=0.0093158690582079377 -0.22795067562966934 1.8328551761829837 -0.30902830029189837 -0.48519355312122042 4.2770345574549173 0.29089034348892007 -14.847862427993414 -5.1724154546113166 -0.071205445719434129 1.0678578214176064 -1.5414687377091625 6.9270583757612521 0.035891548163044143 -0.84990783770469358 -0.67735518865962918 0.15295499729634951 -4.1573514934334526 -0.040297017727258577 0.05029192638862226 0.34661177088641115 -5.6206279983397209 0.002960353747735667 0.92226037906407687 -7.4943871002259304 0.23133202116160945 2.1019283316831072 -1.9921048509029131 -0.29649190313595802 0.54297671687317073 -2.2032757224004302
leaf_weight=21614 38 63 71 150 42 71 20 95 56 27 31 22 44 133 27 40 26 36 680 35 48 489 49 20 82 52 35 62 86 65
leaf_count=21614 38 63 71 150 42 71 20 95 56 27 31 22 44 133 27 40 26 36 680 35 48 489 49 20 82 52 35 62 86 65
internal_value=3.908e-05 -0.00169259 -0.0111087 -0.0161247 0.000347045 0.013148 0.00493963 -0.00999592 -0.0279308 0.00832466 0.0189329 0.000249076 0.0151286 -0.000493072 0.000184687 -0.000382075 -0.00305468 0.00270556 -0.00101299 -0.0103708 -0.0150245 -0.00085698 -0.00788644 -0.000723589 0.00845894 0.0184582 -0.00529902 0.000514933 0.0045045 -0.00101971
internal_weight=24309 2629 468 372 2161 133 91 245 127 96 58 21680 66 2028 1895 1832 982 850 839 159 143 525 95 69 325 92 132 97 233 147
internal_count=24309 2629 468 372 2161 133 91 245 127 96 58 21680 66 2028 1895 1832 982 850 839 159 143 525 95 69 325 92 132 97 233 147
is_linear=0
shrinkage=0.05


Tree=157
num_leaves=31
num_cat=0
split_feature=13 12 12 9 10 0 1 12 11 12 11 8 12 1 0 0 0 8 11 0 0 11 9 9 0 11 13 0 0 0
split_gain=5.17634 8.51834 16.8589 9.78744 9.58432 14.0626 9.4568 11.3802 10.8441 9.28422 8.58688 11.7665 8.92157 10.1078 7.77593 11.9561 17.3176 15.6155 12.2247 27.1093 11.1625 7.46231 7.36094 7.69459 7.32191 6.70864 8.95797 5.99487 5.2151 7.42331
threshold=80.965160369873061 47.96174621582032 48.451128005981452 3.5000000000000004 4.5000000000000009 13.500000000000002 7.5000000000000009 47.826915740966804 49.312675476074226 48.458393096923835 35.711551666259773 0.17694497108459475 55.998853683471687 9.5000000000000018 942.00000000000011 41.500000000000007 38.500000000000007 -0.73670879006385792 51.073541641235359 45.500000000000007 60.500000000000007 49.436918258666999 1.5000000000000002 4.5000000000000009 37.500000000000007 37.873378753662116 96.76904678344728 2086.5000000000005 34.500000000000007 14.500000000000002
decision_type=2 2 2 2 2 2 2 2 2 2 2 2 2 2 2 2 2 2 2 2 2 2 2 2 2 2 2 2 2 2
left_child=-1 3 22 4 5 -2 7 8 -5 -4 11 12 24 -14 15 16 28 -17 25 -20 -21 -6 -3 -24 -11 -19 -27 -16 29 -12
right_child=1 2 9 6 21 -7 -8 -9 -10 10 14 -13 13 -15 27 17 -18 18 19 20 -22 -23 23 -25 -26 26 -28 -29 -30 -31
leaf_value=0.013441343045778355 0.14457925641253686 -0.043197911966246852 -0.0025699892808161099 0.1354955211577 -0.10458996895686817 -0.20632184531511216 -0.56092746349469425 -0.96093067170941004 -0.15479552401807375 0.11453946151201216 -0.056914359855625742 -0.67449773764386523 -0.42389794361829375 0.018772678647101238 -0.2129937764856763 -0.21370555981205044 -0.90419490586838513 -0.37278377700531568 0.78613398967836268 -0.74350699483412441 -0.23154634686097708 0.6765030883212193 0.45454820888498876 0.026498063650484485 -0.30570079010424966 0.46166832999892055 0.019722864685803289 -0.054259791187374166 -0.052853064115716469 0.033683213846313453
leaf_weight=22414 32 36 33 45 39 50 22 31 44 30 161 42 25 34 39 30 40 22 30 30 43 36 59 33 21 150 66 54 102 516
leaf_count=22414 32 36 33 45 39 50 22 31 44 30 161 42 25 34 39 30 40 22 30 30 43 36 59 33 21 150 66 54 102 516
internal_value=5.55348e-05 -0.0024537 -0.00100244 -0.0101973 -0.00159134 -0.0133983 -0.0197044 -0.0141549 -0.00505051 -0.00252026 -0.00191624 -0.0131492 -0.00454133 -0.0177665 -0.000584522 0.000504159 -0.002869 0.00794934 0.0109938 -0.00339476 -0.0198358 0.0113182 0.0163934 0.0238871 0.0107632 0.0172197 0.0198982 -0.0145005 -0.00121936 0.000369222
internal_weight=24309 1895 1596 299 157 82 142 120 89 1468 1435 152 110 59 1283 1190 819 371 341 103 73 75 128 92 51 238 216 93 779 677
internal_count=24309 1895 1596 299 157 82 142 120 89 1468 1435 152 110 59 1283 1190 819 371 341 103 73 75 128 92 51 238 216 93 779 677
is_linear=0
shrinkage=0.05


Tree=158
num_leaves=31
num_cat=0
split_feature=13 2 12 0 14 5 1 0 11 8 0 13 1 14 8 0 11 0 9 12 12 12 12 0 0 12 13 13 14 8
split_gain=4.29404 7.00636 14.0134 11.3512 8.95247 8.2803 10.168 6.58955 12.4279 10.8319 13.8306 8.42771 8.26705 9.53459 5.82554 9.74626 6.99546 6.95871 5.85776 5.55052 5.36476 5.31512 12.2905 10.0155 10.0358 9.42943 7.50776 12.5095 12.1153 10.1313
threshold=33.855607986450202 1.0000000180025095e-35 25.4909200668335 61.500000000000007 101.93232727050783 1.0000000180025095e-35 7.5000000000000009 146.50000000000003 54.034259796142585 0.91091269254684459 276.50000000000006 8.1759228706359881 4.5000000000000009 186.39423370361331 0.58354482054710399 40.500000000000007 48.761873245239265 163.50000000000003 3.5000000000000004 22.990685462951664 25.056118011474613 26.233273506164554 25.056118011474613 12.500000000000002 497.50000000000006 27.454639434814457 63.044647216796882 43.684967041015632 22.376512527465824 -0.056349206715822213
decision_type=2 2 2 2 2 2 2 2 2 2 2 2 2 2 2 2 2 2 2 2 2 2 2 2 2 2 2 2 2 2
left_child=1 2 3 -1 5 6 -3 11 9 10 -9 -4 13 -11 17 -16 -17 -6 -18 -7 -5 22 23 -2 -25 26 27 28 -23 -29
right_child=21 4 7 20 14 19 -8 8 -10 12 -12 -13 -14 -15 15 16 18 -19 -20 -21 -22 25 -24 24 -26 -27 -28 29 -30 -31
leaf_value=-3.8668183595869339 0.82191552044153493 0.2607242214868819 6.1965431339176051 0.29337167229799238 0.68230912122684195 -1.0221897732439851 -4.3992904145120129 -0.22136642970815004 2.4622064530814485 5.2066510835242665 -7.4187506878507241 0.33216239648143575 -2.6587987133645736 -3.6424427547026199 4.0923012031059116 1.4598512737646354 8.2075836555490849 -10.197160060205668 3.7180332396878217 0.70153583512034945 -2.3201337999739331 2.3761059532838544 1.4196806961749568 -0.27505616576849173 4.8463248800395888 -0.0024414898167752774 -0.25601109629306434 -2.2498264305854678 -5.4767620822720433 0.75592672187350463
leaf_weight=82 30 77 33 108 171 26 61 81 46 117 76 926 168 30 38 242 25 30 84 590 29 54 267 348 38 20152 64 26 154 136
leaf_count=82 30 77 33 108 171 26 61 81 46 117 76 926 168 30 38 242 25 30 84 590 29 54 267 348 38 20152 64 26 154 136
internal_value=8.43306e-05 0.00184204 -0.000294794 -0.0120949 0.00453835 0.000928259 -0.0101376 0.00145555 -0.00308821 -0.00550731 -0.0162317 0.00390992 -0.00015868 0.00849762 0.00915099 0.0127217 0.0101111 0.00223769 0.0206233 0.00340854 -0.00328228 -0.000166909 0.00417216 -0.00120163 -0.003367 -0.000310889 -0.00760194 -0.00486355 -0.0129745 0.00555213
internal_weight=24309 3040 1696 219 1344 754 138 1477 518 472 157 959 315 147 590 389 351 201 109 616 137 21269 683 416 386 20586 434 370 208 162
internal_count=24309 3040 1696 219 1344 754 138 1477 518 472 157 959 315 147 590 389 351 201 109 616 137 21269 683 416 386 20586 434 370 208 162
is_linear=0
shrinkage=0.05


Tree=159
num_leaves=31
num_cat=0
split_feature=13 12 0 14 1 14 12 9 13 14 1 0 1 12 0 0 9 12 12 14 12 13 10 12 14 1 8 14 13 12
split_gain=4.05478 5.95523 6.32275 4.88304 4.86901 5.58013 3.28061 5.74997 3.24524 10.6759 9.22823 8.09319 7.34842 12.7895 13.7195 11.1591 9.10218 7.37014 6.80016 9.26397 6.3209 12.5231 7.34681 13.2163 6.75208 6.13344 8.74691 7.24107 6.87909 8.36153
threshold=13.382874965667726 25.4909200668335 92.500000000000014 182.61954498291018 5.5000000000000009 110.67172241210939 30.638230323791507 4.5000000000000009 80.965160369873061 15.372015953063967 7.5000000000000009 37.500000000000007 1.5000000000000002 47.826915740966804 59.500000000000007 44.500000000000007 4.5000000000000009 49.910873413085945 47.714075088500984 31.585072517395023 48.774139404296882 95.711181640625014 2.5000000000000004 52.448404312133796 8.8423743247985858 2.5000000000000004 -0.73670879006385792 45.216796875000007 89.543472290039077 49.360107421875007
decision_type=2 2 2 2 2 2 2 2 2 2 2 2 2 2 2 2 2 2 2 2 2 2 2 2 2 2 2 2 2 2
left_child=1 2 -1 4 5 -3 -6 -8 -2 12 25 18 13 -10 15 20 17 -14 -12 -20 21 -15 -22 -24 -25 28 -27 -28 -11 -30
right_child=8 3 -4 -5 6 -7 7 -9 9 10 11 -13 16 14 -16 -17 -18 -19 19 -21 22 -23 23 24 -26 26 27 -29 29 -31
leaf_value=-3.4948332594492828 0.0064816295068062862 2.8332318287041272 0.33354947591382561 -1.009297592652262 2.5587707195335727 4.3889470936662667 -3.7799424800715986 2.2943771150198273 -0.28134283738825089 -0.077271766039005041 -0.36522873086115148 -2.2115121191404725 1.6692801036819855 0.66415924462088849 -0.70620957060157963 0.32667518186354239 -0.34099495434043736 0.10863871446047746 0.5391333559837328 -0.099238396018185959 0.024406140977964341 -0.36302497246302257 -0.21554835245100856 -0.089751534270548564 0.20978698972123411 -0.12378599816825045 -0.065765530918131893 0.18676318683420182 0.036801655242566865 -0.064289752048947255
leaf_weight=21 22111 58 29 22 63 35 44 31 37 275 40 26 44 28 33 78 30 104 21 47 156 21 57 38 31 29 97 132 261 310
leaf_count=21 22111 58 29 22 63 35 44 31 37 275 40 26 44 28 33 78 30 104 21 47 156 21 57 38 31 29 97 132 261 310
internal_value=2.6739e-05 0.00577367 -0.00998004 0.00888977 0.0110342 0.0198711 0.00506879 -0.00199734 -4.58217e-05 -0.00203156 -0.00476537 -0.0171514 0.00311977 -0.000104362 0.00226193 0.00476656 0.0117911 0.0168805 -0.0111008 -0.00146843 0.000755059 0.0173116 -0.00212691 -0.0111023 0.00361795 -0.00326057 0.00348702 0.0067656 -0.00531852 -0.00218876
internal_weight=24309 303 50 253 231 93 138 75 24006 1895 1238 134 657 479 442 409 178 148 108 68 331 49 282 126 69 1104 258 229 846 571
internal_count=24309 303 50 253 231 93 138 75 24006 1895 1238 134 657 479 442 409 178 148 108 68 331 49 282 126 69 1104 258 229 846 571
is_linear=0
shrinkage=0.05


Tree=160
num_leaves=31
num_cat=0
split_feature=12 0 11 13 12 13 11 11 13 11 13 3 12 11 12 12 14 0 1 13 13 14 1 0 13 11 14 9 13 0
split_gain=4.38897 15.0996 8.16188 8.129 7.91366 6.70462 7.74665 9.79547 6.65843 13.5026 20.4254 12.9345 12.4379 10.1732 10.605 7.17607 7.11443 6.93759 6.94862 7.17518 6.62955 9.57076 6.30266 6.46638 10.1355 7.5246 6.64275 6.19253 6.08048 6.34113
threshold=30.638230323791507 507.50000000000006 22.894024848937992 45.35771560668946 23.204222679138187 36.121747970581062 48.876815795898445 47.665960311889656 59.564762115478523 36.26329421997071 61.177734375000007 1.0000000180025095e-35 25.235399246215824 50.670743942260749 30.003054618835453 30.336311340332035 10.814889430999758 14.500000000000002 10.500000000000002 56.303817749023445 36.723337173461921 108.67580032348634 11.500000000000002 98.500000000000014 29.802427291870121 49.101196289062507 43.611728668212898 3.5000000000000004 34.149635314941413 62.500000000000007
decision_type=2 2 2 2 2 2 2 2 2 2 2 2 2 2 2 2 2 2 2 2 2 2 2 2 2 2 2 2 2 2
left_child=1 2 -1 5 -4 6 7 -3 11 10 -10 15 -13 14 -11 17 -14 -6 19 -19 -17 -22 27 24 -24 -26 -27 -20 29 -2
right_child=28 3 4 -5 8 -7 -8 -9 9 13 -12 12 16 -15 -16 20 -18 18 22 -21 21 -23 23 -25 25 26 -28 -29 -30 -31
leaf_value=0.84137091589883262 1.1768688779781193 3.7640863364517063 -0.92183351613483566 7.4656411138037102 -1.4842380282195522 -10.941954653338811 8.1609587340896805 -2.6472738391457558 -0.36802728597963397 -0.27893445288696389 0.67560920209311814 -0.069680828647932638 1.7332584506517663 0.18406596854072463 -0.017864088304444792 0.18577204209548484 0.4912618222249403 -0.45405599890085729 1.6468205654705899 2.0422902298475103 -2.7762633735137827 -9.5676878763909787 -1.8034243898994007 3.4707336895805776 2.2722687472165641 1.4373108315135106 -4.00218175265646 0.11468332414017937 -0.0040569840701813577 0.14156242219161969
leaf_weight=47 716 79 219 35 309 55 35 27 36 118 33 76 23 41 45 75 102 1656 40 44 124 54 58 38 68 30 30 37 18801 1176
leaf_count=47 716 79 219 35 309 55 35 27 36 118 33 76 23 41 45 75 102 1656 40 44 124 54 58 38 68 30 30 37 18801 1176
internal_value=-0.000125892 -0.00175434 -0.00261875 0.0106015 -0.0029176 0.00662927 0.0124026 0.00565504 -0.00225544 -0.00970341 0.00940666 -0.00151948 0.0106912 -0.0161685 -0.0217658 -0.00247747 0.0203837 -0.00160166 -0.000524711 -0.0017646 -0.0104702 -0.0157215 0.00647625 0.00223115 -0.00161204 0.00624512 -0.00665557 0.0188067 0.000152225 0.00285397
internal_weight=24227 3534 3303 231 3256 196 141 106 3037 273 69 2764 201 204 163 2563 125 2310 2001 1700 253 178 301 224 186 128 60 77 20693 1892
internal_count=24227 3534 3303 231 3256 196 141 106 3037 273 69 2764 201 204 163 2563 125 2310 2001 1700 253 178 301 224 186 128 60 77 20693 1892
is_linear=0
shrinkage=0.05


Tree=161
num_leaves=31
num_cat=0
split_feature=13 14 0 12 0 10 10 12 11 13 13 0 11 13 13 13 12 11 11 1 14 11 14 14 5 11 1 10 13 14
split_gain=5.01751 5.31244 5.82677 5.22053 9.13128 7.53248 11.9843 9.48936 6.8363 6.71918 5.31033 5.03297 5.33874 19.9817 10.7527 17.8124 8.76714 8.55784 8.55695 8.79896 13.3848 7.39306 7.33844 9.75217 10.4941 8.62534 6.96075 6.50865 6.21763 5.26805
threshold=13.382874965667726 182.61954498291018 39.500000000000007 30.638230323791507 507.50000000000006 4.5000000000000009 2.5000000000000004 28.968935966491703 22.894024848937992 30.299225807189945 38.220197677612312 5.5000000000000009 34.688907623291023 65.922466278076186 61.616209030151374 55.415325164794929 30.003054618835453 50.670743942260749 36.696321487426765 4.5000000000000009 18.721705436706547 37.056631088256843 32.081731796264656 94.143215179443374 1.0000000180025095e-35 38.609123229980476 15.500000000000002 1.5000000000000002 59.364721298217781 34.33501052856446
decision_type=2 2 2 2 2 2 2 2 2 2 2 2 2 2 2 2 2 2 2 2 2 2 2 2 2 2 2 2 2 2
left_child=1 2 -1 4 8 6 -6 -7 -2 -8 -11 -10 13 26 15 18 17 21 -14 20 -20 -16 -22 -24 25 -25 27 -13 -29 -18
right_child=3 -3 -4 -5 5 7 9 -9 11 10 -12 12 14 -15 16 -17 29 -19 19 -21 22 -23 23 24 -26 -27 -28 28 -30 -31
leaf_value=3.9524742459851923 1.4509889304136612 -1.4898603930029855 0.38883113681292542 0.0017470221795227838 5.1507822872292106 6.5078352069925458 -3.761176447854913 -1.9207872471480696 -1.5442643742903339 8.0932154983108386 -12.828117609495752 0.84329686780693069 -2.8038299669662772 0.53624090300428306 -0.0071422492672099658 1.2896564489526783 -0.29487655380252742 0.19647153410074003 2.3633923639542065 -0.84325222265045596 -0.96620470178333528 -0.25014442358532207 2.7865187439099901 3.5502081977476152 -6.4096774646454024 -5.5474846271125271 0.62045938243527454 -0.088187242845018693 -0.34962592168065215 0.28802929347843681
leaf_weight=44 45 26 234 20525 32 79 30 21 138 20 30 41 196 20 22 90 21 30 72 1155 50 105 86 33 54 37 22 893 44 32
leaf_count=44 45 26 234 20525 32 79 30 21 138 20 30 41 196 20 22 90 21 30 72 1155 50 105 86 33 54 37 22 893 44 32
internal_value=-0.000134147 0.00624794 0.00827041 -0.000215273 -0.00203055 0.00801509 -0.000892061 0.017982 -0.00269922 -0.011236 0 -0.00297666 -0.00254737 0.000392118 -0.0040593 -0.00279172 -0.0147549 -0.0206875 -0.00395104 -0.00265618 0.00451671 -0.0263572 -0.000768935 0.00333175 -0.00564061 0.00713267 -0.00059994 -0.00122687 -0.00208089 0.00282486
internal_weight=24227 304 278 23923 3398 212 112 100 3186 80 50 3141 3003 1020 1983 1773 210 157 1683 1487 332 127 260 210 124 70 1000 978 937 53
internal_count=24227 304 278 23923 3398 212 112 100 3186 80 50 3141 3003 1020 1983 1773 210 157 1683 1487 332 127 260 210 124 70 1000 978 937 53
is_linear=0
shrinkage=0.05


Tree=162
num_leaves=31
num_cat=0
split_feature=13 14 0 12 0 13 12 11 13 8 13 14 11 13 11 12 9 0 12 13 13 0 10 13 11 8 14 12 11 10
split_gain=4.48305 5.15188 4.56926 4.38555 12.5033 6.73739 5.84109 6.81153 5.81532 6.77198 9.43457 10.5567 10.3473 12.2998 11.8889 9.64118 7.5156 10.7861 10.772 8.49818 12.9286 7.47442 6.68627 8.4655 7.67642 11.0933 9.60881 8.38265 9.35368 9.11828
threshold=13.382874965667726 182.61954498291018 39.500000000000007 30.638230323791507 507.50000000000006 45.35771560668946 25.849575996398929 48.627479553222663 41.199930191040046 -0.94077387452125538 59.564762115478523 148.50881958007815 37.056631088256843 63.864997863769538 47.826915740966804 29.771375656127933 3.5000000000000004 20.500000000000004 29.14305400848389 55.415325164794929 52.600257873535163 43.500000000000007 3.5000000000000004 40.369390487670906 32.405925750732429 -0.75776877999305714 76.154148101806655 29.569596290588382 32.883178710937507 4.5000000000000009
decision_type=2 2 2 2 2 2 2 2 2 2 2 2 2 2 2 2 2 2 2 2 2 2 2 2 2 2 2 2 2 2
left_child=1 2 -1 4 8 6 7 -6 22 -10 11 16 13 -12 -14 -15 17 18 -11 20 -19 -21 -2 24 25 -24 -27 28 -26 -30
right_child=3 -3 -4 -5 5 -7 -8 -9 9 10 12 -13 14 15 -16 -17 -18 19 -20 21 -22 -23 23 -25 27 26 -28 -29 29 -31
leaf_value=3.7548505336859339 0.036549780295776206 -1.4153673733528362 0.36938957997227884 0.0016596710705466756 1.7955919937884346 6.7669672977638982 -1.2119542211003165 12.561690809291658 -2.0869775432045468 1.306928056250936 -0.1694071928990466 -2.0899920053957333 -0.32928471150605998 0.40384101886988977 -0.039758336551890143 -0.0022270561990964666 0.076017490056926471 0.92702646112063825 0.20360009909233803 2.054088180130266 -0.51801604147398528 0.4739699274454765 5.0108817078605341 -4.154285177555546 -13.163776467814408 -2.5008053281393101 1.5356032845142185 -6.6743272353797911 -1.8932992436886389 -0.083777880702767871
leaf_weight=44 485 26 234 20525 82 35 75 20 93 44 61 147 60 33 113 29 633 172 25 23 39 25 28 88 23 60 148 141 251 465
leaf_count=44 485 26 234 20525 82 35 75 20 93 44 61 147 60 33 113 29 633 172 25 23 39 25 28 88 23 60 148 141 251 465
internal_value=-0.000113509 0.00591911 0.00791082 -0.000190193 -0.00185398 0.00990099 0.00592885 0.013712 -0.00263645 -0.000367377 0.00049854 0.00261709 -0.00742992 0.00365556 -0.0153091 0.0193237 0.00452606 0.0106675 0.02822 0.00598225 0.00165798 0.024948 -0.00464745 -0.00664397 -0.00546546 0.0025413 -0.00144161 -0.00761277 -0.00547964 -0.00446865
internal_weight=24227 304 278 23923 3398 212 177 102 3186 1497 1404 1108 296 123 173 62 961 328 69 259 211 48 1689 1204 1116 236 208 880 739 716
internal_count=24227 304 278 23923 3398 212 177 102 3186 1497 1404 1108 296 123 173 62 961 328 69 259 211 48 1689 1204 1116 236 208 880 739 716
is_linear=0
shrinkage=0.05


Tree=163
num_leaves=31
num_cat=0
split_feature=13 14 0 12 0 13 14 8 14 11 3 13 0 1 14 11 8 13 12 13 1 13 11 11 13 12 13 11 10 12
split_gain=4.47079 5.15188 4.56926 4.12339 10.4629 7.38784 5.85575 6.54428 6.10288 13.3763 14.7196 10.3195 6.30584 6.00514 5.84507 5.72544 5.29166 8.07925 8.33664 7.00589 6.68242 8.79963 6.18529 11.878 9.7523 14.1641 12.912 8.24371 8.07198 10.9441
threshold=13.382874965667726 182.61954498291018 39.500000000000007 30.638230323791507 507.50000000000006 45.35771560668946 19.621976852416996 -0.95952773094177235 32.081731796264656 25.610710144042972 1.0000000180025095e-35 29.802427291870121 5.5000000000000009 4.5000000000000009 1.746266841888428 36.26329421997071 -0.97271177172660817 39.599325180053718 34.020851135253913 36.43745422363282 16.500000000000004 33.855607986450202 48.876815795898445 47.826915740966804 53.031028747558601 50.024980545043952 58.331195831298835 52.973001480102546 4.5000000000000009 47.917734146118171
decision_type=2 2 2 2 2 2 2 2 2 2 2 2 2 2 2 2 2 2 2 2 2 2 2 2 2 2 2 2 2 2
left_child=1 2 -1 4 6 -6 7 14 9 -8 11 -11 -10 -13 -2 -12 17 19 -19 20 21 -5 23 28 -24 27 -27 -26 -20 -30
right_child=3 -3 -4 16 5 -7 8 -9 12 10 15 13 -14 -15 -16 -17 -18 18 22 -21 -22 -23 24 -25 25 26 -28 -29 29 -31
leaf_value=3.5671080070016359 -10.318952228488463 -1.3445990046851943 0.35092010097366488 1.6256706055286316 1.8798526538380032 6.4286189328757022 0.28771292115606661 0.13994767210381695 -2.6000902942670852 -3.5768027622662304 -0.06701533065834582 -4.7088723826829044 -0.16832361013376948 0.41947823322743361 -1.6030996809341307 -0.3690970517820546 -0.0040099553941091775 -6.0296643409178632 1.0215421527567543 5.1092294333008077 0.58878209729321229 -7.9357062759905297 0.28006866672895353 2.1753186045372601 -7.3953248151521267 -5.5777718642392236 0.85063346631346937 -0.11581076634843157 -1.6334646504448891 0.99437630785644238
leaf_weight=44 20 26 234 33 177 35 22 665 53 43 22 66 2066 110 77 42 19398 28 167 37 30 22 56 137 47 26 146 50 158 190
leaf_count=44 20 26 234 33 177 35 22 665 53 43 22 66 2066 110 77 42 19398 28 167 37 30 22 56 137 47 26 146 50 158 190
internal_value=-0.000105254 0.00591911 0.00791082 -0.000181833 -0.00179512 0.00895804 -0.00251091 0.00131216 -0.00371272 -0.0103245 -0.0132462 -0.0070744 -0.00276061 -0.00170358 -0.0108136 -0.0343214 8.52615e-05 0.00341585 0.00194011 0.015561 0.00763807 -0.00272232 0.00271211 0.00552063 -0.00292218 -0.00687477 0.00174317 -0.0221421 0.00203844 -0.00229819
internal_weight=24227 304 278 23923 3398 212 3186 762 2424 305 283 219 2119 176 97 64 20525 1127 1005 122 85 55 977 652 325 269 172 97 515 348
internal_count=24227 304 278 23923 3398 212 3186 762 2424 305 283 219 2119 176 97 64 20525 1127 1005 122 85 55 977 652 325 269 172 97 515 348
is_linear=0
shrinkage=0.05


Tree=164
num_leaves=31
num_cat=0
split_feature=13 12 0 12 0 8 12 10 13 0 11 6 13 14 10 13 1 10 13 9 11 13 13 8 13 8 8 11 11 2
split_gain=4.47691 5.32416 5.76846 4.40762 7.99117 5.56146 9.81025 7.23746 20.1434 5.727 7.91436 11.054 20.3181 13.3709 11.374 10.5554 9.51365 9.48327 7.91373 7.75825 9.94668 7.53459 14.9451 6.70895 6.46132 6.218 7.51693 6.16028 10.6361 10.6634
threshold=13.382874965667726 25.4909200668335 57.500000000000007 30.638230323791507 507.50000000000006 -0.97271177172660817 51.735084533691413 4.5000000000000009 65.922466278076186 22.500000000000004 33.571233749389656 1.0000000180025095e-35 52.600257873535163 44.750740051269538 4.5000000000000009 46.24153137207032 7.5000000000000009 2.5000000000000004 44.517477035522468 4.5000000000000009 27.133479118347172 62.656835556030281 73.002231597900405 0.14249456673860553 70.776321411132827 -0.58294391632080067 0.367367833852768 49.569253921508796 50.005039215087898 1.0000000180025095e-35
decision_type=2 2 2 2 2 2 2 2 2 2 2 2 2 2 2 2 2 2 2 2 2 2 2 2 2 2 2 2 2 2
left_child=1 -1 -3 4 -2 6 -5 8 -8 10 11 15 23 14 19 17 -17 -7 25 20 -14 -15 -23 -13 -22 -19 -27 -12 29 -29
right_child=3 2 -4 5 -6 9 7 -9 -10 -11 27 12 13 21 -16 16 -18 18 -20 -21 24 22 -24 -25 -26 26 -28 28 -30 -31
leaf_value=-0.95107176275192851 -0.14583168041294439 4.6717515411150492 0.7010196460665773 0.55611330562498296 2.5840987484067326 -5.0070087371874923 -2.1993333515693201 -0.87167944043585421 3.7618364857701354 0.0088267179946260651 0.038278826626724799 0.6592902006565251 -0.039765174328419486 -0.66624442456664834 0.26180618125731103 3.516390912895929 -0.52917493841045304 -2.0946073703338768 -4.5733726017099068 0.0077934511857495892 -0.57878868981267517 0.0031767056040152399 -0.70640677108904848 -0.070854039172005653 -0.02529088793312724 2.956780951450714 -5.8354509110231092 -0.33589400893245075 -0.015967257218729002 -0.97741530674037813
leaf_weight=51 3186 53 200 941 212 25 33 116 37 15500 1756 36 54 38 31 165 173 151 33 36 47 29 39 25 38 66 28 67 974 87
leaf_count=51 3186 53 200 941 212 25 33 116 37 15500 1756 36 54 38 31 165 173 151 33 36 47 29 39 25 38 66 28 67 974 87
internal_value=-0.000109382 0.00591911 0.00888977 -0.000186013 -0.00185398 9.01335e-05 0.00350457 -0.00698549 0.00570613 -0.000108258 -0.0018214 -0.00562075 -0.0124631 -0.0176226 -0.0101892 -0.00163781 0.00443656 -0.00841306 -0.00575333 -0.0151342 -0.0204889 -0.0320452 -0.0220264 0.0139116 -0.0311398 -0.00265198 0.00743889 -0.00048542 -0.0033685 -0.0155743
internal_weight=24227 304 253 23923 3398 20525 1127 186 70 19398 3898 1014 373 312 206 641 338 303 278 175 139 106 68 61 85 245 94 2884 1128 154
internal_count=24227 304 253 23923 3398 20525 1127 186 70 19398 3898 1014 373 312 206 641 338 303 278 175 139 106 68 61 85 245 94 2884 1128 154
is_linear=0
shrinkage=0.05


Tree=165
num_leaves=31
num_cat=0
split_feature=1 13 1 14 13 13 11 13 2 11 11 13 13 8 11 8 13 1 1 13 8 13 11 13 0 14 0 13 13 8
split_gain=4.3797 7.97371 7.25239 6.74077 4.2158 10.8788 5.89892 7.02403 5.30101 7.76574 5.51696 5.08999 4.84047 4.30538 4.19005 9.38325 4.55656 5.94434 4.92398 4.03208 7.66225 3.94199 7.63044 5.55808 5.23584 5.9633 4.71752 4.26067 6.06815 5.1141
threshold=13.500000000000002 74.361293792724624 15.500000000000002 492.22836303710943 32.725118637084968 37.741630554199226 29.481798171997074 42.91651916503907 1.0000000180025095e-35 32.98573303222657 49.811967849731452 40.122537612915046 36.121747970581062 -0.95046201348304737 62.558259963989265 -0.67299026250839222 75.428649902343764 2.5000000000000004 8.5000000000000018 51.687604904174812 -0.95046201348304737 63.465114593505866 47.937917709350593 60.784336090087898 9.5000000000000018 21.178119659423832 11.500000000000002 51.835308074951179 58.553945541381843 -0.88948822021484364
decision_type=2 2 2 2 2 2 2 2 2 2 2 2 2 2 2 2 2 2 2 2 2 2 2 2 2 2 2 2 2 2
left_child=14 3 -3 4 8 12 19 11 9 -2 -11 -8 -6 -10 -1 -16 18 -18 -17 -7 -21 23 26 27 -24 -26 -23 -9 -29 -30
right_child=1 2 -4 -5 5 6 7 21 13 10 -12 -13 -14 -15 15 16 17 -19 -20 20 -22 22 24 -25 25 -27 -28 28 29 -31
leaf_value=0.0070905965237544784 -1.2442233828082552 -0.0068485435055755774 0.27951658521788547 0.20731916638530948 0.47690653345267348 1.1083567336289428 -1.3850048889955737 0.12432368164126775 -0.21142551322007394 2.1018732660550312 -2.0165029296161694 -5.5737041717755247 3.4635117060402507 -3.7420049149595123 -0.066493249661802173 -3.3670910523556956 -0.0074265149778995013 0.63598398614251161 1.4020138736503045 1.809793068311613 -0.90994484918146856 -3.2153086388503569 -3.1996612479286242 1.1327957125762236 0.7186334291112737 -0.79822206448674971 -3.7494899676657969 -2.4383236910307873 -2.9886360987038048 2.4786610183718576
leaf_weight=23126 23 49 47 109 70 32 37 87 21 26 27 30 25 65 47 30 87 25 22 26 26 24 23 39 23 30 28 66 25 20
leaf_count=23126 23 49 47 109 70 32 37 87 21 26 27 30 25 65 47 30 87 25 22 26 26 24 23 39 23 30 28 66 25 20
internal_value=6.16901e-06 -0.00327165 0.0104058 -0.00476136 -0.00640279 -0.00450008 -0.00736291 -0.00971997 -0.0135719 -0.00394218 0.00659134 -0.0245902 0.011041 -0.0220674 0.000143548 -0.00686878 -0.00121877 0.0044603 -0.0134357 0.00475624 -0.00383877 -0.00698439 -0.0140515 -0.00316322 -0.00394218 0.0047081 -0.0287908 -0.00656234 -0.0130513 0.00110865
internal_weight=24315 978 96 882 773 611 516 432 162 76 53 67 95 86 23337 211 164 112 52 84 52 365 128 237 76 53 52 198 111 45
internal_count=24315 978 96 882 773 611 516 432 162 76 53 67 95 86 23337 211 164 112 52 84 52 365 128 237 76 53 52 198 111 45
is_linear=0
shrinkage=0.05


Tree=166
num_leaves=31
num_cat=0
split_feature=0 1 12 12 8 14 12 14 13 11 1 9 11 1 8 12 12 11 14 13 12 12 13 14 13 12 13 1 14 14
split_gain=3.20811 7.17006 7.92776 6.48295 6.22449 9.28501 5.99132 5.29509 5.1127 5.98766 4.52741 5.54523 4.48242 4.40728 4.68974 8.20611 10.0851 9.33898 6.17076 5.84496 4.58265 4.3209 4.3505 4.2305 4.1635 4.04354 3.92661 3.83218 3.53629 6.49881
threshold=5.5000000000000009 5.5000000000000009 28.820275306701664 47.714075088500984 -0.92228758335113514 20.587439537048343 35.88701248168946 4.544748306274415 51.278041839599616 48.468786239624031 19.500000000000004 1.5000000000000002 52.155639648437507 23.500000000000004 -0.97710916399955738 58.595743179321296 55.319793701171882 50.138500213623054 28.476300239562992 73.002231597900405 49.224458694458015 47.822984695434577 49.78405952453614 7.2613036632537851 38.476268768310554 47.861955642700202 35.030492782592781 3.5000000000000004 2.9255985021591191 20.587439537048343
decision_type=2 2 2 2 2 2 2 2 2 2 2 2 2 2 2 2 2 2 2 2 2 2 2 2 2 2 2 2 2 2
left_child=1 6 -3 8 21 -6 7 -1 9 10 11 -4 23 14 15 16 17 19 20 27 -19 -5 -23 -11 -9 -24 -15 -2 -16 -30
right_child=13 2 3 4 5 -7 -8 24 -10 12 -12 -13 -14 26 28 -17 -18 18 -20 -21 -22 22 25 -25 -26 -27 -28 -29 29 -31
leaf_value=0.19349732073871523 -8.809708614471635 -2.6619975318008509 0.15769989123458628 -2.8584718459251213 -5.8619096153692674 0.48831773573062648 -5.0095252478893535 0.59229777151291108 3.4887562660356672 0.9269700087002537 0.64201749674291364 -1.7583256322916605 0.088793156161150411 0.17556695349011503 -0.065764428140571513 3.8381595010091361 -3.4068650752245042 1.8214853624598346 -0.531882635568244 1.4883738399842301 -0.15066062585127613 0.64497918138142996 1.1804557919961638 3.1458983566823711 -6.3158824986302964 -0.10394095878815364 -1.7652983783847518 1.4541206007658118 0.064534844641290334 -0.0085078674849370373
leaf_weight=107 26 52 25 29 24 25 53 20 39 34 21 54 36 32 888 24 36 24 58 30 27 32 23 21 37 287 35 346 5197 16673
leaf_count=107 26 52 25 29 24 25 53 20 39 34 21 54 36 32 888 24 36 24 58 30 27 32 23 21 37 287 35 346 5197 16673
internal_value=1.43943e-05 -0.00288326 -0.00042729 0.00107676 -0.00261842 -0.0193483 -0.0108245 -0.00609385 0.00782269 0.00444793 -0.003996 -0.00948167 0.0137212 0.000128226 0.00016503 0.00464017 0.00338147 0.0051849 -0.00779102 0.0087043 0.00489237 -0.000404204 0.00116925 0.022686 -0.0183888 -0.000644953 -0.0126677 0.00698737 5.27285e-05 0.000178326
internal_weight=24315 919 702 650 420 49 217 164 230 191 100 79 91 23396 23329 571 547 511 109 402 51 371 342 55 57 310 67 372 22758 21870
internal_count=24315 919 702 650 420 49 217 164 230 191 100 79 91 23396 23329 571 547 511 109 402 51 371 342 55 57 310 67 372 22758 21870
is_linear=0
shrinkage=0.05


Tree=167
num_leaves=31
num_cat=0
split_feature=1 12 3 13 0 14 12 13 8 13 11 14 12 4 14 12 11 13 13 12 11 13 8 13 13 8 8 14 11 13
split_gain=3.8092 7.89167 10.1275 9.06999 5.13229 10.4038 9.65641 8.21004 8.65954 7.91617 7.68509 7.11233 6.89052 6.27566 9.99412 10.3663 12.6931 5.87091 7.09065 5.04112 5.75208 4.97773 4.15063 4.32028 6.86173 3.9276 7.18947 3.82333 3.4996 6.16637
threshold=13.500000000000002 49.273948669433601 1.0000000180025095e-35 51.835308074951179 14.500000000000002 180.40700531005862 29.771375656127933 69.996517181396499 -0.87782016396522511 38.476268768310554 52.291742324829109 118.76640701293947 48.558578491210945 1.0000000180025095e-35 85.631896972656264 35.660881042480476 49.273410797119148 32.725118637084968 49.976116180419929 57.477209091186531 34.206871032714851 68.440422058105483 -0.61451989412307728 58.105291366577156 63.63823318481446 -0.47665333747863764 0.18198052048683169 40.355499267578132 62.830816268920906 95.711181640625014
decision_type=2 2 2 2 2 2 2 2 2 2 2 2 2 2 2 2 2 2 2 2 2 2 2 2 2 2 2 2 2 2
left_child=28 4 3 -3 6 10 27 8 9 -8 13 12 -11 14 15 17 -17 -6 -19 22 -21 -4 23 -5 -25 -12 -27 -2 -1 -30
right_child=1 2 21 19 5 -7 7 -9 -10 11 25 -13 -14 -15 -16 16 -18 18 -20 20 -22 -23 -24 24 -26 26 -28 -29 29 -31
leaf_value=0.005267024754320105 -3.37222099531696 1.1253112926071347 0.48141047588743913 -0.31111698841729241 -1.1787239922608137 1.468378525191403 0.31171492349576413 1.4886534094821036 -1.5365372441885556 -0.021716088952553038 -1.4228018969656313 -6.8873788555059381 -3.9118767916222055 3.011205123928161 -8.4907587946030247 -1.5693959524654268 0.14035481088187327 2.2871287332771737 0.049282798728067692 -0.31229671237300993 -4.6520138998790488 0.26245108837720343 -3.2428735025603888 2.7101566964917221 -0.43982123184251454 -2.7746483928964261 -0.3942283596064613 -1.1515282976677552 -0.80918697963442165 0.095179840332500917
leaf_weight=23219 39 36 20 27 29 22 112 20 27 77 38 21 29 51 21 57 35 36 22 21 20 31 23 29 42 27 36 30 78 40
leaf_count=23219 39 36 20 27 29 22 112 20 27 77 38 21 29 51 21 57 35 36 22 21 20 31 23 29 42 27 36 30 78 40
internal_value=-1.02817e-05 -0.00306717 0.00461662 -0.000504796 -0.00569195 -0.00160385 -0.00999718 -0.00594198 -0.00826757 -0.00522794 -0.00369213 -0.0137687 -0.00848256 0.000995619 -0.0029985 0.000837521 -0.0108578 0.0132032 0.0223752 -0.00555213 -0.0206813 0.0244618 -0.000412882 0.00407747 0.0105485 -0.0153314 -0.0229794 -0.0267728 0.000117838 -0.0084674
internal_weight=24315 978 249 198 729 374 355 286 266 239 352 127 106 251 200 179 92 87 58 162 41 51 121 98 71 101 63 69 23337 118
internal_count=24315 978 249 198 729 374 355 286 266 239 352 127 106 251 200 179 92 87 58 162 41 51 121 98 71 101 63 69 23337 118
is_linear=0
shrinkage=0.05


Tree=168
num_leaves=31
num_cat=0
split_feature=1 3 12 14 12 13 14 12 14 8 2 14 13 12 12 8 13 11 12 8 14 13 13 8 14 0 13 9 8 0
split_gain=3.8092 9.19107 11.49 9.99072 9.3657 5.95053 5.08381 4.51614 4.49812 5.68702 6.49254 8.5743 7.08663 9.21688 5.77889 5.65168 5.71519 5.53028 4.74223 4.26298 4.113 3.93494 3.76289 6.75653 3.08922 10.6389 13.4882 9.62669 8.4609 7.46362
threshold=13.500000000000002 1.0000000180025095e-35 47.730339050292976 6.623645782470704 26.799804687500004 57.484724044799812 20.587439537048343 25.4909200668335 398.15756225585943 -0.99432605504989613 1.0000000180025095e-35 77.991527557373061 31.602046966552738 34.270107269287116 32.938516616821296 -0.97498750686645497 50.689489364624031 52.704584121704109 29.14305400848389 -0.97710916399955738 174.23502349853518 34.767818450927741 70.523578643798842 -0.94077387452125538 201.7736740112305 71.500000000000014 63.044647216796882 1.5000000000000002 0.8575187921524049 252.50000000000003
decision_type=2 2 2 2 2 2 2 2 2 2 2 2 2 2 2 2 2 2 2 2 2 2 2 2 2 2 2 2 2 2
left_child=24 4 3 -3 7 -5 -4 -2 9 -6 15 12 -12 14 18 -11 17 -17 -14 21 -13 -10 -15 -24 -1 28 27 -27 -26 -28
right_child=1 2 6 5 8 -7 -8 -9 19 10 11 20 13 22 -16 16 -18 -19 -20 -21 -22 -23 23 -25 25 26 29 -29 -30 -31
leaf_value=0.0084880700195149924 -0.61182597929351701 -0.44468116337703423 0.42748857535732232 0.20728793716749738 3.749623753110602 -0.085502014059003179 0.042935933134944017 -4.5946308991576235 0.66591877696252055 -0.34524922496760829 -4.1966894358892706 -7.7966164276914958 1.1638273758214122 -1.8623288136386051 1.349008463849086 3.0997734323718955 -1.7798523811391058 -0.53406007919476373 -3.1223663748298258 1.0091785366341375 -0.59872912856392413 -2.0789797449498466 1.4142207390079991 -1.5412114421644159 0.09157429214140772 0.77627719161973241 -1.5336206572839801 -1.9643403617848492 2.349792598185378 0.84399445878016843
leaf_weight=21229 42 28 40 20 23 35 28 41 24 20 44 37 26 267 20 62 22 21 30 44 22 31 28 23 512 57 79 1037 129 294
leaf_count=21229 42 28 40 20 23 35 28 41 24 20 44 37 26 267 20 62 22 21 30 44 22 31 28 23 512 57 79 1037 129 294
internal_value=-1.02817e-05 -0.00306717 0.00827267 -0.00421179 -0.00513844 0.00816697 0.0234949 -0.021059 -0.00335976 -0.00488296 -0.00578685 -0.00834842 -0.00593472 -0.00380614 0.0118265 0.00439648 0.00903901 0.0150421 0.00356506 0.00655903 -0.0262267 -0.00272232 -0.0075448 0.00489237 0.000117838 -0.0017077 -0.00405562 -0.00685495 0.00366557 0.00415438
internal_weight=24315 978 151 83 827 55 68 83 744 645 622 497 438 394 76 125 105 83 56 99 59 55 318 51 23337 2108 1467 1094 641 373
internal_count=24315 978 151 83 827 55 68 83 744 645 622 497 438 394 76 125 105 83 56 99 59 55 318 51 23337 2108 1467 1094 641 373
is_linear=0
shrinkage=0.05


Tree=169
num_leaves=31
num_cat=0
split_feature=1 14 14 13 14 0 13 11 0 1 8 13 14 14 1 1 11 8 13 10 8 13 13 10 9 14 13 0 14 0
split_gain=3.82565 3.6694 4.33649 4.17107 6.60064 3.04876 6.01355 8.83848 6.18839 7.02218 5.57492 5.90865 5.65135 5.1242 4.98973 7.21297 7.26675 6.97333 4.32016 4.84998 4.29113 4.26326 11.9476 11.4116 14.9674 8.29314 18.0783 15.8687 11.2139 10.531
threshold=22.500000000000004 36.66943550109864 2.9255985021591191 37.499044418334968 900.73138427734386 5.5000000000000009 69.996517181396499 49.569253921508796 4.5000000000000009 3.5000000000000004 -0.99432605504989613 56.303817749023445 44.218490600585945 2.7543928623199467 6.5000000000000009 13.500000000000002 52.973001480102546 -0.95647868514060963 41.445154190063484 4.5000000000000009 -0.97710916399955738 63.63823318481446 62.248908996582038 3.5000000000000004 3.5000000000000004 6.8018774986267099 71.93750381469728 21.500000000000004 9.8079414367675799 26.500000000000004
decision_type=2 2 2 2 2 2 2 2 2 2 2 2 2 2 2 2 2 2 2 2 2 2 2 2 2 2 2 2 2 2
left_child=5 2 -2 4 -3 6 8 -8 9 -1 12 14 -11 -13 17 16 -16 18 -12 -20 -7 22 -22 24 -24 26 27 -23 -27 -29
right_child=1 3 -4 -5 -6 20 7 -9 -10 10 11 13 -14 -15 15 -17 -18 -19 19 -21 21 25 23 -25 -26 28 -28 29 -30 -31
leaf_value=-1.6752626246041897 0.086510424018328091 1.2758215647689555 -2.1733037211767412 -0.96619601948606437 -0.29016230428117568 0.57894553447542596 1.9782250342159218 -7.4134904666876658 -1.3911082840134705 3.5621425654550722 1.7815364009072532 -5.996843674281493 -0.4187826005160023 -0.83897409071666829 0.858070241275804 -0.89824449966570263 -2.3101341189581905 0.39474050903827185 -0.18630211212444153 -9.963806237091644 0.029763754812137045 -0.56269175453043407 0.1996143360980101 1.6951878589951457 -1.1907529421646765 0.28353354203103009 0.0045792700156283674 0.71894929976491417 -0.013926338007890671 -0.88950950804943041
leaf_weight=53 20 29 34 25 20 571 41 20 104 57 33 36 30 109 139 78 29 55 25 52 14601 125 77 486 54 563 579 24 6024 222
leaf_count=53 20 29 34 25 20 571 41 20 104 57 33 36 30 109 139 78 29 55 25 52 14601 125 77 486 54 563 579 24 6024 222
internal_value=3.0845e-05 -0.00858704 -0.0184843 -0.00134953 0.00712831 7.64871e-05 -0.0028452 0.012275 -0.0039995 -0.00229852 -0.000855232 -0.00269736 0.010907 -0.0113715 0.000364875 0.00487607 0.0107079 -0.00635978 -0.013624 -0.0201038 0.000184343 7.69058e-05 0.000558545 0.0073732 -0.00572082 -0.00089557 -0.0052626 -0.0138777 -0.000265671 -0.00650142
internal_weight=24315 128 54 74 49 24187 861 61 800 696 643 556 87 145 411 246 168 165 110 77 23326 22755 15218 617 131 7537 950 371 6587 246
internal_count=24315 128 54 74 49 24187 861 61 800 696 643 556 87 145 411 246 168 165 110 77 23326 22755 15218 617 131 7537 950 371 6587 246
is_linear=0
shrinkage=0.05


Tree=170
num_leaves=31
num_cat=0
split_feature=13 11 11 11 13 11 14 13 0 13 11 13 13 0 3 10 13 12 12 11 11 14 10 14 9 14 5 0 11 14
split_gain=3.07841 3.11884 2.76857 4.58533 7.14466 5.78918 5.15168 4.18146 6.18168 6.01701 4.04204 9.56736 13.1098 12.193 11.5794 9.24717 7.97122 8.55247 6.14701 4.53436 11.6814 7.49547 9.77698 5.68177 8.46549 4.54236 5.74677 7.2845 4.46938 10.9345
threshold=110.47600555419923 60.07592964172364 59.356483459472663 56.907613754272468 92.21045303344728 57.123653411865241 97.010589599609389 93.412864685058608 17.500000000000004 107.48803329467775 56.098058700561531 67.712471008300795 59.564762115478523 89.500000000000014 1.0000000180025095e-35 4.5000000000000009 53.590007781982429 47.702192306518562 36.444505691528327 55.142854690551765 54.46644592285157 3.8231720924377446 3.5000000000000004 16.304504394531254 3.5000000000000004 73.965454101562514 1.0000000180025095e-35 56.500000000000007 54.429777145385749 63.983430862426765
decision_type=2 2 2 2 2 2 2 2 2 2 2 2 2 2 2 2 2 2 2 2 2 2 2 2 2 2 2 2 2 2
left_child=2 -2 3 10 5 6 -5 -4 9 -9 19 12 13 16 -14 -13 17 -12 -15 20 28 -22 -23 24 -21 26 27 -24 -1 -30
right_child=1 -3 7 4 -6 -7 -8 8 -10 -11 11 15 14 18 -16 -17 -18 -19 -20 23 21 22 25 -25 -26 -27 -28 -29 29 -31
leaf_value=0.0052402658428071904 -0.29616065484075876 0.01140673722368284 -0.071103750598598484 2.5757577489633734 -0.29124891862374652 0.5653085674595143 4.1180909220259556 0.17053898468814063 0.17455218393676031 -0.051461556267981212 -1.533521596462653 -0.062834583298116795 -1.0245456836000493 5.0672183087406815 0.86274740734563482 -2.0801013558422889 -1.7442840740189771 1.1092153901122832 -0.55243498045397676 2.8183888443892275 -4.7891528317104077 0.58485903047778087 -0.029797981158125 0.14981423734966767 0.05242690480212886 -7.4091187698748477 0.16489281952633483 -2.3846329853741413 0.0014152750967554085 -0.17212886987745515
leaf_weight=21767 47 37 485 34 20 533 21 23 55 24 75 26 31 26 28 26 57 23 97 53 20 27 31 407 53 85 75 25 43 36
leaf_count=21767 47 37 485 34 20 533 21 23 55 24 75 26 31 26 28 26 57 23 97 53 20 27 31 407 53 85 75 25 43 36
internal_value=3.70521e-05 -0.00951249 7.02302e-05 0.000154536 0.00444006 0.00544125 0.0208711 -0.00332141 0.00587659 -0.007431 4.12844e-05 -0.00501157 -0.00192821 -0.00647249 0.0194585 -0.024952 -0.0157963 -0.00713558 0.00528026 0.000128193 2.03536e-05 -0.0104523 -0.00802139 0.0047749 0.0150801 -0.0115687 -0.00572082 -0.0178253 0.000146479 0.0120101
internal_weight=24290 84 24206 23619 608 588 55 587 102 47 23011 389 337 278 59 52 155 98 123 22622 22109 263 243 513 106 216 131 56 21846 79
internal_count=24290 84 24206 23619 608 588 55 587 102 47 23011 389 337 278 59 52 155 98 123 22622 22109 263 243 513 106 216 131 56 21846 79
is_linear=0
shrinkage=0.05


Tree=171
num_leaves=31
num_cat=0
split_feature=13 14 14 12 14 9 12 14 12 0 3 0 8 14 12 12 12 12 11 11 11 13 11 13 9 13 1 13 12 0
split_gain=3.83721 11.401 6.74494 8.35383 6.42846 6.36192 5.54581 5.34556 5.09502 13.059 6.43728 15.6221 6.78591 9.64768 6.90128 4.56305 4.56278 4.07555 7.35417 3.47177 3.10107 5.62156 3.48629 3.43233 3.51323 5.2565 6.34314 5.21847 4.13201 5.04741
threshold=103.72949600219728 53.306993484497077 25.258034706115726 61.031497955322273 18.314824104309086 4.5000000000000009 62.830816268920906 57.274644851684577 59.812217712402351 984.50000000000011 1.0000000180025095e-35 43.500000000000007 -0.83712315559387196 64.696346282958999 60.742162704467781 59.11174392700196 62.336055755615241 59.812217712402351 61.023616790771491 60.07592964172364 59.356483459472663 93.412864685058608 59.11174392700196 35.55290603637696 1.5000000000000002 49.976116180419929 4.5000000000000009 46.006563186645515 51.073541641235359 76.500000000000014
decision_type=2 2 2 2 2 2 2 2 2 2 2 2 2 2 2 2 2 2 2 2 2 2 2 2 2 2 2 2 2 2
left_child=6 2 3 4 17 19 8 -8 15 10 12 -12 14 16 -10 20 -14 18 -2 -4 22 23 -1 -22 25 -25 -27 -26 -29 -30
right_child=1 -3 5 -5 -6 -7 7 -9 9 -11 11 -13 13 -15 -16 -17 -18 -19 -20 -21 21 -23 -24 24 27 26 -28 28 29 -31
leaf_value=0.005058362988716425 -0.33780702567646409 0.20197522625525757 -0.24387963156847337 -0.52527337900303361 0.18070508598161883 0.033636202751994304 -0.014090188218326105 -5.0211197612250507 3.7237807400730221 -0.1892915183159751 -0.025941337942639822 2.8936210353913028 -8.2055657161297475 1.7883769799192824 0.010557364868680353 -2.1138371452615083 0.017273302868235873 0.20927049071055742 0.12606723015392199 -0.014529370680202726 0.96091799920530441 0.10139965951744792 3.1492053469498771 1.7086622902458595 -3.1202454511548408 -0.084943874770383079 -4.8763729499376129 0.0043135650856157785 -0.14874304445074901 -7.4959554912761774
leaf_weight=23063 49 30 36 22 24 23 32 21 38 38 43 50 43 46 32 22 27 23 40 29 39 46 28 26 28 29 37 260 43 23
leaf_count=23063 49 30 36 22 24 23 32 21 38 38 43 50 43 46 32 22 27 23 40 29 39 46 28 26 28 29 37 260 43 23
internal_value=6.58705e-05 -0.005795 -0.00934579 -0.00316256 0.00146951 -0.0204313 0.000133255 -0.0160075 0.000169024 0.00646484 0.0102114 0.0209452 0.00483611 -0.00258398 0.0171184 8.45877e-05 -0.0142653 -0.00356824 -0.00841751 -0.0284178 0.000105833 -0.00367162 0.000192715 -0.00525665 -0.00650078 -0.0152009 -0.0226929 -0.00423609 -0.00245324 -0.0136157
internal_weight=24290 276 246 158 136 88 24014 53 23961 317 279 93 186 116 70 23644 70 112 89 65 23622 531 23091 485 446 92 66 354 326 66
internal_count=24290 276 246 158 136 88 24014 53 23961 317 279 93 186 116 70 23644 70 112 89 65 23622 531 23091 485 446 92 66 354 326 66
is_linear=0
shrinkage=0.05


Tree=172
num_leaves=31
num_cat=0
split_feature=13 11 13 8 11 13 11 8 13 13 8 14 12 12 8 8 13 9 9 14 13 8 0 13 14 14 9 11 1 12
split_gain=3.10501 3.1389 10.8829 15.6059 10.2627 10.0963 16.2181 9.21861 17.5628 13.2686 21.3366 21.2694 18.3152 17.0621 15.1693 14.9333 13.8505 19.6353 12.7956 9.75635 9.54939 12.3517 9.00481 8.55885 8.92679 8.30166 13.9301 9.49974 8.51903 8.22861
threshold=110.47600555419923 36.490407943725593 77.125656127929702 -0.88948822021484364 35.80696105957032 55.013584136962898 35.98027420043946 0.045584416016936309 74.361293792724624 56.072263717651374 0.066946782171726241 8.8423743247985858 35.364389419555671 34.706089019775398 0.28587774932384497 0.77842378616333019 67.712471008300795 2.5000000000000004 1.5000000000000002 1478.4567871093752 47.172147750854499 0.19082633405923846 140.50000000000003 50.689489364624031 14.618633747100832 13.124662876129152 3.5000000000000004 34.830272674560554 7.5000000000000009 37.887817382812507
decision_type=2 2 2 2 2 2 2 2 2 2 2 2 2 2 2 2 2 2 2 2 2 2 2 2 2 2 2 2 2 2
left_child=1 2 4 -4 7 -6 -7 8 -1 14 16 15 13 -13 20 -12 -11 -18 -14 23 21 -9 25 24 29 -5 28 -28 -27 -16
right_child=-2 -3 3 22 5 6 -8 9 -10 10 11 12 18 -15 19 -17 17 -19 -20 -21 -22 -23 -24 -25 -26 26 27 -29 -30 -31
leaf_value=0.1836341001062877 -0.22386071938023974 0.015846364618013808 1.2728089666854132 -0.43193551821244758 -2.8752711036945522 1.1042035362176195 -0.61160718980187312 -0.28056331393924738 1.2150632649812572 -0.52649862583403995 0.9240451235560535 -0.11058651179714687 -1.7023358841786846 -0.81175631879947552 -3.6898095191525062 -0.82588856136809952 0.20174764881975876 -0.80272661220130925 -0.092157164952083551 2.3428450974245631 0.62332064162539425 1.9352875449778673 1.4596168743025204 -1.2365918044897903 0.11720039206176978 0.099603391391976104 -0.27543565048145846 -0.74098161902050996 -0.50087585853788785 1.3569651183158074
leaf_weight=3689 84 15365 35 99 393 103 219 246 102 97 65 113 28 48 126 37 25 36 823 22 201 114 63 299 1535 68 134 63 25 33
leaf_count=3689 84 15365 35 99 393 103 219 246 102 97 65 113 28 48 126 37 25 36 823 22 201 114 63 299 1535 68 134 63 25 33
internal_value=7.82212e-05 0.000111542 -0.000639061 -0.00790392 -0.000215463 -0.00594322 0.000620925 0.000320718 0.00207064 -0.00140329 -0.00558132 -0.00314155 -0.00533544 -0.0207945 0.000659912 0.0186092 -0.0227704 -0.00409165 -0.00240865 -0.0013647 0.00793085 0.00305471 -0.0103959 -0.00173097 -0.00035417 -0.0132357 -0.00896243 -0.0164891 0.00698174 -0.0116279
internal_weight=24290 24206 8841 487 8354 715 322 7639 3791 3848 1272 1114 1012 161 2576 102 158 61 851 2015 561 360 452 1993 1694 389 290 197 93 159
internal_count=24290 24206 8841 487 8354 715 322 7639 3791 3848 1272 1114 1012 161 2576 102 158 61 851 2015 561 360 452 1993 1694 389 290 197 93 159
is_linear=0
shrinkage=0.05


Tree=173
num_leaves=31
num_cat=0
split_feature=11 8 1 11 10 14 12 14 10 11 9 11 1 3 9 14 14 11 8 8 12 12 0 0 14 12 14 1 8 0
split_gain=2.54989 7.23519 9.73136 7.78568 14.0899 6.69685 7.37403 7.26717 7.30619 6.36281 15.547 28.8463 11.9117 16.6091 10.1266 11.0767 9.16017 8.95334 9.55189 8.24263 7.6523 12.0655 10.7972 9.98445 10.0673 9.90901 8.41752 6.96787 6.75435 10.1145
threshold=36.490407943725593 1.0000000180025095e-35 10.500000000000002 21.967925071716312 3.5000000000000004 3.8851513862609868 28.040962219238285 0.97519949078559887 2.5000000000000004 48.412141799926765 4.5000000000000009 48.162836074829109 6.5000000000000009 1.0000000180025095e-35 3.5000000000000004 21.608121871948246 1.9439529776573183 37.056631088256843 0.019716139882802967 -0.91158819198608387 55.622457504272468 50.369464874267585 43.500000000000007 75.500000000000014 50.394865036010749 58.595743179321296 164.15270996093753 3.5000000000000004 -0.95341250300407399 22.500000000000004
decision_type=2 2 2 2 2 2 2 2 2 2 2 2 2 2 2 2 2 2 2 2 2 2 2 2 2 2 2 2 2 2
left_child=1 3 5 4 -1 6 -3 -8 -9 10 14 12 -12 -14 16 17 -2 18 19 -16 21 -18 27 -24 -25 -22 -26 -23 29 -19
right_child=9 2 -4 -5 -6 -7 7 8 -10 -11 11 -13 13 -15 15 -17 20 28 -20 -21 25 22 23 24 26 -27 -28 -29 -30 -31
leaf_value=-0.13668509106068144 -0.4337691563239105 0.87336680664734423 0.1842058807619317 0.10397444386002662 6.5225651112636944 -0.10420727497484027 0.089182960625424815 -0.50874716695378652 -0.62069870841648866 -0.0076434532614058533 0.73691319941709643 2.4656147782474025 -2.586216831924351 1.7218736159750287 6.6671136430201505 -0.88138986905016958 0.072624864467461234 -0.08848258416978183 3.4051242070616925 -1.3984206469323077 -3.0156078176272505 1.1258114162726209 -2.5426927283615157 2.2469254644802752 -3.8362602829362418 4.6628638826940714 3.1012786950734639 2.4445896445387918 -0.19939492851121443 2.4623255984264887
leaf_weight=31 103 21 213 3589 30 4784 41 33 99 10444 1309 87 265 33 29 998 1387 28 27 31 82 24 51 60 45 27 21 81 294 23
leaf_count=31 103 21 213 3589 30 4784 41 33 99 10444 1309 87 265 33 29 998 1387 28 27 31 82 24 51 60 45 27 21 81 294 23
internal_value=9.46888e-05 -0.000582507 -0.0017819 0.00112326 0.0188216 -0.00222977 -0.0113344 -0.0147314 -0.0204391 0.000482229 0.00194801 0.00584381 0.00432456 -0.00469641 -4.53022e-05 -0.00321656 0.00236564 0.00347142 0.0177956 0.00665557 0.00320567 0.0040441 0.0134704 0.00592885 0.0134814 -0.0096242 0 0.0261656 -0.000144886 0.0166341
internal_weight=24290 8841 5191 3650 61 4978 194 173 132 15449 5005 1694 1607 298 3311 1430 1881 432 87 60 1778 1669 282 177 126 109 66 105 345 51
internal_count=24290 8841 5191 3650 61 4978 194 173 132 15449 5005 1694 1607 298 3311 1430 1881 432 87 60 1778 1669 282 177 126 109 66 105 345 51
is_linear=0
shrinkage=0.05


Tree=174
num_leaves=31
num_cat=0
split_feature=10 14 5 13 8 13 13 13 11 14 12 13 13 9 12 12 14 14 11 13 14 14 11 11 8 9 11 8 14 13
split_gain=3.80729 12.8573 16.773 16.0457 13.1632 12.4001 10.2015 8.57993 8.34535 9.21197 8.02155 13.4867 7.48764 6.27935 6.2633 5.28317 4.8696 7.20018 4.15447 4.29477 14.1213 10.3124 6.08597 5.63855 8.97048 7.84248 6.96998 17.3618 5.75753 5.85226
threshold=1.5000000000000002 45.216796875000007 1.0000000180025095e-35 49.031562805175788 0.087102424353361144 57.065061569213874 63.63823318481446 33.855607986450202 51.604623794555671 108.67580032348634 50.414625167846687 66.61771392822267 50.689489364624031 1.5000000000000002 52.255928039550788 51.595560073852546 8.8423743247985858 3.8851513862609868 59.356483459472663 94.626880645751967 69.463485717773452 44.218490600585945 50.024980545043952 56.310926437377937 -0.89503732323646534 3.5000000000000004 56.112361907958991 -0.39943820238113398 63.074302673339851 61.616209030151374
decision_type=2 2 2 2 2 2 2 2 2 2 2 2 2 2 2 2 2 2 2 2 2 2 2 2 2 2 2 2 2 2
left_child=1 2 3 7 10 -6 -7 -1 9 -3 11 -5 -4 -10 -11 -8 17 -17 19 23 21 -21 -23 26 25 -25 -2 -28 -26 -30
right_child=18 8 12 4 5 6 15 -9 13 14 -12 -13 -14 -15 -16 16 -18 -19 -20 20 -22 22 -24 24 28 -27 27 -29 29 -31
leaf_value=2.0510970591339048 0.00068144762465136574 -5.1995256312861358 -5.0606539060311455 -0.4846899593548088 -1.4407645941303877 0.9323794001664002 0.0034506329661954105 8.5167873505531198 -0.25866293538686042 -2.3651872158276648 -0.51813860567814396 0.1196043043535151 -0.14171603779604194 1.7815431972840221 0.16041394886746457 0.235044759361557 11.744836925230508 -0.19945895124005447 -0.047901551785649588 -0.014923219555699774 0.22758994423698767 -0.31587925602926464 -0.01608809622629739 3.1184490460466998 -0.10559098162082564 -1.4725650355583058 -3.2431653486082639 1.2715873766873795 1.2643956039262383 -0.84224731858905777
leaf_weight=62 21615 33 28 28 25 37 94 64 26 57 32 30 37 23 31 36 25 21 573 452 32 55 44 76 287 25 53 52 253 84
leaf_count=62 21615 33 28 28 25 37 94 64 26 57 32 30 37 23 31 36 25 21 573 452 32 55 44 76 287 25 53 52 253 84
internal_value=3.70521e-05 0.00370048 0.00760932 0.0110108 0.00518135 0.0113398 0.0152511 0.0261697 -0.00823045 -0.0152766 -0.0110988 0 -0.016129 0.00916497 -0.00681044 0.0102215 0.0194884 0.0113835 -6.9912e-05 3.47402e-05 -0.00420168 -0.00607875 -0.0206862 0.000144798 0.00448214 0.0182987 0 -0.0128449 0.00224323 0.00667458
internal_weight=24290 689 519 454 328 238 213 126 170 121 90 58 65 49 88 176 82 57 23601 23028 583 551 99 22445 725 101 21720 105 624 337
internal_count=24290 689 519 454 328 238 213 126 170 121 90 58 65 49 88 176 82 57 23601 23028 583 551 99 22445 725 101 21720 105 624 337
is_linear=0
shrinkage=0.05


Tree=175
num_leaves=31
num_cat=0
split_feature=12 0 8 12 14 12 0 14 10 14 11 0 14 0 12 0 8 3 0 0 12 12 11 14 8 1 14 0 8 0
split_gain=3.83233 10.1006 7.50226 7.45088 7.62194 6.92822 9.12757 13.3367 12.0893 8.76715 8.64054 5.62037 5.13128 4.91299 4.18451 6.73466 8.69218 4.12892 3.45839 3.34455 7.59357 8.84432 8.38938 3.3597 3.17799 3.15758 9.038 7.9216 9.09504 8.04611
threshold=59.812217712402351 984.50000000000011 -0.95046201348304737 58.885215759277351 121.47436904907228 60.07592964172364 43.500000000000007 13.124662876129152 4.5000000000000009 24.927899360656742 50.950229644775398 28.500000000000004 40.355499267578132 29.500000000000004 58.595743179321296 37.500000000000007 0.88603895902633678 1.0000000180025095e-35 2217.0000000000005 3116.5000000000005 49.433757781982429 47.438241958618171 48.034225463867195 73.965454101562514 0.040169851854443557 1.0000000180025095e-35 182.61954498291018 72.500000000000014 0.038498593494296081 28.500000000000004
decision_type=2 2 2 2 2 2 2 2 2 2 2 2 2 2 2 2 2 2 2 2 2 2 2 2 2 2 2 2 2 2
left_child=3 2 -2 14 24 -4 8 17 11 -9 12 -7 -11 -10 19 -16 -17 -8 -18 25 21 22 -21 -23 -5 26 27 29 -29 -1
right_child=1 -3 5 4 -6 6 7 9 13 10 -12 -13 -14 -15 15 16 18 -19 -20 20 -22 23 -24 -25 -26 -27 -28 28 -30 -31
leaf_value=0.00064737524341875743 1.0465949330753397 -0.17892477803840734 0.82038194569223255 -2.8379974747382564 1.693418359044609 -0.67968388533961377 0.20223952394072883 -0.56910066091330946 0.9195236553493793 0.46268007357312624 -1.7170411614248282 -0.017809217471034346 1.3298125826600669 -0.080772721194601979 4.9908407230349585 -0.53190044064280251 3.0522927311951804 0.25833191839835196 0.090096424567366287 0.36066874603007903 -5.8714408009159405 -0.014010490114296205 -17.963143101641048 1.7944853261109417 -6.6481802248114352 0.021287861309200198 -2.2469278550362812 0.0032358185922980454 1.503930301948148 -0.1022106504322208
leaf_weight=1556 46 37 25 29 20 38 20 30 23 27 43 37 42 24 24 35 25 41 21 40 77 39 24 56 22 20479 29 126 65 1157
leaf_count=1556 46 37 25 29 20 38 20 30 23 27 43 37 42 24 24 35 25 41 21 40 77 39 24 56 22 20479 29 126 65 1157
internal_value=7.21438e-05 0.00473332 0.00706892 -1.25923e-05 -0.0161744 0.00457012 0.00261458 0.00910881 -0.00819001 0.00070373 0.00713649 -0.0206391 0.0180897 0.0116773 3.57848e-05 0.00999049 0.00308261 0.0286416 0.0173536 -8.45734e-06 -0.00592969 0.000314268 -0.0140406 0.00998948 -0.0264188 5.12555e-05 -0.00148307 -0.00120519 0.00863422 -0.0018982
internal_weight=24257 433 396 23824 71 350 325 203 122 142 112 75 69 47 23753 105 81 61 46 23648 236 159 64 95 51 23412 2933 2904 191 2713
internal_count=24257 433 396 23824 71 350 325 203 122 142 112 75 69 47 23753 105 81 61 46 23648 236 159 64 95 51 23412 2933 2904 191 2713
is_linear=0
shrinkage=0.05


Tree=176
num_leaves=31
num_cat=0
split_feature=0 0 12 12 1 14 14 12 9 13 13 13 13 12 13 14 13 13 13 12 11 13 13 14 10 3 11 13 10 13
split_gain=7.32064 4.38639 4.68211 9.18048 3.84587 4.37674 3.83168 3.20396 7.70042 12.3892 14.0778 10.5961 9.08334 8.64985 22.9529 11.5103 18.8396 10.4473 12.63 8.64434 8.10755 8.37183 6.84246 12.4893 8.90463 16.7879 13.4709 9.25277 8.45101 8.21171
threshold=5396.0000000000009 3116.5000000000005 38.147008895874031 48.581638336181648 2.5000000000000004 89.364246368408217 73.965454101562514 52.720449447631843 2.5000000000000004 57.695371627807624 55.013584136962898 59.364721298217781 68.205932617187514 54.034259796142585 63.044647216796882 41.059576034545906 75.428649902343764 66.229450225830092 68.779964447021499 57.766939163208015 48.726696014404304 55.013584136962898 88.409530639648452 12.637618064880373 3.5000000000000004 1.0000000180025095e-35 33.571233749389656 79.111354827880874 1.5000000000000002 103.72949600219728
decision_type=2 2 2 2 2 2 2 2 2 2 2 2 2 2 2 2 2 2 2 2 2 2 2 2 2 2 2 2 2 2
left_child=1 7 -3 6 5 -5 -4 -1 12 10 19 -11 20 14 -13 -16 -17 -15 -19 -10 -9 -22 24 -24 28 27 -27 -26 -20 -25
right_child=-2 2 3 4 -6 -7 -8 8 9 11 -12 13 -14 17 15 16 -18 18 22 -21 21 -23 23 29 25 26 -28 -29 -30 -31
leaf_value=-0.0026326360850298159 0.54752186080297072 -5.0955127547830052 -4.3803046293516283 -5.9473212814331804 -9.7862858707629652 0.14136137394699375 1.8915449390534862 -3.9031231096908372 -0.050376498835664307 -6.3890108888109722 2.5365079589632096 -6.0642314354879217 0.058736593686775508 0.73876535942501931 0.70514399958661977 1.8317790158378628 -1.0030870302441712 -5.5281010428570392 6.9483841400281907 6.0961856910822334 1.1174637889377677 -2.5078265550248284 0.072983472636696689 -0.20197213549522886 -0.23427195793649958 -0.091239301821869567 1.662941864652737 1.3482414310142063 -1.0017087696390579 -0.0070689885099147537
leaf_weight=21111 39 48 26 33 28 36 41 106 171 44 105 28 419 238 227 156 36 77 23 70 48 125 74 90 478 28 55 162 53 82
leaf_count=21111 39 48 26 33 28 36 41 106 171 44 105 28 419 238 227 156 36 77 23 70 48 125 74 90 478 28 55 162 53 82
internal_value=0.000121614 8.6712e-05 -0.00707214 -0.00304692 -0.0128733 -0.0065123 0.0111773 0.000149962 0.00170979 0.00316326 0.0118463 0.00153963 -0.00286492 0.00213049 0.00816372 0.0110952 0.00208225 0.000147048 -0.00187149 0.00518457 -0.0098531 -0.00317735 -0.000430581 -0.00772044 0.00181454 0.00352648 0.0246691 0.000781128 -0.0144547 -0.0151075
internal_weight=24257 24218 212 164 97 69 67 24006 2895 2197 346 1851 698 1807 447 419 192 1360 1122 241 279 173 1045 246 799 723 83 640 76 172
internal_count=24257 24218 212 164 97 69 67 24006 2895 2197 346 1851 698 1807 447 419 192 1360 1122 241 279 173 1045 246 799 723 83 640 76 172
is_linear=0
shrinkage=0.05


Tree=177
num_leaves=31
num_cat=0
split_feature=0 12 0 13 10 8 3 13 13 13 8 0 8 11 12 13 12 13 13 12 9 12 1 8 9 12 11 12 13 12
split_gain=7.30947 4.16805 10.2883 7.83253 7.58846 7.66785 9.01023 13.912 5.54883 12.3363 6.86686 8.87611 5.3277 5.23905 5.1038 6.03147 3.40839 11.0845 6.01313 3.12803 9.48186 6.47219 9.38138 7.49681 6.88558 4.88893 11.3402 8.7873 8.42168 7.53095
threshold=5396.0000000000009 59.812217712402351 984.50000000000011 110.47600555419923 2.5000000000000004 -0.95046201348304737 1.0000000180025095e-35 88.409530639648452 85.045127868652358 74.045745849609389 -0.80479145050048817 54.500000000000007 0.041801076382398612 50.74879455566407 58.885215759277351 66.61771392822267 58.595743179321296 83.201320648193374 78.364681243896499 57.477209091186531 1.5000000000000002 56.310926437377937 1.5000000000000002 0.052357455715537078 2.5000000000000004 55.852228164672859 49.811967849731452 55.142854690551765 85.045127868652358 54.450002670288093
decision_type=2 2 2 2 2 2 2 2 2 2 2 2 2 2 2 2 2 2 2 2 2 2 2 2 2 2 2 2 2 2
left_child=1 14 3 4 -3 -6 8 -8 9 10 -7 -12 -9 -14 16 -16 19 18 -18 21 -21 25 23 -23 -24 27 28 29 -27 -1
right_child=-2 2 -4 -5 5 6 7 12 -10 -11 11 -13 13 -15 15 -17 17 -19 -20 20 -22 22 24 -25 -26 26 -28 -29 -30 -31
leaf_value=0.00074663828549930149 0.52014576776282129 1.8111852906466499 -0.15987993236172571 -0.33371996958497707 0.97468045868407038 1.0709912068458045 0.53157835739412607 -0.04909425825619778 0.18057182691925108 -5.8022580955821823 -4.272178601197683 0.97754273356492838 -0.05116628719842993 0.5517954343281225 0.16526026603939847 -4.979756292914586 1.3486501402937359 -0.50495196918516683 2.9705866799831613 -6.2095311487368789 -0.17613514915334463 -0.20267732786278236 0.0065560649725625812 0.021448042827046977 2.2113343353382215 -0.34781708688354984 -4.9923102647984434 0.27658409597142958 0.22983031164401135 -1.6205326357815175
leaf_weight=22087 39 49 37 26 45 25 30 32 29 27 27 54 27 25 35 36 52 24 29 22 379 24 46 41 98 307 115 352 41 97
leaf_count=22087 39 49 37 26 45 25 30 32 29 27 27 54 27 25 35 36 52 24 29 22 379 24 46 41 98 307 115 352 41 97
internal_value=0.000138104 0.000103229 0.00496421 0.00732138 0.00918671 0.0063843 0.00325969 0.0140228 -0.00431832 -0.00864012 -0.000942507 -0.0080148 0.00356718 0.0134357 1.47151e-05 -0.0133615 5.48197e-05 0.00903901 0.0178792 1.48248e-05 -0.004363 9.04856e-05 0.00884744 -0.00691244 0.0159611 1.087e-05 -0.0050745 0.00011537 -0.000574548 -9.01547e-06
internal_weight=24257 24218 433 396 370 321 276 114 162 133 106 81 84 52 23785 71 23714 105 81 23609 401 23208 209 65 144 22999 463 22536 348 22184
internal_count=24257 24218 433 396 370 321 276 114 162 133 106 81 84 52 23785 71 23714 105 81 23609 401 23208 209 65 144 22999 463 22536 348 22184
is_linear=0
shrinkage=0.05


Tree=178
num_leaves=31
num_cat=0
split_feature=0 12 13 3 13 13 11 12 0 0 0 13 0 11 1 1 1 9 13 1 12 13 7 0 0 11 11 0 13 14
split_gain=7.31505 3.07697 10.4431 12.3799 15.0567 8.1797 10.3642 4.98691 4.81481 4.08553 4.76965 3.84965 3.4375 3.37521 3.02689 4.92468 3.25625 7.98306 9.97295 6.47442 11.3451 9.61776 9.85853 7.78385 6.33107 6.27679 11.6097 10.0144 7.96316 7.88346
threshold=5396.0000000000009 59.812217712402351 90.406482696533217 1.0000000180025095e-35 74.045745849609389 93.412864685058608 51.938381195068366 59.11174392700196 37.500000000000007 26.500000000000004 48.500000000000007 65.922466278076186 85.500000000000014 50.74879455566407 22.500000000000004 25.500000000000004 8.5000000000000018 3.5000000000000004 86.769733428955092 11.500000000000002 36.354076385498054 50.500770568847663 1.0000000180025095e-35 186.50000000000003 94.500000000000014 47.795911788940437 35.350015640258796 10.500000000000002 64.273479461669936 130.75339508056643
decision_type=2 2 2 2 2 2 2 2 2 2 2 2 2 2 2 2 2 2 2 2 2 2 2 2 2 2 2 2 2 2
left_child=1 7 3 4 9 -4 13 14 -5 11 -11 -3 -12 -7 16 -16 -1 18 19 20 -18 22 -22 -21 -24 26 29 28 -27 -19
right_child=-2 2 5 8 -6 6 -8 -9 -10 10 12 -13 -14 -15 15 -17 17 25 -20 23 21 -23 24 -25 -26 27 -28 -29 -30 -31
leaf_value=-0.008592966954842041 0.49413847937468064 -0.48995845638921554 -0.18837201128100461 0.33731885380869714 -4.9251621389462272 0.0048909239157566738 -0.12276194106102079 -5.4781799968544567 2.0089456976906548 -2.9050625801316445 3.7945998019750791 0.91483484536556348 0.59164335756142428 0.47362978995815369 -1.1550500528302021 -0.07618371400603377 0.94504816629154298 0.17399142116711774 -0.10279060249279581 0.0144813516713306 -2.3055473856190805 0.59955621101872691 0.43192859961212238 3.1293289370657593 -1.9733553798553523 -0.43944786529714008 -1.5682749126380857 0.26899974385605818 -0.93196344584213131 -2.0327710466677682
leaf_weight=19682 39 20 38 27 32 54 38 20 54 24 21 50 50 25 29 92 465 523 34 958 125 530 50 21 41 24 361 733 23 74
leaf_count=19682 39 20 38 27 32 54 38 20 54 24 21 50 50 25 29 92 465 523 34 958 125 530 50 21 41 24 361 733 23 74
internal_value=0.000129859 9.49703e-05 0.00427153 0.0100683 0.00329782 -0.00612508 0.000426985 1.89194e-05 0.0265105 0.00938825 0.00262881 0.0185449 0.00914205 0.0107459 3.99746e-05 -0.00784476 8.03583e-05 0.00138815 0.00337215 0.00378978 0.006234 0.00241255 -0.00647848 0.00076601 0.00603732 -0.00115068 -0.00386181 0.00217921 -0.0201699 0.00041869
internal_weight=24257 24218 433 278 197 155 117 23785 81 165 95 70 71 79 23765 121 23644 3962 2224 2190 1211 746 216 979 91 1738 958 780 47 597
internal_count=24257 24218 433 278 197 155 117 23785 81 165 95 70 71 79 23765 121 23644 3962 2224 2190 1211 746 216 979 91 1738 958 780 47 597
is_linear=0
shrinkage=0.05


Tree=179
num_leaves=31
num_cat=0
split_feature=0 8 1 11 8 1 14 8 11 11 0 11 10 11 13 14 11 11 7 14 10 14 13 9 12 12 13 8 14 14
split_gain=7.34299 2.43961 9.77077 10.2463 11.7114 13.1403 10.797 9.86325 8.40001 11.4743 10.5033 8.25661 15.7077 11.5277 8.03232 7.88705 7.82022 13.4995 10.7628 13.4465 10.2667 10.1742 10.0601 8.66428 9.3412 8.05137 14.9425 9.78649 8.21274 7.79632
threshold=5396.0000000000009 -0.35805164277553553 10.500000000000002 49.978851318359382 0.12060606107115747 9.5000000000000018 42.476106643676765 0.12546914070844653 34.766277313232429 34.52833557128907 14.500000000000002 49.597911834716804 3.5000000000000004 49.436918258666999 71.93750381469728 0.97519949078559887 52.842067718505866 52.485607147216804 1.0000000180025095e-35 65.719970703125014 4.5000000000000009 174.23502349853518 37.499044418334968 1.5000000000000002 34.367332458496101 47.665960311889656 85.045127868652358 0.18198052048683169 104.10240936279298 9.8079414367675799
decision_type=2 2 2 2 2 2 2 2 2 2 2 2 2 2 2 2 2 2 2 2 2 2 2 2 2 2 2 2 2 2
left_child=1 8 3 4 15 7 -7 -6 9 14 -11 13 -13 -4 -1 -3 17 23 25 20 -20 -19 -21 24 -5 26 27 28 -18 -25
right_child=-2 2 11 16 5 6 -8 -9 -10 10 -12 12 -14 -15 -16 -17 18 21 19 22 -22 -23 -24 29 -26 -27 -28 -29 -30 -31
leaf_value=0.17248720416676094 0.46943155540594717 0.17537439623220408 0.25451234801651845 0.20005547985589872 0.30671203912951467 0.49414818435371616 -1.3276166841627353 -0.0094030959875355258 -0.024725826393835606 -1.9535439844871711 7.5409266153633201 -0.33493475236843451 0.12322951707858323 1.9508955201443259 1.3150178704908357 -0.10766901505012215 2.5709726321197568 1.0908353261319128 -2.3330312176715871 2.0486863857901798 -5.5783316074641593 -1.8456325292252354 -1.1694500957626324 0.68469639277765637 -0.36465648698511954 -0.013685479102366928 -0.25229944195372517 0.45428975376015546 -0.40243393741550904 0.088748943100194572
leaf_weight=2045 39 57 506 44 85 39 128 7364 5265 25 90 74 247 25 184 3860 83 289 157 118 80 50 330 201 96 981 37 297 25 1436
leaf_count=2045 39 57 506 44 85 39 128 7364 5265 25 90 74 247 25 184 3860 83 289 157 118 80 50 330 201 96 981 37 297 25 1436
internal_value=8.86338e-05 5.36789e-05 -0.000285988 -0.000567998 -0.00133962 -0.000196951 -0.0140634 0.000114108 0.000795101 0.00328484 0.0186794 0.004929 -0.00140143 0.00875541 0.00248979 -0.00356131 0.00153879 0.00368603 -0.000616669 -0.00576558 -0.0153943 0.0128281 -0.000669493 0.00194137 -0.00999286 0.00186213 0.00746437 0.0102444 0.0231267 0.00296256
internal_weight=24257 24218 16609 15757 11533 7616 167 7449 7609 2344 115 852 321 531 2229 3917 4224 2116 2108 685 237 339 448 1777 140 1423 442 405 108 1637
internal_count=24257 24218 16609 15757 11533 7616 167 7449 7609 2344 115 852 321 531 2229 3917 4224 2116 2108 685 237 339 448 1777 140 1423 442 405 108 1637
is_linear=0
shrinkage=0.05


Tree=180
num_leaves=31
num_cat=0
split_feature=0 13 14 14 13 12 11 12 12 11 12 1 8 13 11 13 12 13 12 12 11 12 13 12 13 12 0 13 11 13
split_gain=6.91067 4.48217 10.0493 12.9626 11.0562 12.7071 17.2745 12.4282 9.98111 13.8576 9.505 13.4533 9.39493 9.23814 9.1555 9.27739 10.8658 13.5212 9.03321 9.57842 8.91888 15.0717 8.56356 9.3345 19.4639 12.7758 9.75184 9.07841 13.8577 22.0239
threshold=5396.0000000000009 63.63823318481446 180.40700531005862 98.248603820800795 65.922466278076186 37.773851394653327 32.057823181152351 33.592111587524421 34.206871032714851 33.55232238769532 37.867317199707038 1.5000000000000002 -1.0000000180025095e-35 75.041618347167983 37.500495910644538 66.853481292724624 27.133479118347172 80.424057006835952 55.142854690551765 51.518028259277351 25.235399246215824 51.595560073852546 66.050376892089858 54.034259796142585 68.650268554687514 53.599163055419929 2217.0000000000005 72.80420303344728 48.468786239624031 94.626880645751967
decision_type=2 2 2 2 2 2 2 2 2 2 2 2 2 2 2 2 2 2 2 2 2 2 2 2 2 2 2 2 2 2
left_child=1 18 3 4 10 6 7 -6 14 -10 11 -3 -4 -5 -8 -16 -17 -18 19 -1 21 -7 -22 25 -25 27 -26 -24 29 -29
right_child=-2 2 12 13 5 20 8 -9 9 -11 -12 -13 -14 -15 15 16 17 -19 -20 -21 22 -23 23 24 26 -27 -28 28 -30 -31
leaf_value=0.085424048292799176 1.4255506861483518 -0.30435943332699655 1.2383566953194849 -0.60082746582459956 0.38172514359397525 0.69914117706288048 0.037462195873528968 0.014518494928573489 -1.0476921985014307 -0.12164996250935928 -1.3095829159074093 1.7308908301790469 0.11504690267871497 -0.21221944923028391 -0.36274470146473681 -0.080873074177535642 0.14601330668749954 -0.24599476822260022 0.74988644780787572 -1.0153145637150771 2.4299066860446668 -0.88591849912028808 0.4110570137542382 -7.1249405753268604 -0.00013117366638795147 0.64084636416910001 -2.8459265322066756 -0.083523742104625862 0.013222865727278732 -0.41329648812540398
leaf_weight=15135 41 35 150 581 20 58 71 49 29 208 738 60 300 178 21 59 88 34 546 574 80 37 1507 89 1137 193 43 843 1290 35
leaf_count=15135 41 35 150 581 20 58 71 49 29 208 738 60 300 178 21 59 88 34 546 574 80 37 1507 89 1137 193 43 843 1290 35
internal_value=0.000196045 0.000161236 -0.000813049 -0.00124948 -0.00055026 0.000212184 -0.00682093 0.0166425 -0.00999804 -0.0175032 -0.00594166 0.00893796 0.00644301 -0.00744302 -0.00347858 -0.00890648 -0.00524572 0.003276 0.000636723 0.000416956 0.000978897 -0.0141956 0.00125549 0.00100251 -0.00271846 0.00222331 -0.00101686 0.00156458 -0.000507357 -0.00535247
internal_weight=24229 24188 7933 7483 6724 5891 579 69 510 237 833 95 450 759 273 202 181 122 16255 15709 5312 95 5217 5137 1269 3868 1180 3675 2168 878
internal_count=24229 24188 7933 7483 6724 5891 579 69 510 237 833 95 450 759 273 202 181 122 16255 15709 5312 95 5217 5137 1269 3868 1180 3675 2168 878
is_linear=0
shrinkage=0.05


Tree=181
num_leaves=31
num_cat=0
split_feature=0 13 14 0 13 9 8 14 0 13 12 13 8 13 14 12 14 0 14 12 12 14 14 6 8 11 12 9 12 14
split_gain=6.90232 4.09276 10.5202 10.4087 12.2994 22.4839 10.8214 11.629 18.1795 16.1146 6.66429 5.8803 5.48075 4.71386 15.0553 11.7758 7.68238 10.8485 5.94167 3.77264 7.46465 9.25222 6.60989 6.52626 7.21421 5.74685 4.57096 8.09546 6.28567 9.54018
threshold=5396.0000000000009 94.626880645751967 76.154148101806655 18.500000000000004 96.76904678344728 2.5000000000000004 0.22540321946144107 39.628046035766609 21.500000000000004 107.48803329467775 62.336055755615241 103.72949600219728 0.090524967759847655 92.21045303344728 32.665130615234382 55.319793701171882 15.372015953063967 44.500000000000007 77.115783691406264 58.595743179321296 62.558259963989265 104.10240936279298 97.010589599609389 1.0000000180025095e-35 -0.33291822671890253 50.74879455566407 57.477209091186531 1.5000000000000002 56.697761535644538 105.50283813476564
decision_type=2 2 2 2 2 2 2 2 2 2 2 2 2 2 2 2 2 2 2 2 2 2 2 2 2 2 2 2 2 2
left_child=1 13 3 4 -3 11 7 8 -5 -9 -10 -6 -13 19 15 16 -15 -18 -16 26 22 25 23 24 -21 -22 28 -28 -1 -30
right_child=-2 2 -4 6 5 -7 -8 9 10 -11 -12 12 -14 14 18 -17 17 -19 -20 20 21 -23 -24 -25 -26 -27 27 -29 29 -31
leaf_value=0.0070007416807976956 1.3542731518409341 -0.36065319314657862 0.20391790980485303 0.51305167315323286 -0.038442150530828556 0.083650352658820995 0.43345192559804713 -0.18800978264030946 -0.00012461498306848284 0.16905068543968671 -0.070338789597110818 -0.36752529849647453 -0.048551762301318482 1.1333896128132552 -0.44592707895041389 -0.094142715666884424 -0.12777002322743147 0.38600188355238318 0.10235073504131549 0.85922436271599312 -0.052026917731714667 -3.3764685193499533 2.3770816329966151 2.1408707868274042 -3.9028467180565034 0.91706658242985295 -5.7429453696320474 -0.27529098320924311 1.762164590489447 -0.38533563601761717
leaf_weight=22253 41 39 24 38 51 37 23 81 355 21 23 22 38 41 41 28 36 23 22 101 50 25 115 76 85 22 24 390 68 36
leaf_count=22253 41 39 24 38 51 37 23 81 355 21 23 22 38 41 41 28 36 23 22 101 50 25 115 76 85 22 24 390 68 36
internal_value=0.000208427 0.000173639 -0.00345699 -0.00453234 -0.014698 -0.00810263 -0.00101645 -0.00250917 0.00120163 -0.0176298 -0.00211584 -0.0193519 -0.0299501 0.000290151 0.00811094 0.0179547 0.025974 0.0143824 -0.0118859 0.000225854 0.00464037 -0.007724 0.00782286 0.0034338 -0.00161204 0.00138696 0.000133942 -0.00507124 0.000230352 0.012488
internal_weight=24229 24188 752 728 187 148 541 518 416 102 378 111 60 23436 191 128 100 59 63 23245 474 97 377 262 186 72 22771 414 22357 104
internal_count=24229 24188 752 728 187 148 541 518 416 102 378 111 60 23436 191 128 100 59 63 23245 474 97 377 262 186 72 22771 414 22357 104
is_linear=0
shrinkage=0.05


Tree=182
num_leaves=31
num_cat=0
split_feature=0 13 14 13 13 11 11 0 11 11 14 9 11 14 0 10 0 13 14 14 1 8 8 11 14 13 8 9 0 11
split_gain=5.3543 3.29396 9.45164 11.4714 10.6253 7.74859 13.691 13.1891 9.21955 8.32767 7.70349 7.46776 12.615 11.1686 9.3379 14.7922 9.78784 9.9011 9.36731 23.186 9.08196 8.37724 12.7951 14.6031 12.4708 13.9102 10.7105 10.2145 9.50559 7.98031
threshold=5396.0000000000009 63.63823318481446 258.90811157226568 65.730033874511733 66.229450225830092 49.392564773559577 37.765806198120124 146.50000000000003 38.051795959472663 27.473635673522953 37.69630432128907 3.5000000000000004 49.500080108642585 97.010589599609389 20.500000000000004 2.5000000000000004 28.500000000000004 76.098167419433608 63.983430862426765 44.750740051269538 8.5000000000000018 0.055867666378617294 0.07175032421946527 37.765806198120124 42.968502044677741 68.440422058105483 0.043651482090353973 2.5000000000000004 213.50000000000003 48.948131561279304
decision_type=2 2 2 2 2 2 2 2 2 2 2 2 2 2 2 2 2 2 2 2 2 2 2 2 2 2 2 2 2 2
left_child=1 -1 3 5 -4 6 9 -7 -8 -3 -9 12 21 14 15 -14 17 20 19 -19 -16 26 23 -23 29 27 28 -26 -5 -24
right_child=-2 2 4 11 -6 7 8 10 -10 -11 -12 -13 13 -15 16 -17 -18 18 -20 -21 -22 22 24 -25 25 -27 -28 -29 -30 -31
leaf_value=0.075438069958985568 1.2865594942488876 0.63574495789117913 2.5250945144181771 0.13271939144148101 0.21162283357068645 -4.4854192210857624 3.4514031772115445 2.623891952251495 0.18882173412830172 -1.2408588615611185 -2.7174919374678828 -0.033673633747153535 -0.20334294237885475 -1.274215572353423 2.1881640443152421 -0.015198209344459103 -0.022683124764407127 -0.006582879427336508 -0.27146883475753142 0.086650671100003296 0.24013796332617404 -0.46592976442827028 0.11703690715700824 0.1220307336843085 -0.17107887260953447 -0.33634776926676352 0.24453376229160817 1.1745459296942791 3.1363187096452609 -0.051900947247959905
leaf_weight=16255 41 56 43 896 225 193 32 37 210 336 52 3749 72 96 46 299 463 141 24 32 22 55 370 39 23 178 88 34 57 65
leaf_count=16255 41 56 43 896 225 193 32 37 210 336 52 3749 72 96 46 299 463 141 24 32 22 55 370 39 23 178 88 34 57 65
internal_value=0.000216682 0.000186042 -0.000649179 -0.000971938 0.00857889 -0.00622203 -0.00315408 -0.0131159 0.00619579 -0.00892629 0.00280584 -0.000259294 0.00159995 -0.00238474 -0.000955327 -0.0074104 0.00233484 0.00999623 0.00431253 0.00837666 0.0264317 0.00423799 0.000261746 -0.0170032 0.00268617 -0.00659294 0.00715589 0.0148862 0.00561326 0.00769938
internal_weight=24229 24188 7933 7665 268 916 634 282 242 392 89 6749 3000 1195 1099 371 728 265 197 173 68 1805 764 94 670 235 1041 57 953 435
internal_count=24229 24188 7933 7665 268 916 634 282 242 392 89 6749 3000 1195 1099 371 728 265 197 173 68 1805 764 94 670 235 1041 57 953 435
is_linear=0
shrinkage=0.05


Tree=183
num_leaves=31
num_cat=0
split_feature=13 11 13 11 12 11 12 10 14 9 12 11 11 14 3 13 0 14 12 11 11 14 8 0 14 13 0 11 14 14
split_gain=4.41911 10.5332 16.9112 8.84457 20.2517 20.6871 16.4979 15.4352 8.9819 8.63737 11.1035 8.20646 8.18381 16.831 19.4304 15.3466 10.9742 9.04373 10.3608 8.0784 11.2244 10.8614 13.3307 7.99297 7.8961 7.86428 7.81924 7.56956 7.58184 9.05446
threshold=63.63823318481446 51.28924751281739 64.273479461669936 37.301280975341804 30.638230323791507 37.96263504028321 31.008303642272953 2.5000000000000004 371.68757629394537 3.5000000000000004 35.660881042480476 36.418828964233406 34.020851135253913 17.897443771362308 1.0000000180025095e-35 81.799480438232436 24.500000000000004 50.938392639160163 47.865392684936531 55.142854690551765 54.034259796142585 106.7818946838379 0.090524967759847655 37.500000000000007 2.9255985021591191 67.249572753906264 28.500000000000004 38.609123229980476 42.968502044677741 31.585072517395023
decision_type=2 2 2 2 2 2 2 2 2 2 2 2 2 2 2 2 2 2 2 2 2 2 2 2 2 2 2 2 2 2
left_child=-1 3 -3 6 -5 24 11 -8 27 -9 -11 -2 15 14 16 -12 -14 -15 23 20 -4 22 -22 -19 -6 -21 -17 28 29 -7
right_child=1 2 19 4 5 8 7 9 -10 10 12 -13 13 17 -16 26 -18 18 -20 25 21 -23 -24 -25 -26 -27 -28 -29 -30 -31
leaf_value=0.075583782856576243 0.66511202710241979 -7.3324517526977564 -0.045183342821752959 -0.14592170446659058 -0.12494455018436651 -0.23737152034987652 -0.54740157693035063 0.045813610563867083 1.2767451490104904 -1.2282578649454075 0.10485591243229352 -0.0039988768976400024 -3.7756118694931859 -1.5494573613974083 0.71997290543171255 -0.0054194146067388267 1.3189430580357389 -0.01213891271471681 -0.0096638110179606343 1.8927913079702194 -0.28189975555150576 -0.33124879601355417 0.11438585622458818 -1.8627375475882104 1.4898424842651179 -0.010206416576845357 -0.40350780612949677 0.025105464325015703 -1.0892170193264121 0.37905241193061134
leaf_weight=16278 51 48 862 120 22 84 181 796 93 40 735 32 28 207 48 28 61 25 186 135 126 31 72 36 274 712 36 2781 76 25
leaf_count=16278 51 48 862 120 22 84 181 796 93 40 735 32 28 207 48 28 61 25 186 135 126 31 72 36 274 712 36 2781 76 25
internal_value=0.000142391 -0.000823785 -0.00397764 0.000226316 0.00185606 0.00257816 -0.00204811 -0.0028042 0.00135661 -0.0016621 -0.00398574 0.0198556 -0.00323718 -0.00769751 0.00765864 6.25704e-05 -0.00617284 -0.0123321 -0.00586807 -0.00325061 -0.00609477 -0.0159319 -0.0116103 -0.0237316 0.0151976 0.000413174 -0.0234009 0.000876572 -0.0089141 -0.000458295
internal_weight=24229 7951 1986 5965 3475 3355 2490 2407 3059 2226 1430 83 1390 591 137 799 89 454 247 1938 1091 229 198 61 296 847 64 2966 185 109
internal_count=24229 7951 1986 5965 3475 3355 2490 2407 3059 2226 1430 83 1390 591 137 799 89 454 247 1938 1091 229 198 61 296 847 64 2966 185 109
is_linear=0
shrinkage=0.05


Tree=184
num_leaves=31
num_cat=0
split_feature=0 13 14 13 12 11 12 11 11 13 13 12 12 0 11 12 13 14 12 13 14 11 11 2 14 14 0 14 14 9
split_gain=4.0153 3.19686 7.98528 10.6467 10.0349 11.3176 15.4105 18.2477 11.2353 9.2054 8.3605 8.18678 10.3081 8.35807 10.3079 12.7717 9.48007 8.4388 8.07884 13.0158 7.88957 10.6317 10.1383 8.64848 7.89041 7.69412 11.2551 9.79593 16.6687 7.06076
threshold=5396.0000000000009 63.63823318481446 258.90811157226568 65.730033874511733 37.773851394653327 29.481798171997074 34.206871032714851 33.55232238769532 35.692199707031257 66.229450225830092 66.853481292724624 37.867317199707038 35.266717910766609 747.50000000000011 51.073541641235359 47.488933563232429 64.273479461669936 64.696346282958999 27.133479118347172 80.424057006835952 100.83376312255861 51.073541641235359 52.842067718505866 1.0000000180025095e-35 167.8167419433594 65.719970703125014 13.500000000000002 41.059576034545906 27.99890232086182 2.5000000000000004
decision_type=2 2 2 2 2 2 2 2 2 2 2 2 2 2 2 2 2 2 2 2 2 2 2 2 2 2 2 2 2 2
left_child=1 -1 3 11 5 -5 8 -8 -7 -4 -10 12 -3 14 15 -13 -16 -17 -12 -20 -6 23 -23 -22 -24 26 -9 28 29 -28
right_child=-2 2 9 4 20 6 7 25 10 -11 18 13 -14 -15 16 17 -18 -19 19 -21 21 22 24 -25 -26 -27 27 -29 -30 -31
leaf_value=0.067886977318207545 1.2184523303936143 -0.042790285865144287 2.3975845154810176 0.30603983151858039 0.010574502526256069 0.53357295637139968 -0.82122166988941891 0.076842298492517364 -0.19804595105166456 0.1968959090202631 -0.067667316186039272 -1.0742881339779224 4.0257712892838944 1.8530244481249456 -8.8694758985141515 -0.076231692685416172 -2.0425637188480423 -4.1384984402056197 0.075311964243471696 -0.23017117706016155 1.9674297238455225 -6.9021575418051775 -0.18776342274089189 -0.1870829527535591 2.151593610901128 0.15573763685672048 -0.55635820283784099 -0.55372213745542997 0.17994123115789551 -0.2219507591160749
leaf_weight=16255 41 75 43 46 5401 26 37 35 23 225 65 24 26 46 42 410 127 166 148 34 29 46 136 511 29 29 32 45 31 46
leaf_count=16255 41 75 43 46 5401 26 37 35 23 225 65 24 26 46 42 410 127 166 148 34 29 46 136 511 29 29 32 45 31 46
internal_value=0.000200173 0.000173639 -0.000649179 -0.000945845 -0.000259294 -0.00644783 -0.00843767 -0.0174441 -0.000675447 0.0078329 -0.00370233 -0.00600371 0.0074184 -0.00766777 -0.00890651 -0.00583236 -0.0198108 -0.00433952 -0.00101174 0.00439319 0.000341347 -0.00446013 -0.0139744 -0.000740604 -0.00817686 -0.0119211 -0.0156002 -0.0214147 -0.0132906 -0.0256082
internal_weight=24229 24188 7933 7665 6749 597 551 255 296 268 270 916 101 815 769 600 169 576 247 182 6152 751 211 540 165 218 189 154 109 78
internal_count=24229 24188 7933 7665 6749 597 551 255 296 268 270 916 101 815 769 600 169 576 247 182 6152 751 211 540 165 218 189 154 109 78
is_linear=0
shrinkage=0.05


Tree=185
num_leaves=31
num_cat=0
split_feature=0 12 7 8 0 10 12 10 12 14 13 12 10 12 12 10 14 13 12 14 0 13 14 0 12 0 12 14 10 12
split_gain=3.70456 10.9419 10.1353 25.7846 13.0004 9.14354 7.60293 10.8382 9.88112 9.42207 9.24794 8.88392 6.95893 7.79464 17.9832 13.2089 12.8355 8.63308 11.7316 7.94851 7.57803 7.46448 7.43717 7.37742 7.19209 11.3702 6.45799 6.45408 5.80846 5.02511
threshold=549.50000000000011 24.779572486877445 1.0000000180025095e-35 0.99803149700164806 766.50000000000011 4.5000000000000009 37.301280975341804 3.5000000000000004 33.55232238769532 27.99890232086182 35.299472808837898 49.61894607543946 1.5000000000000002 49.781782150268562 50.369464874267585 4.5000000000000009 84.096794128417983 69.064975738525405 47.438241958618171 211.61338806152347 1669.0000000000002 70.776321411132827 105.50283813476564 3011.5000000000005 53.834787368774421 661.50000000000011 32.32586860656739 148.50881958007815 3.5000000000000004 48.992321014404304
decision_type=2 2 2 2 2 2 2 2 2 2 2 2 2 2 2 2 2 2 2 2 2 2 2 2 2 2 2 2 2 2
left_child=-1 5 12 4 -4 -2 8 9 26 -8 -10 -11 -3 15 16 19 -15 18 -17 20 -14 -19 24 -24 25 -16 28 -12 -5 -20
right_child=1 2 3 6 -6 -7 7 -9 10 11 27 -13 13 14 22 17 -18 21 29 -21 -22 -23 23 -25 -26 -27 -28 -29 -30 -31
leaf_value=-0.0030297865162658868 0.40940061599859218 12.75567899179228 -2.1463661847215749 10.719015661334314 -26.593380044244089 12.81292234545986 -3.2256737803766273 -5.5381088178591602 6.8829113762252181 -0.14444115098679067 -0.90806821596126852 8.1919065815871974 -0.059811108179364685 -0.26978770883930853 -4.6602190545718853 1.1601001965183897 -2.980154683163788 -1.9486759620447458 2.2329647901755068 -6.5594661933189968 1.3053222322981997 0.1449560273053237 1.6982330447552856 -2.8697884990006646 -0.56610147347951312 2.0840105458380833 -14.819555443276503 7.8131431286804434 -1.0665294374129148 0.40016997084343231
leaf_weight=21992 47 22 58 24 66 36 29 209 59 62 55 54 193 44 20 133 37 27 210 68 77 57 182 42 147 127 35 28 59 35
leaf_count=21992 47 22 58 24 66 36 29 209 59 62 55 54 193 44 20 133 37 27 210 68 77 57 182 42 147 127 35 28 59 35
internal_value=0.00011554 0.00205165 0.00136631 -0.00338707 -0.0241741 0.0198556 0.0008142 -0.00395369 0.00730488 0.00654721 0.0161858 0.0129199 0.00383506 0.00339504 -0.000918044 0.00662417 -0.0228113 0.0121186 0.0153399 -0.000887311 0.00296187 -0.00237812 0.00250917 0.00937082 -0.00272016 0.00509857 -0.00338696 0.00541516 0.00421179 0.0218278
internal_weight=24234 2242 2159 738 124 83 614 354 260 145 142 116 1421 1399 599 800 81 462 378 338 270 84 518 224 294 147 118 83 83 245
internal_count=24234 2242 2159 738 124 83 614 354 260 145 142 116 1421 1399 599 800 81 462 378 338 270 84 518 224 294 147 118 83 83 245
is_linear=0
shrinkage=0.05


Tree=186
num_leaves=31
num_cat=0
split_feature=0 0 12 12 0 12 8 11 0 11 1 13 13 1 13 11 8 13 13 11 8 0 0 8 8 8 0 0 9 13
split_gain=4.74901 4.62439 9.98293 7.70352 6.30633 9.12965 6.07727 5.193 8.63735 4.36969 3.90749 4.85816 4.52299 3.93245 11.6103 18.3998 16.3064 13.7281 20.1816 17.4363 12.3956 11.1612 10.8125 9.95555 9.85068 9.47828 9.4158 11.0183 7.55749 10.3841
threshold=5396.0000000000009 3283.0000000000005 37.887817382812507 49.433757781982429 1951.5000000000002 35.266717910766609 0.99803149700164806 55.319793701171882 2777.5000000000005 53.599163055419929 23.500000000000004 30.299225807189945 35.030492782592781 1.0000000180025095e-35 55.238517761230476 32.744756698608406 0.367367833852768 74.683879852294936 61.39555740356446 27.473635673522953 0.058866845443844802 72.500000000000014 82.500000000000014 0.045584416016936309 0.14249456673860553 0.11785130575299264 25.500000000000004 21.500000000000004 1.5000000000000002 50.689489364624031
decision_type=2 2 2 2 2 2 2 2 2 2 2 2 2 2 2 2 2 2 2 2 2 2 2 2 2 2 2 2 2 2
left_child=1 4 -3 -4 10 -6 -7 9 -9 -8 13 -12 -13 14 26 17 21 18 25 20 -20 -17 -23 -21 -25 -16 27 -1 -28 -30
right_child=-2 2 3 -5 5 6 7 8 -10 -11 11 12 -14 -15 15 16 -18 -19 19 23 -22 22 -24 24 -26 -27 28 -29 29 -31
leaf_value=0.18976888521299706 0.68297905629641498 -22.597450627512043 0.22052067425623534 -5.4589700358643185 4.90036842395895 -15.769178993691582 0.41702410594743544 2.0383360558781862 -0.16746276642135741 -0.17552341750570122 -3.2248831244326284 0.38665827268996866 -1.1254383592690729 0.021873894232314228 -0.54458804456888721 -0.0067378738425709628 -0.26042355586188254 -0.40111115721777257 -0.17465796960339813 0.223134082997548 0.27596124549348389 1.4220793301734418 0.067377249401656056 -0.33959633731712308 0.02465409514144952 -0.10942105629128136 -0.39249862332422014 2.5856446830608535 -0.49260914312962784 0.36396472785782952
leaf_weight=165 35 31 65 67 36 26 238 28 23 31 21 35 59 20431 72 2074 43 128 44 23 80 59 85 52 24 31 36 40 95 57
leaf_count=165 35 31 65 67 36 26 238 28 23 31 21 35 59 20431 72 2074 43 128 44 23 80 59 85 52 24 31 36 40 95 57
internal_value=0.000140298 0.000113641 -0.00827713 -0.00227101 0.000170577 0.00654279 0.00404507 0.00593565 0.0205479 0.00315868 6.76416e-05 -0.0091225 -0.0042508 0.000112579 -0.00154435 -0.00270708 -0.000862412 -0.0118917 -0.00643974 0.00201703 0.0145044 -0.000270502 0.0131853 -0.0136226 -0.022339 -0.0247333 0.0064869 0.0138957 -0.0015949 0.00328731
internal_weight=24234 24199 163 132 24036 382 346 320 51 269 23654 115 94 23539 3108 2715 2261 454 326 223 124 2218 144 99 76 103 393 205 188 152
internal_count=24234 24199 163 132 24036 382 346 320 51 269 23654 115 94 23539 3108 2715 2261 454 326 223 124 2218 144 99 76 103 393 205 188 152
is_linear=0
shrinkage=0.05


Tree=187
num_leaves=31
num_cat=0
split_feature=1 13 13 1 13 12 13 8 11 8 14 11 12 14 9 13 13 14 10 12 13 11 14 9 13 11 13 8 12 11
split_gain=3.93729 4.85816 4.52299 3.54804 8.2403 18.0062 13.1621 17.8682 14.3024 11.2456 14.9162 17.7675 12.9175 10.7442 16.9721 14.5503 13.1615 13.1121 10.5359 9.05422 8.76671 8.588 8.55929 8.30757 9.96204 12.3356 13.9831 9.0421 10.1685 8.31974
threshold=23.500000000000004 30.299225807189945 35.030492782592781 1.5000000000000002 57.484724044799812 47.620552062988288 72.80420303344728 0.090524967759847655 32.883178710937507 0.037210106849670417 42.968502044677741 27.133479118347172 31.008303642272953 12.262268066406252 1.5000000000000002 54.646421432495124 40.122537612915046 23.293215751647953 3.5000000000000004 28.820275306701664 63.044647216796882 33.55232238769532 76.154148101806655 3.5000000000000004 63.864997863769538 36.551660537719734 59.204015731811531 0.052357455715537078 50.337347030639656 49.177583694458015
decision_type=2 2 2 2 2 2 2 2 2 2 2 2 2 2 2 2 2 2 2 2 2 2 2 2 2 2 2 2 2 2
left_child=3 -2 -3 4 13 9 7 23 -8 -6 11 20 -12 15 -15 -1 -16 -18 -19 -13 -11 -14 -10 24 25 -7 -27 28 -25 -26
right_child=1 2 -4 -5 5 6 8 -9 22 10 12 19 21 14 16 -17 17 18 -20 -21 -22 -23 -24 27 29 26 -28 -29 -30 -31
leaf_value=0.59054381167647818 -3.0636389682109972 0.36732535905547015 -1.0691664413056192 0.025175741276159916 -0.33355705103011601 -0.53790424779858981 -0.44996214772840482 0.66935048395509966 -0.0073906853137714282 -0.089620638926444229 -0.036395670136223406 0.040095673142329251 -0.87832730011239235 -0.28002723415067277 -0.88583154800140873 0.81661970164654574 -0.43980771595393731 -0.086884043545444822 0.48377219561974177 -0.083442941044788915 0.62089682937264856 -0.20358351640769784 0.25348020321589004 0.26289408906805395 -0.0046934446169764506 -0.070582681650918744 1.5086313141145624 -0.39317899994653305 1.3546500610248444 -1.2175299612309141
leaf_weight=76 21 35 59 20998 37 23 144 83 1361 21 65 77 55 100 68 32 30 42 124 313 35 61 21 80 63 21 54 30 48 57
leaf_count=76 21 35 59 20998 37 23 144 83 1361 21 65 77 55 100 68 32 30 42 124 313 35 61 21 80 63 21 54 30 48 57
internal_value=0.00010316 -0.0091225 -0.0042508 0.000147186 -0.00142578 -0.00251029 -0.000125938 0.00729689 -0.00235895 -0.0096371 -0.00805294 -0.00313831 -0.0201546 0.00466003 0.0005493 0.0185014 0.00719424 0.0137685 0.0192655 -0.0069213 0.0231729 -0.0301464 -0.00079589 0.00265887 -0.00366804 0.00815494 0.017976 0.0113852 0.0171741 -0.0133222
internal_weight=24234 115 94 24119 3121 2649 1985 459 1526 664 627 446 181 472 364 108 264 196 166 390 56 116 1382 376 218 98 75 158 128 120
internal_count=24234 115 94 24119 3121 2649 1985 459 1526 664 627 446 181 472 364 108 264 196 166 390 56 116 1382 376 218 98 75 158 128 120
is_linear=0
shrinkage=0.05


Tree=188
num_leaves=31
num_cat=0
split_feature=0 0 12 12 0 12 7 8 0 10 13 10 11 14 13 14 1 12 0 11 0 14 11 11 11 0 0 0 12 0
split_gain=3.40518 4.59256 7.62255 6.75423 4.94996 10.74 10.6672 24.0894 10.9127 10.0259 10.65 9.01884 12.9174 12.7422 8.06104 7.67417 7.11027 6.43421 6.24038 7.85628 8.29083 8.25423 7.7706 6.49939 6.10126 6.97688 6.54834 6.04927 5.85879 6.70139
threshold=5396.0000000000009 3283.0000000000005 37.887817382812507 49.433757781982429 549.50000000000011 23.804891586303714 1.0000000180025095e-35 0.99803149700164806 766.50000000000011 1.5000000000000002 78.804431915283217 4.5000000000000009 48.162836074829109 14.295131206512453 65.52368545532228 36.219490051269538 2.5000000000000004 48.410812377929695 631.50000000000011 39.583370208740241 1350.5000000000002 142.77043914794925 47.842693328857429 33.592111587524421 49.087142944335945 1053.5000000000002 806.50000000000011 1053.5000000000002 47.96174621582032 851.50000000000011
decision_type=2 2 2 2 2 2 2 2 2 2 2 2 2 2 2 2 2 2 2 2 2 2 2 2 2 2 2 2 2 2
left_child=1 4 -3 -4 -1 -6 9 8 -8 -7 11 12 15 -14 24 17 -12 -11 -16 23 21 27 -22 -20 -13 26 -26 -21 29 -15
right_child=-2 2 3 -5 5 6 7 -9 -10 10 16 14 13 28 18 -17 -18 -19 19 20 22 -23 -24 -25 25 -27 -28 -29 -30 -31
leaf_value=-0.001893068170141632 0.64757131641778765 -21.46883688320025 0.20823585347961426 -5.187280321134911 11.285540587924842 14.109256983726006 -2.0414003572609203 0.24323460899775801 -24.247654976156895 8.3244663656987239 -0.087107818386303396 3.288227640107106 -6.204450351291424 3.2954174606188928 2.313332919763583 -7.9840724570272785 1.3553360579268401 -2.7322528374604889 1.5104939741800303 -0.047828625040826016 1.4571774541634313 2.5832009827712739 -0.21570266704054433 -3.6225733895482124 1.1350048853903147 3.8060599341255692 -13.291508533136236 1.894427577171294 2.1289323508516533 -6.0704706842178311
leaf_weight=21992 35 31 65 67 35 20 58 604 67 20 101 232 32 23 37 155 21 32 24 42 34 21 84 49 55 40 24 24 173 37
leaf_count=21992 35 31 65 67 35 20 58 604 67 20 101 232 32 23 37 155 21 32 24 42 34 21 84 49 55 40 24 24 173 37
internal_value=0.000107287 8.47139e-05 -0.00827713 -0.00302801 0.000141454 0.00249499 0.00201583 -0.00281169 -0.0227818 0.00476525 0.00420602 0.00571127 0.000423639 0.00773293 0.00945804 -0.00893288 -0.00982801 0.00767754 0.00364964 0.00107875 0.00609459 0.0177956 -0.00254022 -0.0129959 0.0146682 0.0054576 -0.00316056 0.00907716 0.0117975 -0.00166389
internal_weight=24234 24199 163 132 24036 2044 2009 729 125 1280 1260 1138 472 265 666 207 122 52 315 278 205 87 118 73 351 119 79 66 233 60
internal_count=24234 24199 163 132 24036 2044 2009 729 125 1280 1260 1138 472 265 666 207 122 52 315 278 205 87 118 73 351 119 79 66 233 60
is_linear=0
shrinkage=0.05


Tree=189
num_leaves=31
num_cat=0
split_feature=0 10 5 8 0 12 10 11 8 11 9 11 11 12 11 12 12 10 14 0 11 12 10 11 11 11 14 8 12 8
split_gain=4.50205 7.40002 9.05364 17.0985 12.5692 11.2981 9.0152 8.28892 8.28565 8.11703 7.76567 7.06383 6.68026 6.2797 5.85681 5.39611 7.728 9.97553 4.94173 4.8044 4.71553 4.26012 6.85525 3.95555 4.86433 4.13942 3.75273 4.74691 9.84759 9.63876
threshold=549.50000000000011 1.5000000000000002 1.0000000180025095e-35 0.93584358692169201 1014.5000000000001 48.992321014404304 4.5000000000000009 53.599163055419929 0.005025252467021347 33.901655197143562 4.5000000000000009 47.842693328857429 55.948156356811531 37.867317199707038 51.28924751281739 35.364389419555671 48.581638336181648 3.5000000000000004 57.853176116943366 942.00000000000011 47.995935440063484 48.656358718872077 3.5000000000000004 49.312675476074226 32.057823181152351 36.220581054687507 29.739238739013675 -0.18483663350343701 51.125007629394538 0.21070533245801928
decision_type=2 2 2 2 2 2 2 2 2 2 2 2 2 2 2 2 2 2 2 2 2 2 2 2 2 2 2 2 2 2
left_child=-1 10 3 4 8 6 18 -8 -3 13 -2 15 14 -5 20 -11 -17 -18 19 -4 -13 -22 -23 24 -20 -26 -7 28 -28 -29
right_child=1 2 5 9 -6 26 7 -9 -10 11 -12 12 -14 -15 -16 16 17 -19 23 -21 21 22 -24 -25 25 -27 27 29 -30 -31
leaf_value=-0.0017984147616346036 8.4162012390627048 0.2466629478032587 -0.50989116475536711 2.605129149661928 -40.04790482477987 -0.34390026579044247 2.239230542474536 0.022701860691263676 -20.683070359136419 4.9633997926128082 -0.86192539198085716 -5.3752705462569015 2.6622257709003723 -12.622072052670426 -6.1195699739786882 -11.507284267823174 8.2804525993058107 -2.9204545941324582 2.8737366761670211 4.1343142681660527 -0.052112781903291522 14.032459565537366 -0.54045644911030311 0.7087797837285692 -24.919612913759948 -2.1880581263172245 -5.992915488893594 2.851325061566039 0.69313984260287576 0.096271960030114914
leaf_weight=21992 43 54 39 58 32 168 326 104 31 69 24 42 53 74 96 26 37 40 20 35 156 23 28 44 35 31 26 34 40 454
leaf_count=21992 43 54 39 58 32 168 326 104 31 69 24 42 53 74 96 26 37 40 20 35 156 23 28 44 35 31 26 34 40 454
internal_value=0.000140298 0.00227465 0.00177003 -0.00238066 -0.0200683 0.00427697 0.00914682 0.0132527 -0.00998825 0.000569719 0.0186289 0.00315734 -0.000502386 -0.010598 -0.0030426 0.0116212 0.00436469 0.0123217 0.000489956 0.0107962 0.00100361 0.0041043 0.0166341 -0.00538048 -0.0116144 -0.0181543 0 0.0019852 -0.01059 0.00368777
internal_weight=24234 2242 2175 819 117 1356 634 430 85 702 67 570 398 132 345 172 103 77 204 74 249 207 51 130 86 66 722 554 66 488
internal_count=24234 2242 2175 819 117 1356 634 430 85 702 67 570 398 132 345 172 103 77 204 74 249 207 51 130 86 66 722 554 66 488
is_linear=0
shrinkage=0.05


Tree=190
num_leaves=31
num_cat=0
split_feature=0 8 7 4 14 12 8 1 12 12 13 8 0 11 11 0 11 12 4 13 14 12 13 8 13 12 13 13 13 13
split_gain=3.22167 9.34221 5.17756 8.57546 5.20901 7.75134 7.47427 6.47981 5.72263 7.97045 6.59821 5.0771 7.44106 7.39038 11.6329 10.0708 9.42213 9.5866 8.84165 7.61339 7.19722 10.5127 11.2585 8.19684 7.51201 7.34101 7.3979 7.01659 9.97275 6.71505
threshold=6.5000000000000009 -0.99432605504989613 1.0000000180025095e-35 1.0000000180025095e-35 83.000419616699233 53.599163055419929 -0.9652978479862212 17.500000000000004 51.518028259277351 57.766939163208015 67.062889099121108 -0.90379473567008961 242.50000000000003 47.917734146118171 47.842693328857429 120.50000000000001 56.310926437377937 49.312675476074226 1.0000000180025095e-35 24.12955474853516 11.219973564147951 37.419174194335945 53.396657943725593 -0.95341250300407399 75.428649902343764 35.112834930419929 51.074102401733406 63.465114593505866 51.835308074951179 66.61771392822267
decision_type=2 2 2 2 2 2 2 2 2 2 2 2 2 2 2 2 2 2 2 2 2 2 2 2 2 2 2 2 2 2
left_child=1 -1 3 4 8 6 7 -6 10 -10 -3 12 13 14 18 16 -15 -18 19 -2 23 25 -23 27 -24 -22 -27 28 -21 -29
right_child=11 2 -4 -5 5 -7 -8 -9 9 -11 -12 -13 -14 15 -16 -17 17 -19 -20 20 21 22 24 -25 -26 26 -28 29 -30 -31
leaf_value=0.60766746665917981 6.5829776048769491 -0.65804753744869449 0.019210244891437789 -2.2073306065317326 -2.6435257996574286 1.9302964998070373 1.7351408111780751 0.5484692416026512 -2.9572065254130977 0.17543882803786115 1.2076536592316842 0.0063325136649137193 2.6061643951889213 -0.18991845491376377 2.6656398992891384 -0.38932934025511656 0.00065842027833582515 2.8639854316540978 -2.7549376241958985 -1.9776810739107558 -0.18142989322385861 5.9346620681594509 0.011940177021123689 2.5505376495831458 1.1602068020113365 -8.0291050402208555 0.088498314165688902 -1.5429073486496963 3.5973349472669884 0.87884976602920661
leaf_weight=155 30 632 67 104 40 23 40 25 69 33 55 20949 25 720 42 51 67 53 55 40 159 108 418 108 51 54 29 27 44 30
leaf_count=155 30 632 67 104 40 23 40 25 69 33 55 20949 25 720 42 51 67 53 55 40 159 108 418 108 51 54 29 27 44 30
internal_value=0.000347692 -0.00213177 -0.00376804 -0.00465185 -0.00310762 0.00624512 0.000475737 -0.00998464 -0.00462552 -0.0156709 -0.00298355 0.000481351 0.00281844 0.00249269 0.00506234 -0.000953877 0.0003571 0.0133222 0.00411933 0.00509972 0.00440034 0.00213649 0.00580489 0.0118426 0.0024515 -0.00660884 -0.0186522 0.00389794 0.0130797 -0.00963222
internal_weight=24303 1243 1088 1021 917 128 105 65 789 102 687 23060 2111 2086 1195 891 840 120 1153 1098 1068 819 577 249 469 242 83 141 84 57
internal_count=24303 1243 1088 1021 917 128 105 65 789 102 687 23060 2111 2086 1195 891 840 120 1153 1098 1068 819 577 249 469 242 83 141 84 57
is_linear=0
shrinkage=0.05


Tree=191
num_leaves=31
num_cat=0
split_feature=8 1 14 9 13 0 0 0 8 2 13 11 6 13 10 14 9 13 11 8 11 8 14 14 11 14 8 10 10 14
split_gain=2.63989 5.10284 5.20963 6.49614 8.30208 5.90865 5.39609 4.78144 5.16054 15.6575 16.9803 13.866 13.2022 11.7423 11.4839 13.0117 10.4919 20.0266 9.69414 15.0005 8.4863 9.77009 7.61303 9.87464 7.5041 7.05544 6.96383 6.79744 6.24399 6.21714
threshold=-0.98357626795768727 3.5000000000000004 33.087129592895515 3.5000000000000004 65.922466278076186 20.500000000000004 15.500000000000002 16.500000000000004 0.077254641801118865 1.0000000180025095e-35 74.683879852294936 27.409873962402347 1.0000000180025095e-35 41.445154190063484 3.5000000000000004 29.739238739013675 1.5000000000000002 89.543472290039077 35.660881042480476 0.17694497108459475 48.974559783935554 0.15292307734489444 22.119790077209476 80.43976211547853 47.917734146118171 22.376512527465824 0.24930939078330996 2.5000000000000004 4.5000000000000009 34.990171432495124
decision_type=2 2 2 2 2 2 2 2 2 2 2 2 2 2 2 2 2 2 2 2 2 2 2 2 2 2 2 2 2 2
left_child=1 -1 5 4 -4 -3 -5 8 12 10 13 -12 -2 -10 15 -15 -14 24 19 -13 21 25 -16 26 -18 -20 -24 -23 -29 -22
right_child=7 2 3 6 -6 -7 -8 -9 9 -11 11 18 16 14 22 -17 17 -19 20 -21 29 27 23 -25 -26 -27 -28 28 -30 -31
leaf_value=-0.66490299674886444 -0.11363445491527796 0.73575335354771243 -0.032854788285950322 -0.22911193340416594 2.5603000878356514 1.7263285553470682 -2.3713307384409816 0.020520620760006381 -0.45226763236565815 -4.8352144275731632 -0.96329783073203046 1.1862611674850876 -0.3002774155359223 0.25394066043703634 -0.040339605572859233 -0.17331088343840834 -0.15959100129044401 0.24067414151843886 -0.0092752550505601061 -0.13243290059737819 -0.029814006906654811 -0.09414637645561702 0.94174168806334824 -0.057207772260124301 1.0574940848152339 -0.47236768905479209 0.12880292490759332 0.5437038364834138 -0.066187749928707615 0.096774527552226361
leaf_weight=48 2288 431 137 52 39 26 27 20127 61 76 23 22 170 115 25 48 50 33 21 20 123 28 97 20 22 34 36 23 22 59
leaf_count=48 2288 431 137 52 39 26 27 20127 61 76 23 22 170 115 25 48 50 33 21 20 123 28 97 20 22 34 36 23 22 59
internal_value=0.000388839 0.00328904 0.00435332 -0.00137201 0.00397501 0.00754758 -0.0132743 0.000295203 -0.00143438 0.00193412 0.00405353 -0.00359904 -0.0025555 0.0111912 0.014805 0.00521153 -0.0129044 -0.000475737 -0.00113604 0.0213777 -0.0041922 -0.0140515 0.0235823 0.0277596 -0.0152566 -0.0299456 0.0326822 -0.00205198 0.00997783 0.00274574
internal_weight=24303 760 712 255 176 457 79 23543 3416 853 777 375 2563 402 341 163 275 105 352 42 310 128 178 153 72 55 133 73 45 182
internal_count=24303 760 712 255 176 457 79 23543 3416 853 777 375 2563 402 341 163 275 105 352 42 310 128 178 153 72 55 133 73 45 182
is_linear=0
shrinkage=0.05


Tree=192
num_leaves=31
num_cat=0
split_feature=14 13 12 13 11 0 13 12 0 12 14 13 11 14 0 8 12 12 8 14 12 14 12 13 14 12 14 14 11 14
split_gain=2.73699 7.74692 9.00147 4.29054 5.21629 4.82491 4.62908 2.87854 2.83236 7.03612 9.7649 19.278 17.2945 13.2384 12.1873 10.6185 9.9678 10.5188 14.1355 8.85587 12.386 8.63638 8.49223 6.82321 14.5573 11.5653 14.4761 11.2291 12.0479 8.71531
threshold=0.95579302310943615 83.201320648193374 33.901655197143562 38.925004959106452 49.733871459960945 32.500000000000007 61.39555740356446 49.360107421875007 22.500000000000004 47.488933563232429 17.495085716247562 55.668424606323249 53.075769424438484 19.621976852416996 13.500000000000002 0.048003071919083602 31.008303642272953 37.056631088256843 0.066496599465608611 49.492624282836921 34.270107269287116 15.118330001831056 30.003054618835453 88.409530639648452 76.154148101806655 51.468818664550788 52.425151824951179 54.445968627929695 52.485607147216804 22.376512527465824
decision_type=2 2 2 2 2 2 2 2 2 2 2 2 2 2 2 2 2 2 2 2 2 2 2 2 2 2 2 2 2 2
left_child=1 2 -1 -4 5 6 -5 -8 9 10 -2 13 14 -12 19 -16 22 -18 -19 20 -13 -11 -17 29 25 27 -27 28 -25 -23
right_child=8 -3 3 4 -6 -7 7 -9 -10 21 11 12 -14 -15 15 16 17 18 -20 -21 -22 23 -24 24 -26 26 -28 -29 -30 -31
leaf_value=-1.4409278122318612 0.016561793584772035 -0.39296972183045686 2.48149138654429 0.15117583903045448 -2.7344628134860138 -0.65500033305459482 0.96378892961049734 2.4909647816514648 0.029364510037433435 -0.090074117439829141 -2.3682982335698313 -0.22570930788824839 0.21555562812616388 -0.034447273256489379 0.81439643125432326 -0.29742171854869665 -0.55065691979808162 -0.64560736290132281 0.020933660704331915 0.1703266960682096 -0.0034850096598891159 0.55410971204324611 0.030767356699099493 -0.33035363374232318 0.35364043444251686 0.28838339956306741 -0.19728045673921404 0.0067712827441978266 -0.021910968072160131 0.071303880359112878
leaf_weight=46 1081 23 20 40 38 35 20 22 18520 1013 54 21 33 1014 28 24 90 27 23 58 45 290 30 61 24 51 25 66 69 1412
leaf_count=46 1081 23 20 40 38 35 20 22 18520 1013 54 21 33 1014 28 24 90 27 23 58 45 290 30 61 24 51 25 66 69 1412
internal_value=0.000351807 -0.00491602 -0.00203528 0.00314106 0.000322373 0.00555081 0.0121803 0.023753 0.000405252 -0.000586738 -0.00253155 -0.00521733 -0.0149037 -0.00177886 -0.0182028 -0.0252139 -0.0293663 -0.0364026 -0.0179641 -0.00564061 -0.0181543 0.00104613 -0.0110906 0.00295281 -0.00405268 -0.00735024 0.00919842 -0.0137685 -0.0222905 0.00417132
internal_weight=24303 244 221 175 155 117 82 42 24059 5539 2528 1447 379 1068 346 222 194 140 50 124 66 3011 54 1998 296 272 76 196 130 1702
internal_count=24303 244 221 175 155 117 82 42 24059 5539 2528 1447 379 1068 346 222 194 140 50 124 66 3011 54 1998 296 272 76 196 130 1702
is_linear=0
shrinkage=0.05


Tree=193
num_leaves=31
num_cat=0
split_feature=9 13 0 10 13 13 14 13 13 10 14 14 11 8 14 1 11 0 11 1 11 11 5 13 13 11 11 0 14 11
split_gain=2.91744 10.1606 7.80012 7.49476 7.02312 6.288 15.4969 13.2402 10.2149 11.1774 21.0492 9.99488 9.35481 7.32853 7.6675 6.27326 8.41727 6.25102 6.203 6.15671 6.0657 11.2355 11.2864 12.7733 9.96736 10.066 9.13204 12.0961 11.8181 9.65865
threshold=2.5000000000000004 107.48803329467775 747.50000000000011 1.5000000000000002 46.006563186645515 70.523578643798842 1.746266841888428 75.428649902343764 76.779842376708999 3.5000000000000004 39.628046035766609 32.665130615234382 52.704584121704109 -0.23776908218860623 80.43976211547853 8.5000000000000018 61.023616790771491 570.50000000000011 35.324541091918952 6.5000000000000009 33.027761459350593 49.09088325500489 1.0000000180025095e-35 54.856294631958015 61.39555740356446 51.518028259277351 49.733871459960945 27.500000000000004 53.926931381225593 50.225854873657234
decision_type=2 2 2 2 2 2 2 2 2 2 2 2 2 2 2 2 2 2 2 2 2 2 2 2 2 2 2 2 2 2
left_child=1 2 5 -2 -4 15 -7 11 -9 10 12 18 -10 -13 -15 16 17 20 -8 -20 -1 -22 26 -24 -25 -26 28 -28 -23 -29
right_child=3 -3 4 -5 -6 6 7 8 9 -11 -12 13 -14 14 -16 -17 -18 -19 19 -21 21 22 23 24 25 -27 27 29 -30 -31
leaf_value=-0.31767219561713111 0.14848495568931419 -0.22370154545376977 11.742942598883852 0.019148915380203427 0.28205429171534357 0.26265632270575318 -0.015873705218388247 -0.17921945673133291 -0.19311736778511462 0.022072808153378712 0.33436923206201974 0.85991677474906547 0.053989030347801496 0.0021116246907895153 -0.78663484169791609 0.10100730704103925 -5.4656988025223576 -30.237257874874032 0.91683401102482598 0.65680278895221 0.14261915340220971 -1.2867065271556331 0.50676387859606098 -5.5666776996607448 -3.6142010781318916 1.2363159176839624 0.36056189061298838 0.62082879428820981 -0.7048342504944598 -3.3529256189026193
leaf_weight=768 290 54 25 17745 29 44 24 85 146 536 34 97 33 54 21 1284 29 23 86 46 1613 55 386 135 86 99 80 88 89 219
leaf_count=768 290 54 25 17745 29 44 24 85 146 536 34 97 33 54 21 1284 29 23 86 46 1613 55 386 135 86 99 80 88 89 219
internal_value=0.000323004 -0.000606244 -0.000418403 0.000645963 0.0184843 -0.000584406 0.00265318 0.00154892 -0.00179835 6.67468e-05 -0.0096199 0.0100579 -0.0164712 0.00174317 -0.00998668 -0.0013726 -0.002425 -0.00221087 0.0192184 0.0234671 -0.00204527 -0.000982422 -0.00456713 -0.000424869 -0.00781006 -0.000270124 -0.0100734 -0.00607078 -0.0208189 -0.0105829
internal_weight=24303 6268 6214 18035 54 6160 1206 1162 834 749 213 328 179 172 75 4954 3670 3641 156 132 3618 2850 1237 706 320 185 531 387 144 307
internal_count=24303 6268 6214 18035 54 6160 1206 1162 834 749 213 328 179 172 75 4954 3670 3641 156 132 3618 2850 1237 706 320 185 531 387 144 307
is_linear=0
shrinkage=0.05


Tree=194
num_leaves=31
num_cat=0
split_feature=1 13 12 0 11 11 13 8 13 0 12 8 8 11 10 13 11 13 14 9 11 13 8 13 8 8 10 14 14 14
split_gain=2.83328 9.83712 19.4198 11.6182 9.09519 20.8875 14.7426 8.44607 15.0843 11.5214 9.11674 11.0542 8.75258 15.2934 7.76931 13.7348 17.2707 20.7303 12.2144 11.9099 10.483 13.2531 19.249 15.9426 9.93406 9.08634 7.70105 7.985 9.10973 7.27282
threshold=1.0000000180025095e-35 55.238517761230476 47.620552062988288 25.500000000000004 32.744756698608406 35.201740264892585 80.424057006835952 0.087102424353361144 79.462242126464858 19.500000000000004 52.448404312133796 0.15813991427421573 0.07175032421946527 48.802968978881843 3.5000000000000004 62.442043304443366 27.133479118347172 69.477321624755874 7.2613036632537851 1.5000000000000002 33.55232238769532 62.656835556030281 0.13341730087995532 73.002231597900405 0.27694706618785864 0.074271079152822508 4.5000000000000009 64.696346282958999 52.425151824951179 56.701896667480476
decision_type=2 2 2 2 2 2 2 2 2 2 2 2 2 2 2 2 2 2 2 2 2 2 2 2 2 2 2 2 2 2
left_child=1 3 14 -1 -4 6 -6 12 9 -9 11 -11 29 -14 15 -3 -17 25 -19 -20 21 -16 23 -23 -22 -18 -10 28 -28 -7
right_child=-2 2 4 -5 5 7 -8 8 26 10 -12 -13 13 -15 20 16 17 18 19 -21 24 22 -24 -25 -26 -27 27 -29 -30 -31
leaf_value=0.24737575516562701 0.033463464973097337 0.62303358367603967 -0.23763695023934411 -0.056031107812297171 1.2039703747464188 -0.010604904893622091 -0.34870213784555393 0.83863585070205571 0.017691714447812857 0.76996773968361376 1.4029387551125267 -0.71315161763665458 -1.0256452351539727 -0.025785366987821946 -0.4918470889883656 0.58626823405847694 -0.34243030640627448 -0.058314736730555608 0.074657938934062432 -2.7491790716460687e-05 -0.0054801067756244494 0.44687181658810593 -0.96809687400105993 -0.020382514274248822 -0.4873549942218347 -0.083980558926822199 -0.08932785896764095 0.11068103703615489 -0.30318080802308939 0.013534233454480394
leaf_weight=201 21210 44 236 184 82 833 20 32 338 37 24 22 44 74 82 21 52 38 23 74 235 35 21 22 21 33 77 26 25 137
leaf_count=201 21210 44 236 184 82 833 20 32 338 37 24 22 44 74 82 21 52 38 23 74 235 35 21 22 21 33 77 26 25 137
internal_value=0.000298316 -0.00111539 -0.00217865 0.00636198 0.00032385 0.00155271 0.0235064 0.000209694 0.00507658 0.0212858 0.011432 0.000846024 -0.00238949 -0.0152413 -0.00934246 -0.00298141 -0.00767316 -0.0118128 0.000370096 0.00978373 -0.0136986 -0.0237352 -0.00896287 0.0061296 -0.00741898 -0.0311398 0.00107273 -0.00936768 -0.0156709 -0.000824657
internal_weight=24303 3093 2708 385 2007 1771 102 1669 581 115 83 59 1088 118 701 285 241 220 135 97 416 160 78 57 256 85 466 128 102 970
internal_count=24303 3093 2708 385 2007 1771 102 1669 581 115 83 59 1088 118 701 285 241 220 135 97 416 160 78 57 256 85 466 128 102 970
is_linear=0
shrinkage=0.05


Tree=195
num_leaves=31
num_cat=0
split_feature=12 13 2 12 1 12 11 12 13 11 13 2 13 11 8 14 0 0 11 12 8 14 1 14 14 13 8 12 11 0
split_gain=4.20438 19.9399 20.0302 13.589 16.5668 10.6157 10.031 9.64074 8.85897 9.06186 8.73926 21.1567 12.0594 21.8599 17.5309 15.6782 23.0863 14.0873 12.1186 12.3706 11.7886 11.6879 12.2474 10.2605 9.91181 9.4997 9.42653 9.20927 8.31252 8.30283
threshold=47.438241958618171 47.421842575073249 1.0000000180025095e-35 38.014425277709968 5.5000000000000009 47.861955642700202 27.133479118347172 55.392860412597663 85.045127868652358 49.64799880981446 51.278041839599616 1.0000000180025095e-35 55.668424606323249 50.563470840454109 0.22540321946144107 28.476300239562992 23.500000000000004 78.500000000000014 35.364389419555671 32.109371185302741 0.074271079152822508 7.4641220569610605 4.5000000000000009 8.1592540740966815 58.483251571655281 53.811199188232429 -0.55314385890960682 30.336311340332035 49.12916564941407 559.50000000000011
decision_type=2 2 2 2 2 2 2 2 2 2 2 2 2 2 2 2 2 2 2 2 2 2 2 2 2 2 2 2 2 2
left_child=3 2 6 8 -5 -4 -2 29 10 -10 26 12 14 15 28 20 18 -16 19 -17 -14 -13 -23 -15 -20 -24 -1 -18 -12 -8
right_child=1 -3 5 4 -6 -7 7 -9 9 -11 11 21 13 23 17 16 27 -19 24 -21 -22 22 25 -25 -26 -27 -28 -29 -30 -31
leaf_value=-0.54066380237130152 3.2673665560998746 0.0064970345266518242 8.0641922991501716 -0.92231490570747965 0.94561620011897718 2.9901893468587044 0.23562568840161013 5.8523150560122579 0.079775948848154254 -0.21564440227754533 0.64584868740082657 4.1286579201159421 -0.022801043727919003 -0.11937830556596225 -1.5643517291543059 -0.078921598659520253 -0.22961392259526614 2.7906172756576377 -0.23978076115111141 -0.60326639329034681 0.039078601760137138 3.0121891227567148 -1.8368745858287499 0.19805430811914917 0.096636964488608978 0.98777496072909088 0.034076004328557466 0.090010230017509588 -0.40356379596398817 -6.1486057267559344
leaf_weight=1967 63 11628 107 367 153 400 670 82 22 49 98 180 177 24 40 24 68 58 78 70 193 586 172 123 40 391 6090 179 21 117
leaf_count=1967 63 11628 107 367 153 400 670 82 22 49 98 180 177 24 40 24 68 58 78 70 193 586 172 123 40 391 6090 179 21 117
internal_value=0.000336261 0.000945122 0.00649712 -0.000376004 -0.00826764 0.0144942 0.00214569 0.0007479 9.38958e-06 -0.0175809 0.00012761 0.00269617 -0.00213729 -0.00450773 0.00852142 -0.00765891 -0.0138314 -0.00713558 -0.0259312 -0.0393199 0 0.00703484 0.00517797 0.0132563 -0.0152413 -8.87942e-05 -0.000676422 -0.0034399 0.0214106 -0.000952865
internal_weight=24237 13067 1439 11170 520 507 932 869 10650 71 10579 2522 1193 976 217 829 459 98 212 94 370 1329 1149 147 118 563 8057 247 119 787
internal_count=24237 13067 1439 11170 520 507 932 869 10650 71 10579 2522 1193 976 217 829 459 98 212 94 370 1329 1149 147 118 563 8057 247 119 787
is_linear=0
shrinkage=0.05


Tree=196
num_leaves=31
num_cat=0
split_feature=1 0 14 14 11 13 12 11 0 0 12 13 13 0 11 14 0 11 14 11 11 11 12 12 13 10 13 13 0 0
split_gain=4.02168 10.4591 8.1761 10.3464 8.07526 10.8354 9.0969 11.8257 9.46018 9.01015 14.3509 20.1779 13.2874 10.6135 9.84275 9.16492 9.01568 9.99709 11.5353 7.87352 17.7386 14.855 16.7815 17.9842 15.5463 14.4391 11.1231 10.8157 9.60369 8.09159
threshold=1.0000000180025095e-35 72.500000000000014 13.124662876129152 48.027349472045906 48.468786239624031 57.484724044799812 26.799804687500004 22.894024848937992 29.500000000000004 20.500000000000004 37.419174194335945 68.205932617187514 60.784336090087898 22.500000000000004 27.233261108398441 63.074302673339851 15.500000000000002 38.014425277709968 36.219490051269538 37.765806198120124 37.96263504028321 37.541637420654304 35.112834930419929 51.993598937988288 81.799480438232436 3.5000000000000004 71.678195953369155 76.098167419433608 27.500000000000004 51.500000000000007
decision_type=2 2 2 2 2 2 2 2 2 2 2 2 2 2 2 2 2 2 2 2 2 2 2 2 2 2 2 2 2 2
left_child=1 4 -3 -4 5 6 -1 -8 -9 10 -7 14 -11 -14 -12 19 -13 18 -18 21 -21 22 25 29 -25 28 -22 -28 -15 -24
right_child=-2 2 3 -5 -6 9 7 8 -10 12 11 16 13 15 -16 -17 17 -19 -20 20 26 -23 23 24 -26 -27 27 -29 -30 -31
leaf_value=-0.10309917971674737 0.037520240211569703 1.1569093050708674 -1.298575233805086 1.9062696335194673 0.0055499707813254423 -0.090349958505306915 -0.26438937044761401 0.34456064071060838 -0.2639051236775643 -0.5187207898062649 -0.0021360958599010438 -0.14577212434430287 -0.46427718685738456 0.018212548745776935 0.52853491583937218 0.18562501953572977 0.25548029087382923 -0.15708176116943201 -0.35270105047502515 2.7788754758888952 0.09168832939498657 -1.5362480702997445 -0.55142020617365206 0.2792403832639771 -0.24768108540700454 -0.0098305699570966354 -0.3571012661876658 -0.0080754779998777337 0.87672208996084999 -0.17287692578421174
leaf_weight=79 21132 52 103 35 1338 114 20 206 61 55 21 93 60 22 57 35 58 25 38 20 23 33 186 46 22 62 42 135 25 39
leaf_count=79 21132 52 103 35 1338 114 20 206 61 55 21 93 60 22 57 35 58 25 38 20 23 33 186 46 22 62 42 135 25 39
internal_value=0.000311506 -0.00136872 0.00999474 0.00362056 -0.0021097 -0.00453364 0.00300464 0.00714037 0.00992138 -0.00681199 -0.000738734 0.00513523 -0.00987455 -0.00813225 0.0268886 -0.00637589 -0.00280243 0.00619323 0.0135276 -0.00770875 0 -0.0116065 -0.008953 -0.0151825 0.00734214 0.00779102 -0.00449775 -0.00875212 0.0286624 -0.0219902
internal_weight=24237 3105 190 138 2915 1577 366 287 267 1211 406 292 805 750 78 690 214 121 96 655 220 435 402 293 68 109 200 177 47 225
internal_count=24237 3105 190 138 2915 1577 366 287 267 1211 406 292 805 750 78 690 214 121 96 655 220 435 402 293 68 109 200 177 47 225
is_linear=0
shrinkage=0.05


Tree=197
num_leaves=31
num_cat=0
split_feature=0 1 7 8 12 14 0 13 13 11 14 0 11 0 10 9 10 11 13 12 14 11 13 8 10 14 12 14 12 12
split_gain=3.59278 8.5843 7.49546 13.9508 11.2422 10.3488 9.27809 8.04171 9.14158 8.38345 7.95021 6.87204 6.61655 6.50315 6.23146 5.92601 7.01123 8.26824 5.59721 8.94708 5.37359 5.20861 9.26098 6.29528 5.21303 11.1405 10.316 8.53016 7.19283 15.9249
threshold=410.50000000000006 3.5000000000000004 1.0000000180025095e-35 0.96934822201728832 24.19721603393555 156.70148468017581 1222.5000000000002 46.24153137207032 53.159543991088874 37.541637420654304 152.20563507080081 386.50000000000006 52.542108535766609 747.50000000000011 1.5000000000000002 3.5000000000000004 4.5000000000000009 50.950229644775398 38.220197677612312 49.552946090698249 58.483251571655281 53.599163055419929 72.51648330688478 0.058866845443844802 4.5000000000000009 663.57913208007824 32.938516616821296 456.39540100097662 47.438241958618171 49.597911834716804
decision_type=2 2 2 2 2 2 2 2 2 2 2 2 2 2 2 2 2 2 2 2 2 2 2 2 2 2 2 2 2 2
left_child=11 14 4 5 -3 -4 7 10 -9 -10 -5 -1 18 -12 -2 -6 17 -17 -13 -20 -8 24 23 -23 25 -16 -26 28 -28 -30
right_child=1 2 3 6 15 -7 20 8 9 -11 13 12 -14 -15 21 16 -18 -19 19 -21 -22 22 -24 -25 26 -27 27 -29 29 -31
leaf_value=0.0044234630955596547 5.579052083404199 17.723367139503193 -10.214222994100682 -1.8372483637564354 2.7741436637437733 0.086252277965371604 -2.4870095870064532 -6.9379540471243279 -11.921182281674957 3.4731325097963395 4.4695386446221548 -10.226118183093224 1.9025149901894396 -0.74849726981680931 0.51446697871272673 -3.1173235343017414 0.89442144290748904 4.2352558387210921 0.86218133314066925 -6.3232805611055944 3.0015181189144813 -2.691378545784366 -0.068358894228840228 1.2656813253483905 8.5031593704475696 -2.1766808327340699 -2.5708674476486126 2.4117415765248724 1.8844106368367832 -0.13429666408049457
leaf_weight=21060 55 20 112 169 102 53 39 80 27 55 64 37 35 41 642 131 311 47 71 40 83 30 108 163 34 41 110 51 194 232
leaf_count=21060 55 20 112 169 102 53 39 80 27 55 64 37 35 41 642 131 311 47 71 40 83 30 108 163 34 41 110 51 194 232
internal_value=0.000315632 0.00193714 -0.0010494 -0.00449454 0.00302733 -0.0172623 -0.000716717 -0.00412749 -0.012955 -0.00121803 0.00109449 8.70871e-05 -0.00955762 0.0118934 0.00433709 0.00177635 -0.000511143 -0.00842223 -0.0141796 -0.00855086 0.011466 0.00376924 -0.00215875 0.00440186 0.00513764 0.00212268 0.00845275 0.00689831 0.00503637 0.00797935
internal_weight=24237 2994 1334 723 611 165 558 436 162 82 274 21243 183 105 1660 591 489 178 148 111 122 1605 301 193 1304 683 621 587 536 426
internal_count=24237 2994 1334 723 611 165 558 436 162 82 274 21243 183 105 1660 591 489 178 148 111 122 1605 301 193 1304 683 621 587 536 426
is_linear=0
shrinkage=0.05


Tree=198
num_leaves=31
num_cat=0
split_feature=0 10 5 8 0 8 14 10 12 11 11 0 12 13 1 13 11 13 11 11 8 14 9 13 0 13 13 14 8 14
split_gain=3.99248 8.36781 11.5587 13.4135 13.4075 12.7777 8.66124 7.65815 13.3638 7.85384 13.2982 7.30988 10.6885 8.07282 6.69884 10.8155 6.38976 6.32 6.20188 9.28576 9.94301 7.16 6.77395 7.71509 6.11421 11.1912 9.0631 8.0294 6.47756 5.83722
threshold=410.50000000000006 1.5000000000000002 1.0000000180025095e-35 0.96934822201728832 1222.5000000000002 0.005025252467021347 63.074302673339851 4.5000000000000009 25.056118011474613 49.597911834716804 47.826915740966804 1584.5000000000002 50.138500213623054 68.779964447021499 2.5000000000000004 67.712471008300795 50.981815338134773 69.284263610839858 48.468786239624031 59.11174392700196 -0.23776908218860623 900.73138427734386 3.5000000000000004 62.656835556030281 570.50000000000011 67.249572753906264 62.442043304443366 81.449752807617202 0.99803149700164806 11.219973564147951
decision_type=2 2 2 2 2 2 2 2 2 2 2 2 2 2 2 2 2 2 2 2 2 2 2 2 2 2 2 2 2 2
left_child=-1 -2 3 4 5 -3 -5 18 -9 10 24 13 17 16 15 -12 -11 -13 22 20 -20 29 -4 -24 25 28 27 -26 -10 -22
right_child=1 2 7 6 -6 -7 -8 8 9 11 14 12 -14 -15 -16 -17 -18 -19 19 -21 21 -23 23 -25 26 -27 -28 -29 -30 -31
leaf_value=0.0027242589050430867 5.2696994103271066 0.128655848040097 1.4998499477152045 -2.2094189584012627 -46.824547069791244 -9.1267318785426408 1.3488477411932469 18.12054766156275 -1.2335478749283149 -10.072578064529081 2.153552706640633 1.5353847438591914 -0.42778173336894981 0.84158502333388308 2.7108210553124685 0.075982224809833104 0.57050744508612328 -1.2291541952833627 -4.7958381192125419 -0.054434159195315607 -0.61208347436628407 -0.6594040693003369 -1.4217371597848143 -12.255895096918167 6.7961667551485707 1.8916201440254099 0.21169463683023082 0.46958695986239435 -7.5629463192500896 1.742104630664413
leaf_weight=21243 81 106 77 305 23 76 639 26 38 29 73 38 70 74 107 30 117 25 26 48 32 20 171 40 79 59 205 46 49 285
leaf_count=21243 81 106 77 305 23 76 639 26 38 29 73 38 70 74 107 30 117 25 26 48 32 20 171 40 79 59 205 46 49 285
internal_value=0.00032801 0.00203734 0.00159624 -0.00230615 -0.0138957 -0.00933553 0.000211842 0.00413809 0.00680687 0.00591858 0.00903658 -0.000141603 -0.00939144 0.00545207 0.0195145 0.028613 -0.00136893 0.00554675 7.15205e-05 0.00401362 0.00674745 0.00904776 -0.00555363 -0.0101847 0.00441084 -0.00410678 0.00817934 0.018785 -0.0154994 0.0108798
internal_weight=24237 2994 2913 1149 205 182 944 1764 1065 1039 686 353 133 220 210 103 146 63 699 411 363 337 288 211 476 146 330 125 87 317
internal_count=24237 2994 2913 1149 205 182 944 1764 1065 1039 686 353 133 220 210 103 146 63 699 411 363 337 288 211 476 146 330 125 87 317
is_linear=0
shrinkage=0.05


Tree=199
num_leaves=31
num_cat=0
split_feature=1 0 14 14 13 13 13 11 11 12 14 11 11 12 13 14 13 14 13 14 14 13 12 12 0 13 0 12 14 14
split_gain=3.71925 7.65396 7.35274 9.27247 6.82638 12.2248 6.63092 17.0339 11.1483 10.7658 9.61118 8.55603 8.04845 7.76614 11.7466 12.4227 8.6023 15.0282 10.737 7.6958 7.54456 8.05845 7.78494 8.68796 7.23501 9.70742 9.53494 8.06083 10.703 16.0471
threshold=1.0000000180025095e-35 72.500000000000014 11.219973564147951 48.027349472045906 64.039031982421889 65.922466278076186 55.238517761230476 35.711551666259773 35.660881042480476 26.799804687500004 135.60157012939456 36.086753845214851 36.490407943725593 28.040962219238285 61.39555740356446 37.263208389282234 66.050376892089858 42.968502044677741 66.853481292724624 16.304504394531254 54.445968627929695 46.24153137207032 36.354076385498054 37.722478866577156 39.500000000000007 78.804431915283217 30.500000000000004 48.024814605712898 43.611728668212898 29.739238739013675
decision_type=2 2 2 2 2 2 2 2 2 2 2 2 2 2 2 2 2 2 2 2 2 2 2 2 2 2 2 2 2 2
left_child=1 6 -3 4 -4 -6 9 8 13 -1 20 -9 -13 -8 15 -15 17 19 -18 -16 22 -22 -11 -24 26 -26 27 28 29 -20
right_child=-2 2 3 -5 5 -7 7 11 -10 10 -12 12 -14 14 16 -17 18 -19 24 -21 21 -23 23 -25 25 -27 -28 -29 -30 -31
leaf_value=-0.17872658530693608 0.033843533318052364 1.1278280333171253 2.1134432379468993 1.8105987657434655 -2.7771930573009254 0.6287373685282589 0.36383943361652271 0.11617054862614147 -0.68740580576463517 0.30485793771414865 -2.487384049456963 -0.45397297064406922 -0.00078458858384493628 -0.039246409677083531 0.034305832330267093 -0.66794490726107059 -0.28888611976075851 0.83263441751691181 -0.0016582928747574501 -0.28335891372815036 0.09637931045458431 0.71244974387989013 -0.82203004436908644 0.14182733404954426 0.017857864505510079 -0.61297567748581483 0.22607138224282508 -0.30695408197999047 -0.18836518784792419 0.26794604113103804
leaf_weight=75 21132 28 38 35 26 63 30 50 37 125 20 51 1779 47 27 59 42 24 53 43 24 36 22 72 24 29 37 156 31 22
leaf_count=75 21132 28 38 35 26 63 30 50 37 125 20 51 1779 47 27 59 42 24 53 43 24 36 22 72 24 29 37 156 31 22
internal_value=0.000311506 -0.00130431 0.00841662 0.00431832 -0.00196696 -0.00953984 -0.00193818 -0.0028531 -0.00975647 0.00427693 0.00852558 -0.000425509 -0.000983553 -0.00817177 -0.00942602 -0.0245052 -0.00614628 0.00743889 -0.00938848 -0.0042796 0.010928 0.0266223 0.00661798 -0.0042508 -0.00653224 -0.0235405 -0.00351053 -0.00686761 0.00377003 0.0139814
internal_weight=24237 3105 190 162 127 89 2915 2541 661 374 299 1880 1830 624 594 106 488 94 394 70 279 60 219 94 352 53 299 262 106 75
internal_count=24237 3105 190 162 127 89 2915 2541 661 374 299 1880 1830 624 594 106 488 94 394 70 279 60 219 94 352 53 299 262 106 75
is_linear=0
shrinkage=0.05


Tree=200
num_leaves=31
num_cat=0
split_feature=0 13 12 0 8 14 12 14 13 11 13 12 12 0 13 11 12 12 0 14 8 14 0 11 12 9 2 0 11 11
split_gain=5.16774 4.55726 7.0178 4.65718 3.51235 5.69455 5.77908 6.32533 8.77338 7.63778 5.6815 6.45156 5.32783 5.25781 7.41591 8.899 7.09637 7.41635 6.76963 6.27669 6.26852 8.41775 5.8979 7.16762 5.86768 6.08085 8.37551 9.55768 6.03495 5.80631
threshold=5396.0000000000009 13.382874965667726 27.233261108398441 105.50000000000001 -0.98357626795768727 36.66943550109864 30.277065277099613 84.984512329101577 68.205932617187514 50.395606994628913 50.158519744873054 49.733871459960945 49.910873413085945 14.500000000000002 86.769733428955092 50.395606994628913 49.64799880981446 51.008213043212898 13.500000000000002 51.723720550537116 -0.13318043202161786 22.830845832824711 11.500000000000002 52.704584121704109 60.07592964172364 3.5000000000000004 1.0000000180025095e-35 10.500000000000002 37.873378753662116 49.001806259155281
decision_type=2 2 2 2 2 2 2 2 2 2 2 2 2 2 2 2 2 2 2 2 2 2 2 2 2 2 2 2 2 2
left_child=1 2 -1 -4 5 -3 -7 9 10 12 -9 -12 -8 14 16 -16 -6 20 19 24 -18 -22 -17 -24 25 26 -19 29 -27 -28
right_child=-2 4 3 -5 13 6 7 8 -10 -11 11 -13 -14 -15 15 22 17 18 -20 -21 21 -23 23 -25 -26 28 27 -29 -30 -31
leaf_value=-0.56250375686915144 1.0219783954485508 0.71298968514919636 4.5928673949090708 0.73444907557593775 -0.086272190659964568 -1.9222798840230739 1.0732074930756483 0.10319457677610684 0.93327294514111481 -7.2958442002875943 -3.3116766243979074 0.090414624404369856 -2.633449774378132 0.0055765275904150263 -0.14748525720552444 0.054738561196644844 0.43090915826012943 -0.79258902042761015 2.3375579593044913 0.65356260828985679 0.038456813892331 1.398316298130492 -0.35816708237815909 -0.0012673624723486656 0.22917776325968228 0.64771481154153221 -4.7111288662490072 1.1940627528160346 -2.8719020710793122 -1.4544717255319237
leaf_weight=86 43 507 76 135 1949 22 53 53 36 25 23 26 22 20365 76 36 150 35 34 83 20 22 24 50 24 28 37 28 22 74
leaf_count=86 43 507 76 135 1949 22 53 53 36 25 23 26 22 20365 76 36 150 35 34 83 20 22 24 50 24 28 37 28 22 74
internal_value=0.000103459 7.25506e-05 0.00622686 0.0111322 -4.19743e-06 0.00332421 -0.00269127 -0.000419992 0.00651702 -0.00999001 -0.000979432 -0.0132383 -0.00199734 -0.000114932 -0.0021916 -0.0118216 -0.0014764 0.00350027 -0.000684744 -0.00286922 0.0114524 0.0285036 -0.0027248 -0.0107962 -0.00685208 -0.00937082 -0.0137852 -0.00826743 0.00598802 -0.0148515
internal_weight=24164 24121 297 211 23824 767 260 238 138 100 102 49 75 23057 2692 186 2506 557 365 331 192 42 110 74 248 224 174 139 50 111
internal_count=24164 24121 297 211 23824 767 260 238 138 100 102 49 75 23057 2692 186 2506 557 365 331 192 42 110 74 248 224 174 139 50 111
is_linear=0
shrinkage=0.05


Tree=201
num_leaves=31
num_cat=0
split_feature=13 12 0 8 8 11 0 13 8 11 12 1 12 11 13 14 0 12 8 14 13 8 13 13 14 14 9 14 14 13
split_gain=4.5176 5.72806 5.11429 3.92292 3.78099 3.72406 3.68353 6.56208 7.62994 5.71085 4.98631 6.29484 6.65921 9.80536 6.62658 6.52365 6.26108 8.36784 5.55722 5.43568 8.27716 6.01353 5.38999 8.34174 7.09625 5.63469 5.17423 5.0731 7.88775 4.86828
threshold=13.382874965667726 27.233261108398441 105.50000000000001 0.75064766407012951 -0.99432605504989613 33.027761459350593 14.500000000000002 94.626880645751967 0.077254641801118865 50.395606994628913 49.64799880981446 13.500000000000002 49.433757781982429 37.867317199707038 71.295005798339858 0.95579302310943615 13.500000000000002 49.886642456054695 -0.13318043202161786 1.9115860462188723 63.63823318481446 -0.92228758335113514 30.299225807189945 38.476268768310554 1040.2978515625002 170.80017852783206 2.5000000000000004 84.096794128417983 123.41324996948244 60.563463211059577
decision_type=2 2 2 2 2 2 2 2 2 2 2 2 2 2 2 2 2 2 2 2 2 2 2 2 2 2 2 2 2 2
left_child=1 3 -3 -1 5 -2 7 10 -9 -10 11 12 15 -14 22 26 17 -12 -18 20 21 -17 -13 24 25 -24 -6 -19 -29 -30
right_child=4 2 -4 -5 6 -7 -8 8 9 -11 16 14 13 -15 -16 19 18 27 -20 -21 -22 -23 23 -25 -26 -27 -28 28 29 -31
leaf_value=-1.3666087398299915 3.6137705783625864 4.3632240251636167 0.69772662179714084 0.24360294044550984 0.6461400271958283 0.12899487392144593 0.0052977012108942571 -0.28869034129182758 -0.12400549346209022 0.017782363464660379 1.0595256096589591 -3.2385461520722938 -5.7696087602423125 0.32286506611180332 0.37739446111504249 0.68631199220112515 1.3889187413230859 -0.088518901015327778 0.38347681059528932 -0.011311218650987344 -4.2647216182168846 -2.6154450746621807 0.069602013613665289 -1.7956122523173932 -0.43666307570663021 0.6934579019318492 -1.8268905556241553 2.382505194892004 -0.82547326897438222 1.5922846448201824
leaf_weight=41 38 76 135 45 33 155 20554 25 28 57 46 43 21 23 22 55 32 491 20 1755 21 30 60 182 24 25 23 34 43 27
leaf_count=41 38 76 135 45 33 155 20554 25 28 57 46 43 21 23 22 55 32 491 20 1755 21 30 60 182 24 25 23 34 43 27
internal_value=9.93209e-05 0.00622686 0.0106585 -0.00464576 2.30443e-05 0.0069912 -3.37922e-05 -0.00163456 -0.013624 -0.00646298 -0.00119597 -0.00230892 -0.00119831 -0.0204082 -0.0084246 -0.000756351 0.00252489 0.00116986 0.0191939 -0.00126269 -0.0122526 -0.0052879 -0.0101766 -0.0077293 0.00320807 0.00998825 0.0160428 -0.000420097 0.00960615 0
internal_weight=24164 297 211 86 23867 193 23674 3120 110 85 3010 2317 1961 44 356 1917 693 641 52 1861 106 85 334 291 109 85 56 595 104 70
internal_count=24164 297 211 86 23867 193 23674 3120 110 85 3010 2317 1961 44 356 1917 693 641 52 1861 106 85 334 291 109 85 56 595 104 70
is_linear=0
shrinkage=0.05


Tree=202
num_leaves=31
num_cat=0
split_feature=13 12 8 12 12 14 14 12 3 14 12 10 13 11 12 11 13 12 13 13 8 14 8 13 12 11 6 8 12 11
split_gain=4.46891 5.72806 3.92292 3.2805 6.35697 9.91611 5.20041 3.06455 8.89506 5.16636 3.27004 7.76398 6.79208 10.7258 6.1001 14.1113 14.5577 11.8415 11.2131 9.5613 13.905 15.7474 17.3058 13.6683 10.3235 8.57947 8.22235 9.11145 8.73779 8.69591
threshold=13.382874965667726 27.233261108398441 0.75064766407012951 30.638230323791507 32.744756698608406 151.01319122314456 79.212776184082045 62.558259963989265 1.0000000180025095e-35 15.118330001831056 30.868613243103031 2.5000000000000004 33.855607986450202 48.627479553222663 35.364389419555671 47.687290191650398 53.031028747558601 35.266717910766609 80.424057006835952 55.668424606323249 0.034528613090515144 27.99890232086182 0.15813991427421573 60.784336090087898 31.55070781707764 34.206871032714851 1.0000000180025095e-35 0.15813991427421573 34.100557327270515 32.98573303222657
decision_type=2 2 2 2 2 2 2 2 2 2 2 2 2 2 2 2 2 2 2 2 2 2 2 2 2 2 2 2 2 2
left_child=1 2 -1 6 -5 -6 -3 10 9 -9 11 12 -2 -14 15 19 17 -17 -18 26 25 23 24 -22 -23 -21 28 -28 -12 -30
right_child=7 3 -4 4 5 -7 -8 8 -10 -11 14 -13 13 -15 -16 16 18 -19 -20 20 21 22 -24 -25 -26 -27 27 -29 29 -31
leaf_value=-1.2982783028384923 -0.01935930903130725 4.4852383872152712 0.23142279342323421 -4.6946510691380707 0.21047629925852221 2.7789763969732011 0.30948928576051093 0.074652062079402184 0.024147307799728426 -0.30966779018060753 -0.68324696524158046 -0.097469457713281041 1.0412107807145246 -0.24885056430617675 -0.0023791492446932241 0.29930775720447084 1.6520569836856407 3.7873201927434565 -0.091064804186545001 5.3412490840932385 -0.41307218720783895 -0.27256561243372951 -0.031818033551931184 0.043857069530616501 -0.55438592203672066 -1.735746787417316 0.40043414244833092 -0.17260037168923273 0.02032758883914916 0.82804787919586298
leaf_weight=41 217 25 45 26 101 37 22 24 50 73 769 3134 156 25 16268 1582 414 62 36 36 21 26 60 59 82 33 76 48 453 163
leaf_count=41 217 25 45 26 101 37 22 24 50 73 769 3134 156 25 16268 1582 414 62 36 36 21 26 60 59 82 33 76 48 453 163
internal_value=0.000132428 0.00622686 -0.00464576 0.0106585 0.00731261 0.0115858 0.022293 5.65632e-05 -0.007138 -0.0159629 0.00010118 -0.00130234 0.00527506 0.0124241 0.000346739 0.00211729 0.00491858 0.00273706 0.012886 -0.00109523 -0.0089877 -0.0145103 -0.0232005 0.00374532 -0.0351526 0.0108538 0.00056325 0.0128928 -0.000541477 0.00389547
internal_weight=24164 297 86 211 164 138 47 23867 147 97 23720 3532 398 181 20188 3920 2094 1644 450 1826 317 248 168 80 108 69 1509 124 1385 616
internal_count=24164 297 86 211 164 138 47 23867 147 97 23720 3532 398 181 20188 3920 2094 1644 450 1826 317 248 168 80 108 69 1509 124 1385 616
is_linear=0
shrinkage=0.05


Tree=203
num_leaves=31
num_cat=0
split_feature=13 12 0 8 12 8 14 9 8 14 9 9 13 1 12 10 8 12 13 13 10 0 5 0 11 12 1 0 14 12
split_gain=4.48106 5.72806 5.11429 3.92292 3.25102 5.12905 4.41194 3.14685 2.71735 3.42912 7.73798 4.23791 3.3436 5.30892 2.71061 7.74327 7.73837 6.77299 8.19218 9.68258 6.42687 20.443 13.4592 10.9734 10.1619 13.2092 9.51733 8.79585 7.82629 7.62786
threshold=13.382874965667726 27.233261108398441 105.50000000000001 0.75064766407012951 30.187001228332523 0.95859622955322277 116.94906997680665 3.5000000000000004 -0.99432605504989613 2.9255985021591191 1.5000000000000002 1.5000000000000002 72.20270156860353 9.5000000000000018 30.868613243103031 2.5000000000000004 -0.97710916399955738 30.187001228332523 55.013584136962898 24.708065986633304 4.5000000000000009 397.50000000000006 1.0000000180025095e-35 24.500000000000004 49.436918258666999 27.233261108398441 5.5000000000000009 11.500000000000002 3.7096201181411748 24.19721603393555
decision_type=2 2 2 2 2 2 2 2 2 2 2 2 2 2 2 2 2 2 2 2 2 2 2 2 2 2 2 2 2 2
left_child=1 3 7 -1 -4 -6 -7 -3 9 10 -2 -11 13 -13 15 -10 -17 20 19 -19 23 22 -22 24 25 -18 -25 -26 -24 -23
right_child=8 2 4 -5 5 6 -8 -9 14 11 -12 12 -14 -15 -16 16 17 18 -20 -21 21 29 28 26 27 -27 -28 -29 -30 -31
leaf_value=-1.2333643876965674 15.987717788928235 1.7019494981982959 3.6313626404570201 0.21985165375207247 -2.916961553817953 -0.25900763722619685 2.1008433680899601 4.5609090209034262 0.31545105438722776 -0.38732396508433564 0.19120253442307558 1.6904298874119208 1.6229988990406228 -0.49704586586788224 0.0052697982152656309 -3.5793592732179293 0.077256637463048616 5.8789061746245324 0.12956408190013741 -2.5214671898948091 -0.43445385584430873 15.382293303202511 4.6778422906766082 -0.45426399781866195 -0.03652249480214316 -0.46806003504495797 -0.079818791555022278 0.30627655617504213 0.57935415670652868 2.786637410688789
leaf_weight=41 21 35 27 45 30 51 27 41 396 31 33 51 20 37 20166 75 134 24 76 381 518 42 46 384 20 43 525 46 711 87
leaf_count=41 21 35 27 45 30 51 27 41 396 31 33 51 20 37 20166 75 134 24 76 381 518 42 46 384 20 43 525 46 711 87
internal_value=0.000124151 0.00622686 0.0106585 -0.00464576 0.00481125 0.000925069 0.00768246 0.021025 4.81835e-05 0.00595546 0.0166359 0.00179727 0.00647549 0.00227015 0 -0.00128275 -0.00212075 -0.00172862 -0.00717107 -0.00999753 -0.000704198 0.00156684 -0.000352913 -0.00347192 0.00596462 -0.000282326 -0.00599494 0.0226929 0.00389645 0.0205267
internal_weight=24164 297 211 86 135 108 78 76 23867 193 54 139 108 88 23674 3508 3112 3037 481 405 2556 1404 1275 1152 243 177 909 66 757 129
internal_count=24164 297 211 86 135 108 78 76 23867 193 54 139 108 88 23674 3508 3112 3037 481 405 2556 1404 1275 1152 243 177 909 66 757 129
is_linear=0
shrinkage=0.05


Tree=204
num_leaves=31
num_cat=0
split_feature=13 12 0 13 9 11 0 13 11 12 14 0 12 14 13 3 13 13 10 0 14 13 12 11 14 14 13 13 11 11
split_gain=3.53619 5.31412 3.62433 7.83275 7.94409 6.98969 3.06167 2.86516 12.345 12.3216 9.6551 8.45199 8.65617 8.01278 10.943 7.71546 12.1201 12.1695 13.5552 16.658 15.9433 14.1131 25.7661 28.2236 17.7738 15.7396 13.4382 13.7095 12.1456 18.3961
threshold=13.382874965667726 26.799804687500004 146.50000000000003 8.1759228706359881 3.5000000000000004 50.337347030639656 76.500000000000014 75.041618347167983 26.310268402099613 51.279891967773445 270.00656127929693 942.00000000000011 47.438241958618171 9.4377217292785662 77.125656127929702 1.0000000180025095e-35 41.199930191040046 42.713558197021491 3.5000000000000004 11.500000000000002 16.667299270629886 56.072263717651374 35.364389419555671 36.696321487426765 34.33501052856446 28.829618453979496 65.52368545532228 67.954059600830092 35.692199707031257 29.775637626647953
decision_type=2 2 2 2 2 2 2 2 2 2 2 2 2 2 2 2 2 2 2 2 2 2 2 2 2 2 2 2 2 2
left_child=1 6 3 -3 -5 -4 -1 15 9 -9 11 12 13 14 -10 -2 -17 -18 20 -20 -19 24 23 25 28 -23 -25 -28 29 -21
right_child=7 2 5 4 -6 -7 -8 8 10 -11 -12 -13 -14 -15 -16 16 17 18 19 21 -22 22 -24 26 -26 -27 27 -29 -30 -31
leaf_value=-2.8696309808207925 -0.014857379726912257 7.1135923545344442 -0.29656500195024055 -1.437652125735734 3.7474201143154229 3.3073047311077235 0.0036940590695472512 0.24741207806767029 -0.12970900893086448 -0.94997818658624567 0.18243785581753402 -0.068566672482091209 0.0007752356572229502 -0.090651761974232067 0.18447600785553125 -0.50059477596481106 2.432277593276114 0.049442605008344742 1.0060673791258019 0.09856901950004443 -0.23981786106772063 0.02743832860824931 0.17547796663440993 1.2507384139008597 0.78325556152934517 -0.43049062178509812 -0.24465703329271005 0.012395636728738247 0.36807516700179549 -0.49479241761770965
leaf_weight=24 18079 31 83 39 46 25 49 29 26 37 73 176 2713 208 40 155 22 422 83 36 503 36 768 32 122 153 21 64 36 33
leaf_count=24 18079 31 83 39 46 25 49 29 26 37 73 176 2713 208 40 155 22 422 83 36 503 36 768 32 122 153 21 64 36 33
internal_value=0.000132428 0.00555369 0.00937082 0.0155039 0.00763807 0.00277521 -0.00615595 6.4943e-05 -0.0013022 -0.0226929 -0.000865239 -0.00128039 -0.000652807 -0.00912076 0.00605144 0.000284463 0.0028961 0.00379649 0.0034429 0.00657467 -0.00124311 0.00518792 0.00279304 -0.00947403 0.0165125 -0.0214172 0.00982067 -0.000587544 0.00142721 -0.0108538
internal_weight=24164 297 224 116 85 108 73 23867 3302 66 3236 3163 2987 274 66 20565 2486 2331 2309 1384 925 1301 1074 306 227 189 117 85 105 69
internal_count=24164 297 224 116 85 108 73 23867 3302 66 3236 3163 2987 274 66 20565 2486 2331 2309 1384 925 1301 1074 306 227 189 117 85 105 69
is_linear=0
shrinkage=0.05


Tree=205
num_leaves=31
num_cat=0
split_feature=11 13 11 5 1 9 13 1 8 11 11 13 0 11 13 4 13 1 0 11 0 11 8 14 13 1 1 0 11 14
split_gain=4.06266 3.12798 4.70273 2.70667 3.83073 2.37187 7.74429 10.7933 15.9061 11.0092 14.2064 11.1856 10.8674 10.7819 10.5515 9.61166 8.88239 8.00475 7.69412 7.97775 7.61535 7.24215 6.92631 6.77699 9.26886 6.64972 9.22498 16.3717 10.4513 8.34745
threshold=62.830816268920906 110.47600555419923 57.748405456542976 1.0000000180025095e-35 5.5000000000000009 4.5000000000000009 67.712471008300795 3.5000000000000004 -0.78541910648345936 47.743755340576179 52.656318664550788 47.998800277709968 136.50000000000003 48.542791366577156 56.072263717651374 1.0000000180025095e-35 43.684967041015632 2.5000000000000004 114.50000000000001 31.424530029296879 11.500000000000002 54.034259796142585 0.29448333382606512 79.212776184082045 46.481580734252937 12.500000000000002 5.5000000000000009 74.500000000000014 48.542791366577156 54.445968627929695
decision_type=2 2 2 2 2 2 2 2 2 2 2 2 2 2 2 2 2 2 2 2 2 2 2 2 2 2 2 2 2 2
left_child=1 5 -3 -2 -5 -1 7 8 18 15 11 12 -11 17 -15 16 -10 -13 19 -7 -9 25 -17 24 -18 26 -8 28 29 -28
right_child=3 2 -4 4 -6 6 21 20 9 10 -12 13 -14 14 -16 22 23 -19 -20 -21 -22 -23 -24 -25 -26 -27 27 -29 -30 -31
leaf_value=-0.0025683482663460214 -0.02541047674857673 -0.27254051766940934 0.019844036356257179 -7.4515513914303924 -0.86658205876684391 5.8203504972418107 0.010422673009939843 -2.4773946958881399 -1.8143359701430286 4.5288540744439336 -2.3187682174479991 2.1245826602353071 -0.17559941634602652 5.9743661603081994 -1.190657096343388 5.1057875010599574 0.6537703074463338 2.4603779101505214 1.7695115197383957 -0.16175457373123978 0.18431598815243327 -0.17604695260821901 1.0077515671372601 -2.3657696638986274 0.039054144504038747 0.19518266994281533 -0.030465651799097063 -4.9663375284860543 -0.58299675308735599 1.0967049394466131
leaf_weight=17539 105 29 35 23 29 23 1135 132 127 62 153 86 186 70 89 52 25 59 35 33 3177 213 124 134 207 32 107 104 44 69
leaf_count=17539 105 29 35 23 29 23 1135 132 127 62 153 86 186 70 89 52 25 59 35 33 3177 213 124 134 207 32 107 104 44 69
internal_value=5.77603e-05 0.000110045 -0.0109204 -0.00795672 -0.0172745 0.000139484 0.000957071 0.0019899 0.00556276 0.00422094 0.00858034 0.0123166 0.0044337 0.0187438 0.0097423 -0.000373636 -0.00395457 0.028601 0.0257958 0.0142602 0.000407966 -0.00193651 0.00965361 0 0.00517019 -0.000704178 -0.00119937 -0.00863931 -0.000908678 0.00454287
internal_weight=24238 24081 64 157 52 24017 6478 4774 1465 1374 705 552 248 304 159 669 493 145 91 56 3309 1704 176 366 232 1491 1459 324 220 176
internal_count=24238 24081 64 157 52 24017 6478 4774 1465 1374 705 552 248 304 159 669 493 145 91 56 3309 1704 176 366 232 1491 1459 324 220 176
is_linear=0
shrinkage=0.05


Tree=206
num_leaves=31
num_cat=0
split_feature=11 8 8 13 13 9 13 1 8 11 11 13 12 4 11 0 11 11 14 11 14 8 14 11 13 8 8 12 11 10
split_gain=3.48543 2.85982 3.86714 3.26467 6.22998 2.65969 6.83428 10.3848 16.0136 9.96989 13.8167 20.7771 9.12853 8.28571 7.76753 7.69412 7.97775 7.36962 7.73363 6.80321 6.56419 10.8839 7.44537 9.2639 7.86214 7.09331 6.33407 7.51015 6.01323 6.69017
threshold=62.830816268920906 0.91091269254684459 0.087102424353361144 95.711181640625014 67.481513977050795 4.5000000000000009 67.712471008300795 3.5000000000000004 -0.78541910648345936 47.743755340576179 48.412141799926765 50.863607406616218 57.766939163208015 1.0000000180025095e-35 54.034259796142585 114.50000000000001 31.424530029296879 35.80696105957032 27.235648155212406 53.075769424438484 10.49367666244507 0.016447545960545543 18.314824104309086 49.597911834716804 100.89768600463869 0.035821216180920608 0.066496599465608611 49.118940353393562 53.075769424438484 4.5000000000000009
decision_type=2 2 2 2 2 2 2 2 2 2 2 2 2 2 2 2 2 2 2 2 2 2 2 2 2 2 2 2 2 2
left_child=5 2 3 4 -2 -1 7 8 15 13 11 -11 -9 17 19 16 -7 18 -10 20 21 -8 23 -22 -24 -23 -27 -28 -12 -30
right_child=1 -3 -4 -5 -6 6 14 12 9 10 28 -13 -14 -15 -16 -17 -18 -19 -20 -21 22 25 24 -25 -26 26 27 -29 29 -31
leaf_value=-0.0024399308530284715 0.27507771090212396 -4.1474768566501856 0.26287876184160303 0.10199636359827569 -0.85100531288134429 5.52933297237972 -0.2712370084254076 0.029883690846109624 0.62542450384109005 0.78820955787394453 2.0424275788771427 2.1446718505871645 3.5070151922614361 1.8626645685909531 -0.1738808323495693 1.6810359437514764 -0.15366684504467829 -1.7194421963668753 -0.32062241065078184 0.17279482937616139 -0.19746265951702144 0.74474389655251017 -0.048685154791543894 -0.98412325186222849 0.27808513843286209 -0.44110397525338618 1.0677548678657189 0.23665524529237381 -9.254344137574213 0.43014387605159182
leaf_weight=17587 23 31 29 45 29 23 63 3262 83 142 301 124 47 176 229 35 33 155 255 125 132 22 974 20 38 30 37 50 38 100
leaf_count=17587 23 31 29 45 29 23 63 3262 83 142 301 124 47 176 229 35 33 155 255 125 132 22 974 20 38 30 37 50 38 100
internal_value=0.000103143 -0.00732018 -0.00396511 -0.00875386 -0.0172745 0.000151571 0.00101631 0.0019899 0.00549451 0.00414817 0.0082967 0.0172867 0.000438186 -0.000224182 -0.00168595 0.0257958 0.0142602 -0.00354898 0.000591541 -0.000368855 -0.00139082 0.00692726 -0.00283481 -0.0131492 -0.00128446 0.0147376 0.00982067 0.0166475 0.00284673 -0.0057929
internal_weight=24238 157 126 97 52 24081 6494 4774 1465 1374 705 266 3309 669 1720 91 56 493 338 1491 1366 202 1164 152 1012 139 117 87 439 138
internal_count=24238 157 126 97 52 24081 6494 4774 1465 1374 705 266 3309 669 1720 91 56 493 338 1491 1366 202 1164 152 1012 139 117 87 439 138
is_linear=0
shrinkage=0.05


Tree=207
num_leaves=31
num_cat=0
split_feature=11 12 13 8 13 2 13 12 14 0 0 8 12 12 9 14 13 8 13 8 10 12 14 13 10 8 1 9 14 12
split_gain=2.63618 2.18504 14.8684 17.4295 13.7157 20.4708 13.1094 11.2208 11.5604 10.4469 29.5792 10.3961 10.1836 12.2792 10.1242 10.0409 18.0047 9.62073 10.0251 9.49074 9.48202 13.7808 9.3045 13.4429 11.246 13.8637 13.7993 9.12582 10.9937 9.10394
threshold=64.248073577880874 47.438241958618171 71.678195953369155 0.68394199013710033 47.421842575073249 1.0000000180025095e-35 51.278041839599616 25.849575996398929 17.150540351867679 16.500000000000004 13.500000000000002 0.3483316451311112 36.073661804199226 35.88701248168946 4.5000000000000009 34.990171432495124 65.142917633056655 0.14249456673860553 56.81214904785157 -0.92228758335113514 4.5000000000000009 28.820275306701664 21.178119659423832 48.661409378051765 3.5000000000000004 -0.69972676038742054 5.5000000000000009 2.5000000000000004 10.814889430999758 35.364389419555671
decision_type=2 2 2 2 2 2 2 2 2 2 2 2 2 2 2 2 2 2 2 2 2 2 2 2 2 2 2 2 2 2
left_child=1 2 6 -4 5 -3 12 8 -8 10 17 -6 13 -1 -10 16 -12 18 -9 -11 -21 -22 23 -14 -24 -26 -27 28 -13 -23
right_child=-2 4 3 -5 11 -7 7 9 14 19 15 27 22 -15 -16 -17 -18 -19 -20 20 21 29 24 -25 25 26 -28 -29 -30 -31
leaf_value=-0.034359538607892849 -7.191945126002274 0.17456772280823857 -0.05909136030282576 0.58629092435409902 0.020133168412381511 3.5547265548221918 1.3687805460844047 0.0080382939078852186 -0.050665703668317623 -3.0028656425383362 0.98867482362655079 0.4581270606203881 -1.1997997744145437 1.8879882114970088 0.42936387797767428 -0.58716493746000109 -0.28011207545318645 -0.22898362481474291 0.71230759650885112 0.026316826133805551 -2.2314500601711567 2.5046867108990187 0.76450330944534695 -6.8582653527346524 -9.1154720770360491 -1.973277328918831 0.86670196477582895 -0.048914231828049992 -1.7931869109054333 0.85153403614569789
leaf_weight=6510 31 941 384 46 8262 499 39 118 84 45 38 105 313 157 36 64 23 49 84 1113 33 307 354 63 100 522 280 2826 435 377
leaf_count=6510 31 941 384 46 8262 499 39 118 84 45 38 105 313 157 36 64 23 49 84 1113 33 307 354 63 100 522 280 2826 435 377
internal_value=7.8389e-05 9.7079e-05 -0.000417448 -0.00953267 0.000535656 0.00513853 -5.13582e-05 0.00319489 0.0160277 0.00228777 -0.00531773 -3.43994e-05 -0.000994084 -0.000127492 0.00832639 -0.0251799 -0.0106383 0.00457985 0.00940129 0.00381313 0.00437135 0.00885511 -0.00453404 -0.0114331 -0.00246796 -0.00543177 -0.00324149 -0.00237664 -0.00833179 0.0103786
internal_weight=24238 24207 11139 430 13068 1440 10709 2410 159 2251 376 11628 8299 6667 120 125 61 251 202 1875 1830 717 1632 376 1256 902 802 3366 540 684
internal_count=24238 24207 11139 430 13068 1440 10709 2410 159 2251 376 11628 8299 6667 120 125 61 251 202 1875 1830 717 1632 376 1256 902 802 3366 540 684
is_linear=0
shrinkage=0.05


Tree=208
num_leaves=31
num_cat=0
split_feature=12 12 7 12 8 13 13 13 13 13 13 11 11 8 0 11 11 1 14 8 0 12 1 14 8 13 12 13 4 12
split_gain=2.73105 15.4973 25.7727 13.2297 12.5695 22.7922 12.4926 11.137 13.3823 9.5076 10.4878 11.7929 8.93847 13.304 7.98585 7.85116 6.81333 6.7498 6.70957 7.40602 7.79048 6.45775 7.54245 6.34335 6.16804 6.15109 6.10397 13.7656 14.3179 11.4589
threshold=34.706089019775398 35.364389419555671 1.0000000180025095e-35 34.270107269287116 0.066496599465608611 49.232978820800788 20.473286628723148 73.002231597900405 61.177734375000007 80.424057006835952 41.199930191040046 28.040962219238285 23.432121276855472 0.21070533245801928 1951.5000000000002 27.133479118347172 36.734548568725593 4.5000000000000009 148.50881958007815 0.090524967759847655 45.500000000000007 34.100557327270515 5.5000000000000009 51.723720550537116 -0.90728089213371266 49.232978820800788 47.438241958618171 47.421842575073249 1.0000000180025095e-35 47.795911788940437
decision_type=2 2 2 2 2 2 2 2 2 2 2 2 2 2 2 2 2 2 2 2 2 2 2 2 2 2 2 2 2 2
left_child=3 2 4 9 5 -2 17 8 12 10 14 15 -6 23 21 -12 -7 -4 19 -5 -21 -1 -23 -14 25 -13 -3 28 29 -28
right_child=1 26 6 18 7 16 -8 -9 -10 -11 11 24 13 -15 -16 -17 -18 -19 -20 20 -22 22 -24 -25 -26 -27 27 -29 -30 -31
leaf_value=-0.34735026473600855 -0.93542878745083624 -0.10399496256183993 -4.2230239299466232 -2.8290459476347971 -0.40942065597995703 3.2432057006960835 2.8549588590804778 0.1078667791123932 -0.3150182020880003 -0.23136696970351062 0.43749814212382709 -0.91967702220730763 3.9719569338170686 -0.99251227234849915 4.4686966239560935 1.9319799461884466 5.9678611426202961 0.58056759981038508 -12.428060814227637 0.6696005848471942 -2.6424946979984547 -2.4483139771466371 0.71900552518676264 0.044619025546824537 0.024120137423286891 -4.1064128888068145 9.6850991254383789 -0.00072415712194704449 0.29260785840156206 2.3207272526224019
leaf_weight=3033 245 3449 24 55 48 77 506 22 49 37 264 125 20 194 40 29 82 26 29 23 74 21 79 20 2522 54 87 11649 894 461
leaf_count=3033 245 3449 24 55 48 77 506 22 49 37 264 125 20 194 40 29 82 26 29 23 74 21 79 20 2522 54 87 11649 894 461
internal_value=0.000127898 0.000445301 0.0056736 -0.000759581 -0.000330207 0.00569166 0.0138464 -0.00722175 -0.00951374 -0.000370723 -0.000218904 0.00190374 -0.00531726 -0.0012815 -0.0022218 0.0114295 0.0204274 -0.00998004 -0.0140806 -0.00986193 -0.0015448 -0.00250551 0.00999001 0.0249377 0.000870016 -0.00809604 3.02296e-05 0.000523256 0.00513141 0.0114943
internal_weight=24238 17853 1313 6385 757 404 556 353 331 6204 6167 2994 282 234 3173 293 159 50 181 152 97 3133 100 40 2701 179 16540 13091 1442 548
internal_count=24238 17853 1313 6385 757 404 556 353 331 6204 6167 2994 282 234 3173 293 159 50 181 152 97 3133 100 40 2701 179 16540 13091 1442 548
is_linear=0
shrinkage=0.05


Tree=209
num_leaves=31
num_cat=0
split_feature=11 8 11 12 13 12 13 11 11 13 8 0 9 8 13 12 1 12 11 12 0 13 2 1 11 12 12 14 11 11
split_gain=2.67219 1.95597 7.20679 12.6538 15.4726 13.39 11.7929 10.9102 16.7054 10.1094 9.44758 8.21097 8.71262 10.566 8.19706 7.1835 7.17398 7.07514 11.3322 8.00461 8.40406 6.53436 7.63425 10.3879 6.23269 7.17388 11.26 6.83636 6.1682 9.12403
threshold=64.248073577880874 -0.88370937108993519 48.708337783813484 37.500495910644538 57.913679122924812 35.88701248168946 51.48985671997071 56.310926437377937 55.998853683471687 22.754407882690433 -0.91645067930221547 5.5000000000000009 3.5000000000000004 -0.95046201348304737 40.122537612915046 35.266717910766609 11.500000000000002 48.434839248657234 49.177583694458015 47.822984695434577 27.500000000000004 63.864997863769538 1.0000000180025095e-35 13.500000000000002 48.761873245239265 36.073661804199226 29.771375656127933 1.9115860462188723 37.056631088256843 34.688907623291023
decision_type=2 2 2 2 2 2 2 2 2 2 2 2 2 2 2 2 2 2 2 2 2 2 2 2 2 2 2 2 2 2
left_child=1 2 3 4 5 9 14 8 17 -1 -11 -9 16 -14 -7 -12 -13 19 -19 20 24 22 23 -5 -4 26 -26 -27 29 -23
right_child=-2 -3 7 21 -6 6 -8 11 -10 10 15 12 13 -15 -16 -17 -18 18 -20 -21 -22 28 -24 -25 25 27 -28 -29 -30 -31
leaf_value=7.5123814134213633 -6.8323116618460631 0.00020759743799896315 -3.7016097728493236 -3.8845843120360062 5.1097533226980092 -1.904274254432007 1.4283196646754643 -0.89518256675138097 -3.9670711515937032 -0.72667530564632143 0.7388222643364849 2.7151218161220814 0.065264905959395492 -0.0795553026407049 -10.317614067234404 7.6015470452300349 0.10363810409330068 -4.5853849213390596 -0.14882747557457315 1.8834408378165506 -6.1372713162756281 0.43749646957735849 1.561730681848728 0.58749227662229342 -3.2150765050904599 -7.279320001680623 1.3665721999002871 -0.050450826319358912 1.2740764322807125 -1.246585533445935
leaf_weight=28 31 20650 23 47 33 21 24 37 27 586 104 65 37 37 43 22 22 61 473 114 66 247 657 26 38 21 122 145 264 167
leaf_count=28 31 20650 23 47 33 21 24 37 27 586 104 65 37 37 43 22 22 61 473 114 66 247 657 26 38 21 122 145 264 167
internal_value=0.000177407 0.000196223 0.00127913 0.00297475 -0.00180002 -0.00313972 -0.0215664 -0.00170794 -0.00366939 -0.000945818 -0.00210645 0.00908632 0.0139665 0.00134953 -0.0327613 0.0103093 0.0246843 -0.00268084 -0.00674031 0.0014175 -0.00180679 0.00589447 0.00917683 -0.00615595 0.00128903 0.00306654 0.0106184 -0.00421433 0.00235953 -0.00144893
internal_weight=24238 24207 3557 2269 861 828 88 1288 1090 740 712 198 161 74 64 126 87 1063 534 529 415 1408 730 73 349 326 160 166 678 414
internal_count=24238 24207 3557 2269 861 828 88 1288 1090 740 712 198 161 74 64 126 87 1063 534 529 415 1408 730 73 349 326 160 166 678 414
is_linear=0
shrinkage=0.05


Tree=210
num_leaves=31
num_cat=0
split_feature=8 11 0 12 0 13 12 13 13 11 13 14 1 13 14 12 9 13 0 8 14 10 13 0 2 13 12 9 8 13
split_gain=3.14394 3.33649 4.98692 4.45159 7.97078 7.47469 6.19155 9.10352 8.1174 8.77547 7.70363 5.05152 9.58008 5.00634 4.21929 4.00998 3.94281 3.45653 3.17997 6.5077 13.7973 13.0028 12.3628 10.5476 9.84185 11.2656 17.3415 13.4808 14.8788 9.58504
threshold=-0.98762470483779896 50.297775268554695 5.5000000000000009 51.073541641235359 11.500000000000002 68.205932617187514 47.96174621582032 60.563463211059577 59.739341735839851 48.162836074829109 48.855197906494148 27.235648155212406 6.5000000000000009 33.113262176513679 21.178119659423832 50.950229644775398 2.5000000000000004 40.369390487670906 17.500000000000004 0.077254641801118865 2.8673790693283085 2.5000000000000004 107.48803329467775 13.500000000000002 1.0000000180025095e-35 72.80420303344728 47.980693817138679 3.5000000000000004 0.21828588843345645 60.338130950927741
decision_type=2 2 2 2 2 2 2 2 2 2 2 2 2 2 2 2 2 2 2 2 2 2 2 2 2 2 2 2 2 2
left_child=1 3 -3 5 -5 6 8 -8 10 -10 11 12 17 -13 -9 -4 -7 -1 19 22 -21 23 -2 29 25 26 27 -23 -29 -22
right_child=18 2 15 4 -6 16 7 14 9 -11 -12 13 -14 -15 -16 -17 -18 -19 -20 20 21 24 -24 -25 -26 -27 -28 28 -30 -31
leaf_value=-3.0880127428395472 -0.098945684549255661 -0.52270249533772462 -0.032630950213759745 0.047765107814586476 -4.2939519699769795 2.1411385861657126 0.039737598947658631 6.5095777487981836 -3.0958021274922913 1.813771566884286 4.7151869474931338 -0.098977873162592017 0.89234309553164914 1.2013812556230024 3.4717389650917805 3.1600737979406652 0.68539425439780077 -9.4489145906394008 0.004119105438506754 0.18952682905080354 0.67022515908094737 0.90630670031261862 -0.26146567153898365 -0.25262690294471607 -3.6243533472719096 0.0057067487318346547 0.97173760191581882 0.30737936943678473 -0.62503626577859606 -0.032409809466014398
leaf_weight=22 2834 63 40 60 24 23 49 25 28 21 40 25 32 34 20 20 27 23 19831 47 42 86 28 74 63 264 57 44 50 150
leaf_count=22 2834 63 40 60 24 23 49 25 28 21 40 25 32 34 20 20 27 23 19831 47 42 86 28 74 63 264 57 44 50 150
internal_value=-4.14146e-06 0.0036452 -0.00365556 0.0056279 -0.00475624 0.00799241 0.00517079 0.0159405 0.000666371 -0.0173116 0.00567859 0 -0.00843061 0.0109983 0.0321508 0.00665557 0.0259481 -0.0232816 -9.33386e-05 -0.00143083 0.00233725 0.000843272 -0.00258551 -0.00826757 0.00514093 0.00748354 0.0153943 0.00777346 -0.0053135 -0.00208225
internal_weight=24146 576 123 453 84 369 319 94 225 49 176 136 77 59 45 60 50 45 23570 3739 877 830 2862 266 564 501 237 180 94 192
internal_count=24146 576 123 453 84 369 319 94 225 49 176 136 77 59 45 60 50 45 23570 3739 877 830 2862 266 564 501 237 180 94 192
is_linear=0
shrinkage=0.05


Tree=211
num_leaves=31
num_cat=0
split_feature=8 1 0 1 8 0 0 2 8 13 9 8 12 13 1 12 13 9 12 13 12 12 13 13 10 9 9 0 8 8
split_gain=2.7758 13.4463 11.0096 9.00253 10.2278 10.2423 7.68827 8.05948 7.58397 8.22241 11.3953 7.1085 10.2744 13.3923 8.60451 9.52704 7.9271 7.62253 6.75265 10.7598 12.2357 8.17053 9.1885 13.2477 7.50889 7.45691 7.41049 14.2864 11.6776 14.4358
threshold=-0.085135608911514268 10.500000000000002 226.50000000000003 9.5000000000000018 0.032888287678360946 1222.5000000000002 161.50000000000003 1.0000000180025095e-35 0.031452337279915817 31.213175773620609 4.5000000000000009 0.73385417461395275 47.743755340576179 36.723337173461921 12.500000000000002 52.448404312133796 25.993494987487797 1.5000000000000002 55.142854690551765 50.500770568847663 55.852228164672859 54.034259796142585 78.364681243896499 71.295005798339858 2.5000000000000004 3.5000000000000004 3.5000000000000004 37.500000000000007 0.071247283369302764 0.052864462137222297
decision_type=2 2 2 2 2 2 2 2 2 2 2 2 2 2 2 2 2 2 2 2 2 2 2 2 2 2 2 2 2 2
left_child=-1 3 6 4 5 8 7 11 9 10 -2 12 13 16 15 -14 -3 -15 21 24 25 -6 23 -23 -20 -21 28 -28 29 -22
right_child=1 2 -4 -5 18 -7 -8 -9 -10 -11 -12 -13 14 17 -16 -17 -18 -19 19 20 26 22 -24 -25 -26 -27 27 -29 -30 -31
leaf_value=0.068457639656392649 -5.119676975446569 0.03095146719774924 2.9595239424702826 -0.31420821995378034 -0.0080502754766728305 -40.575842295704923 -5.2702660446845524 -0.16556731735207839 -1.2554245478960473 -0.079483694036395047 0.15236378600542089 0.68817948386043215 0.97178604066288765 0.16872615844020161 0.53881972261904143 -0.12061718102612212 3.304395221954866 -0.099772840849413499 13.301293169932677 1.6506343785073261 -0.031351212635777517 -6.2746317252314086 -0.36865350773765349 1.3758571188285733 3.6800338635762291 0.18041210842721256 0.2516877117292296 -0.0039436601573432208 -0.548625852001565 0.24235541493955851
leaf_weight=8557 99 42 42 364 11641 20 46 202 46 1339 88 128 58 25 58 26 38 108 26 69 68 67 55 44 80 106 75 390 212 27
leaf_count=8557 99 42 42 364 11641 20 46 202 46 1339 88 128 58 25 58 26 38 108 26 69 68 67 55 44 80 106 75 390 212 27
internal_value=-1.65658e-05 -0.000413751 0.00601475 -0.000749185 -0.000553553 -0.0043339 0.00458214 0.00591155 -0.00388016 -0.00327633 -0.0130946 0.00941834 0.00577302 -0.00117316 0.0161858 0.0059453 0.0149813 -0.0108941 -8.55359e-05 0.00375083 0.00205892 -0.000427709 -0.0114389 -0.00315032 0.0188501 0.013992 -0.000647585 0.00333262 -0.00667535 0.00788644
internal_weight=24146 15589 773 14816 14452 1592 731 685 1572 1526 187 483 355 213 142 84 80 133 12860 1053 947 11807 166 111 106 175 772 465 307 95
internal_count=24146 15589 773 14816 14452 1592 731 685 1572 1526 187 483 355 213 142 84 80 133 12860 1053 947 11807 166 111 106 175 772 465 307 95
is_linear=0
shrinkage=0.05


Tree=212
num_leaves=31
num_cat=0
split_feature=8 1 11 0 11 8 8 8 12 13 13 12 11 14 12 14 11 8 0 1 12 14 13 8 13 14 14 14 8 11
split_gain=2.54909 9.46583 8.78685 10.2927 7.62185 8.66071 12.8302 9.14662 9.31124 10.3811 9.32013 8.56841 16.011 9.70112 9.20032 8.32511 10.9357 10.866 8.61107 11.2716 8.137 8.12763 7.96613 12.5128 7.86554 7.65534 12.117 11.1847 7.5864 9.65583
threshold=-0.085135608911514268 10.500000000000002 49.978851318359382 226.50000000000003 36.63423156738282 0.083602152764797225 0.062828946858644499 0.89498746395111095 55.319793701171882 49.031562805175788 46.735242843627937 35.047574996948249 33.93211746215821 6.8018774986267099 35.364389419555671 18.721705436706547 27.409873962402347 0.28587774932384497 152.50000000000003 3.5000000000000004 49.174669265747077 3.8231720924377446 78.364681243896499 0.035821216180920608 58.78742980957032 182.61954498291018 178.91888427734378 1478.4567871093752 0.095445133745670332 36.418828964233406
decision_type=2 2 2 2 2 2 2 2 2 2 2 2 2 2 2 2 2 2 2 2 2 2 2 2 2 2 2 2 2 2
left_child=-1 4 -3 -4 5 6 22 8 9 10 -7 12 -8 -13 -15 16 -11 -18 28 24 -21 -9 -2 -24 -20 26 -23 -27 -17 -30
right_child=1 2 3 -5 -6 7 11 21 -10 15 -12 13 -14 14 -16 18 17 -19 19 20 -22 25 23 -25 -26 27 -28 -29 29 -31
leaf_value=0.065034757673572585 -0.039967048486184535 0.25938713114781392 -0.068254706389769743 4.1884040786004988 0.0033588375937536165 0.25885127725725215 1.2902344077920391 -4.8070393592236336 1.2086082961355753 -0.29532719878697478 2.9636264499189964 -0.26446052611311405 -1.0998526821861556 -0.2142197787612844 -0.37045003867640958 0.17586153154961029 0.26864124799362515 -0.80524655464687944 0.25118305048687939 -6.1922771691403389 3.532653843469205 -0.30779073565346193 -0.56605327329872801 0.063918340441924223 5.820546422321657 -3.0696387116833139 4.8847125619543199 1.8382837672886847 -0.21142748294645397 -1.0833319972804625
leaf_weight=8557 991 497 252 24 9456 663 36 54 82 43 67 37 36 38 197 34 91 42 20 41 28 1725 58 33 31 441 49 24 472 27
leaf_count=8557 991 497 252 24 9456 663 36 54 82 43 67 37 36 38 197 34 91 42 20 41 28 1725 58 33 31 441 49 24 472 27
internal_value=-3.31316e-05 -0.000413751 0.00497995 -0.00217313 -0.00069519 -0.00220145 -0.00553958 -0.000991332 0.00185851 0.000994163 0.00534173 -0.0139494 0.00138696 -0.0180081 -0.0142493 -0.0028344 0.00681431 0.0138993 -0.00543561 0.00666112 -0.0065123 -0.00303083 -0.0028648 -0.0170143 0.0244618 -0.002568 -0.00107097 -0.00827779 -0.00815982 -0.00971749
internal_weight=24146 15589 773 276 14816 5360 1426 3934 1641 1559 730 344 72 272 235 829 176 133 653 120 69 2293 1082 91 51 2239 1774 465 533 499
internal_count=24146 15589 773 276 14816 5360 1426 3934 1641 1559 730 344 72 272 235 829 176 133 653 120 69 2293 1082 91 51 2239 1774 465 533 499
is_linear=0
shrinkage=0.05


Tree=213
num_leaves=31
num_cat=0
split_feature=0 0 1 11 9 8 12 0 13 14 7 10 11 11 13 10 12 10 0 2 13 12 10 13 13 8 0 1 11 12
split_gain=2.50456 2.56318 11.8312 8.77509 10.9701 10.4956 7.95871 7.01199 7.34806 10.4889 8.93279 7.22047 6.99994 10.7775 5.84439 5.67826 5.5597 5.5026 8.03651 5.10818 4.92044 4.87564 4.74511 9.21146 6.17908 10.7168 10.0006 7.11384 6.04482 5.84014
threshold=5396.0000000000009 333.50000000000006 3.5000000000000004 48.451128005981452 3.5000000000000004 -0.37911385297775263 26.799804687500004 879.50000000000011 46.735242843627937 145.45183563232425 1.0000000180025095e-35 3.5000000000000004 54.46644592285157 49.001806259155281 40.563482284545906 3.5000000000000004 51.125007629394538 1.5000000000000002 1053.5000000000002 1.0000000180025095e-35 40.778329849243171 47.888408660888679 3.5000000000000004 30.299225807189945 69.064975738525405 -0.78541910648345936 2606.5000000000005 2.5000000000000004 51.436702728271491 48.656358718872077
decision_type=2 2 2 2 2 2 2 2 2 2 2 2 2 2 2 2 2 2 2 2 2 2 2 2 2 2 2 2 2 2
left_child=1 -1 17 5 12 16 -6 8 9 10 -7 -9 13 -5 15 -12 -4 18 -3 20 21 -11 23 -19 25 -24 -27 -28 29 -25
right_child=-2 2 3 4 6 7 -8 11 -10 19 14 -13 -14 -15 -16 -17 -18 22 -20 -21 -22 -23 24 28 -26 26 27 -29 -30 -31
leaf_value=0.0041477220607274217 1.5034160716893661 8.072583930137613 0.25998086513549129 4.0997035168811493 2.6958451105930141 1.1914280844959422 -1.3339472747798689 2.7201448739408605 -5.0916002723696465 -0.58880751381658458 -10.522653612600848 -1.3912867278879617 5.1831380808079013 -1.8926174943896534 -1.8697225247743632 -4.7914080569640367 2.4482542987649825 7.8467812299754858 -0.51929840812481698 4.0651334609007534 -8.864872875854811 4.046618487247577 1.5706563665464133 -4.8711984285238747 -0.030206961972302795 0.42201537630301655 1.421298346299176 -0.96627535194568859 -17.275627418542786 4.1811927097363535
leaf_weight=20440 40 42 44 34 48 51 572 52 368 37 25 168 31 65 35 90 28 38 20 47 36 21 24 154 530 878 76 33 41 78
leaf_count=20440 40 42 44 34 48 51 572 52 368 37 25 168 31 65 35 90 28 38 20 47 36 21 24 154 530 878 76 33 41 78
internal_value=-1.65658e-05 -3.73349e-05 -0.00125474 -0.0042235 -0.000133316 -0.0072847 -0.00290276 -0.00870874 -0.0111252 -0.00584624 -0.0131775 -0.000908678 0.0130669 0.00655903 -0.0193205 -0.0247611 0.0110957 0.00146283 0.0161031 0.00460666 -0.0021254 0.00688468 0.00097187 -0.00466088 0.00210888 0.00440115 0.00359639 0.0178735 -0.00787257 -0.00473934
internal_weight=24146 24106 3666 1752 750 1002 620 930 710 342 201 220 130 99 150 115 72 1914 62 141 94 58 1852 311 1541 1011 987 109 273 232
internal_count=24146 24106 3666 1752 750 1002 620 930 710 342 201 220 130 99 150 115 72 1914 62 141 94 58 1852 311 1541 1011 987 109 273 232
is_linear=0
shrinkage=0.05


Tree=214
num_leaves=31
num_cat=0
split_feature=0 12 8 1 11 0 5 8 1 14 0 11 10 13 8 12 11 9 11 0 11 0 12 13 14 11 12 13 0 8
split_gain=2.50456 2.48136 2.24795 7.68018 7.56178 7.73836 7.06524 6.97767 8.25068 10.1014 7.02071 6.88493 6.54418 5.47776 16.9219 14.3281 10.1798 14.0068 10.9609 10.7641 9.06443 9.55629 26.2847 12.9492 8.84311 8.76846 8.75418 11.276 9.843 11.3847
threshold=5396.0000000000009 47.980693817138679 -0.085135608911514268 10.500000000000002 49.978851318359382 226.50000000000003 1.0000000180025095e-35 0.034270063042640693 9.5000000000000018 36.66943550109864 1136.0000000000002 50.74879455566407 1.5000000000000002 56.81214904785157 0.037210106849670417 57.766939163208015 35.711551666259773 1.5000000000000002 35.98027420043946 11.500000000000002 35.660881042480476 25.500000000000004 35.364389419555671 73.002231597900405 50.938392639160163 29.481798171997074 37.500495910644538 59.93506050109864 31.500000000000004 0.3577380925416947
decision_type=2 2 2 2 2 2 2 2 2 2 2 2 2 2 2 2 2 2 2 2 2 2 2 2 2 2 2 2 2 2
left_child=2 -2 -1 7 -5 6 -6 10 13 -10 12 -11 -4 14 -9 -16 17 25 -18 -19 21 22 -21 -24 -25 -15 27 -23 -28 -30
right_child=1 -3 3 4 5 -7 -8 8 9 11 -12 -13 -14 16 15 -17 18 19 -20 20 -22 26 23 24 -26 -27 28 -29 29 -31
leaf_value=0.061902601081486354 6.3748468239464176 0.024281756875340933 -3.1729114224349391 0.24621038848738674 -0.013297287631334599 3.9787764885674366 -9.1188648078686949 1.2511216619408572 0.077446747217399914 -1.3850680847895889 -33.792230853091631 -0.025657357276622862 -0.12351473762242193 -0.053486240639795568 0.035330320294734464 6.9148557498507222 0.30926230367843532 0.39495433129500751 -0.0013871505361514381 -0.52838731446274267 -0.66368696703000163 -0.38796677491227494 0.088670806470797461 -0.14745325726776956 -0.60309512169782442 -0.30018922357230926 -0.49001398285109377 0.27199262141416586 0.21929224530379943 -0.7967307450640263
leaf_weight=8557 20 20 27 497 213 24 39 41 79 150 22 74 1637 94 7013 68 89 47 4071 62 57 57 49 109 28 27 80 125 205 565
leaf_count=8557 20 20 27 497 213 24 39 41 79 150 22 74 1637 94 7013 68 89 47 4071 62 57 57 49 109 28 27 80 125 205 565
internal_value=-1.65658e-05 0.0124688 -3.73349e-05 -0.000395521 0.00446255 -0.00217313 -0.00476002 -0.000649698 -0.000259738 -0.00841306 -0.00367712 -0.0138331 -0.00330509 -6.64732e-05 0.000856489 0.0006708 -0.00122681 -0.00475051 4.80758e-05 -0.00332346 -0.00415077 -0.00328099 -0.0120919 -0.00268673 -0.0105762 -0.021057 -0.00116268 0.00878638 -0.00329373 -0.00155824
internal_weight=24146 40 24106 15549 773 276 252 14776 13090 303 1686 224 1664 12787 7122 7081 5665 1505 4160 1384 1337 1280 248 186 137 121 1032 182 850 770
internal_count=24146 40 24106 15549 773 276 252 14776 13090 303 1686 224 1664 12787 7122 7081 5665 1505 4160 1384 1337 1280 248 186 137 121 1032 182 850 770
is_linear=0
shrinkage=0.05


Tree=215
num_leaves=31
num_cat=0
split_feature=8 0 11 1 14 14 8 1 1 11 12 12 14 13 12 14 0 13 12 11 8 1 0 8 0 11 12 12 14 8
split_gain=4.10848 5.69573 9.00306 7.51351 7.27465 6.2936 8.05484 7.04299 6.73165 9.46057 6.31639 7.38802 11.0319 6.18057 8.82869 6.40809 5.88815 5.83772 5.57355 7.20921 9.29039 8.26172 9.6792 5.56221 15.5537 8.31818 11.7924 10.4253 8.31917 8.18004
threshold=-1.0000000180025095e-35 183.50000000000003 48.876815795898445 6.5000000000000009 317.86914062500006 94.143215179443374 -0.18483663350343701 11.500000000000002 2.5000000000000004 33.55232238769532 26.799804687500004 47.743755340576179 63.074302673339851 42.91651916503907 34.270107269287116 33.64043045043946 43.500000000000007 63.63823318481446 51.125007629394538 49.09088325500489 -0.73670879006385792 5.5000000000000009 68.500000000000014 0.083602152764797225 1270.5000000000002 30.86307525634766 52.378683090209968 48.434839248657234 79.212776184082045 0.040169851854443557
decision_type=2 2 2 2 2 2 2 2 2 2 2 2 2 2 2 2 2 2 2 2 2 2 2 2 2 2 2 2 2 2
left_child=1 4 3 -3 5 7 18 8 9 -1 -9 12 13 14 -12 -15 -13 -6 -7 21 -21 -20 -23 24 25 26 27 -2 29 -29
right_child=23 2 -4 -5 17 6 -8 10 -10 -11 11 16 -14 15 -16 -17 -18 -19 19 20 -22 22 -24 -25 -26 -27 -28 28 -30 -31
leaf_value=4.6764355515952465 -0.14522037821624387 1.4548938804398632 -0.093946395888704626 -2.1374302607160658 0.21985693584990074 -0.67328292591246997 1.4652427524397282 -2.7162949864699417 0.24152903260383454 -2.45017240892241 0.90597017966083959 -1.2112197289025284 -5.9573278734068005 0.30400617284916154 -2.8731614923873416 3.6261616628013273 1.3008650074002177 1.4691825951460402 2.9636856456721206 0.57069159803871772 -7.1330462346138406 0.94798869573382438 -6.3319626813810537 0.0029361005477440472 -60.543169876174801 -0.011144755994214606 -0.74711067730449443 -0.39070127346327865 3.0889654083137157 1.0749381168119847
leaf_weight=30 463 485 327 85 288 903 145 61 5405 82 128 433 37 104 70 44 52 32 34 59 30 48 21 11720 21 3018 35 25 20 20
leaf_count=30 463 485 327 85 288 903 145 61 5405 82 128 433 37 104 70 44 52 32 34 59 30 48 21 11720 21 3018 35 25 20 20
internal_value=-6.19192e-06 0.000848019 0.00462602 0.00841958 0.000424676 0.000117094 -0.00314491 0.000744636 0.00142285 -0.0107047 -0.00328275 -0.00218869 0.00300183 0.00577868 0 0.0135044 -0.00628736 0.00781006 -0.00461145 0.00312337 -0.00729517 0.0121242 0.00217077 -0.000502542 -0.00222093 -0.00196867 -0.0075475 -0.00568074 0.0130568 0.00110865
internal_weight=24225 8903 897 570 8006 7686 1240 6446 5517 112 929 868 383 346 198 148 485 320 1095 192 89 103 69 15322 3602 3581 563 528 65 45
internal_count=24225 8903 897 570 8006 7686 1240 6446 5517 112 929 868 383 346 198 148 485 320 1095 192 89 103 69 15322 3602 3581 563 528 65 45
is_linear=0
shrinkage=0.05


Tree=216
num_leaves=31
num_cat=0
split_feature=8 0 11 1 14 12 12 11 8 14 14 0 1 14 11 0 11 11 11 8 14 12 12 8 11 9 8 12 12 11
split_gain=4.48232 5.69316 8.48177 7.51351 6.46183 5.52782 5.87888 6.0022 5.99939 7.06372 5.9568 5.19727 5.60275 8.88922 6.56616 10.5361 9.72481 5.7744 7.81553 9.32311 7.13012 6.53653 8.70905 6.42259 7.19996 6.04121 5.73916 5.70666 6.8489 5.62209
threshold=-1.0000000180025095e-35 183.50000000000003 48.876815795898445 6.5000000000000009 317.86914062500006 54.857147216796882 53.202142715454109 48.162836074829109 -0.59827777743339527 87.711357116699233 56.701896667480476 163.50000000000003 12.500000000000002 258.90811157226568 55.142854690551765 3.5000000000000004 55.319793701171882 49.101196289062507 49.312675476074226 -0.56651917099952687 143.11688995361331 37.867317199707038 38.147008895874031 -0.96796011924743641 49.500080108642585 4.5000000000000009 -0.10701560974121092 26.799804687500004 34.270107269287116 49.500080108642585
decision_type=2 2 2 2 2 2 2 2 2 2 2 2 2 2 2 2 2 2 2 2 2 2 2 2 2 2 2 2 2 2
left_child=1 4 3 5 11 6 7 8 -3 -10 -9 12 13 14 17 -16 -17 -1 19 -19 21 23 -23 -20 -25 -26 29 -14 -29 -24
right_child=-2 2 -4 -5 -6 -7 -8 10 9 -11 -12 -13 27 -15 15 16 -18 18 20 -21 -22 22 26 24 25 -27 -28 28 -30 -31
leaf_value=0.19557381486325057 -0.012171729902601314 2.0139075294529079 -0.089249076094270671 -2.0305587476802631 0.29762492891460007 -0.14754333963212929 1.7682463307253102 0.35359917315928585 1.9938974347397278 -1.4008899845079172 3.9085332655500964 -1.1051528627041223 -2.178314405424465 -3.3435483323613506 -0.86752974184014975 2.9805402454803716 0.27692027187799512 -0.11856712306909892 2.6350235866651768 -5.8092382943092336 -2.9846314458600878 -8.4367974725389274 1.1535063268420473 -6.7031235146192136 0.54585670889378035 5.7561032391795406 1.6048759786322024 0.69829346733437003 -0.67369849934026405 -0.38158270575454201
leaf_weight=4743 15322 137 327 85 320 49 48 22 132 74 23 118 55 35 27 39 459 77 22 39 74 32 87 25 263 39 30 176 578 768
leaf_count=4743 15322 137 327 85 320 49 48 22 132 74 23 118 55 35 27 39 459 77 22 39 74 32 87 25 263 39 30 176 578 768
internal_value=6.81112e-05 0.00096034 0.00473749 0.00841958 0.00053709 0.0108225 0.0126118 0.0105643 0.00830662 0.00291121 0.0277162 0.000247199 0.000409614 0.000880295 0.00101129 0.00637974 0.00803052 0.000556532 -0.00219765 -0.0146425 -0.00111932 -0.000236948 -0.00245339 0.00558579 0.00382146 0.00595829 -0.00152525 -0.00352243 -0.00238695 -0.00228044
internal_weight=24225 8903 897 570 8006 485 436 388 343 206 45 7686 7568 6759 6724 525 498 6199 1456 116 1340 1266 917 349 327 302 885 809 754 855
internal_count=24225 8903 897 570 8006 485 436 388 343 206 45 7686 7568 6759 6724 525 498 6199 1456 116 1340 1266 917 349 327 302 885 809 754 855
is_linear=0
shrinkage=0.05


Tree=217
num_leaves=31
num_cat=0
split_feature=8 4 5 8 13 0 13 11 11 0 12 11 11 13 12 11 13 12 0 8 11 13 8 0 1 11 1 11 13 13
split_gain=4.58203 6.69278 8.73141 12.9494 8.20725 6.6672 6.34704 5.24081 15.9258 7.92239 7.11264 4.98232 12.9672 13.1744 12.0932 7.35193 9.11564 8.47258 7.22976 6.02659 5.18609 11.1111 5.12411 7.17634 7.49529 4.98172 4.71465 8.19788 12.6498 7.17741
threshold=-0.88370937108993519 1.0000000180025095e-35 1.0000000180025095e-35 -0.96259182691574086 24.12955474853516 15.500000000000002 36.43745422363282 56.310926437377937 55.998853683471687 5.5000000000000009 51.28924751281739 34.766277313232429 34.100557327270515 71.93750381469728 51.436702728271491 35.364389419555671 57.695371627807624 47.822984695434577 15.500000000000002 -0.93363565206527699 35.711551666259773 57.272840499877937 -0.93363565206527699 19.500000000000004 8.5000000000000018 33.592111587524421 12.500000000000002 51.125007629394538 70.523578643798842 34.149635314941413
decision_type=2 2 2 2 2 2 2 2 2 2 2 2 2 2 2 2 2 2 2 2 2 2 2 2 2 2 2 2 2 2
left_child=1 4 3 25 -1 6 -4 8 11 -9 -11 12 13 14 -6 16 17 -13 -14 -20 21 -17 23 24 -18 -3 -22 28 -28 -29
right_child=-2 2 5 -5 7 -7 -8 9 -10 10 -12 15 18 -15 -16 20 22 -19 19 -21 26 -23 -24 -25 -26 -27 27 29 -30 -31
leaf_value=4.2257040945827482 -0.0059637898034168302 -0.31873800463739149 -2.2224926487293333 1.0439021382057438 0.16462877580966886 -17.762807781073832 -0.016220689931310518 -1.9275001305943142 -4.8301708491266027 0.068544461094695211 2.9174944486962788 -2.7565306726523611 0.7361663916036818 1.5876989403471371 -3.7549916764317048 -2.9441210206576063 0.36695234472966265 6.284486260721156 7.6497596688610798 1.5056602730781696 0.14939977882017816 2.8819071390306963 0.19707615763480249 -1.7784121852299422 -3.5742625393758005 0.0055626759436342215 -3.6122118133886518 1.1921610827323306 1.4305541987780346 -0.0033283439368112511
leaf_weight=48 20645 28 39 24 794 38 86 30 22 112 44 20 79 76 36 22 23 24 45 22 1526 27 20 42 24 69 174 20 21 45
leaf_count=48 20645 28 39 24 794 38 86 30 22 112 44 20 79 76 36 22 23 24 45 22 1526 27 20 42 24 69 174 20 21 45
internal_value=8.0495e-05 0.0017318 -0.00563182 0.0045417 0.00236643 -0.0131821 -0.00759392 0.00206274 0.00156755 0.0102096 0.0147341 0.00187494 0.00465735 0.00242799 0.000602337 0.000402394 -0.0101241 0.00907029 0.0184805 0.0305514 0.00128058 0.0173116 -0.0178735 -0.0230079 -0.00955414 -0.00360453 0.000839819 -0.00538255 -0.0105074 0.00998464
internal_weight=24225 3580 284 121 3296 163 125 3248 3062 186 156 3040 1052 906 830 1988 153 44 146 67 1835 49 109 89 47 97 1786 260 195 65
internal_count=24225 3580 284 121 3296 163 125 3248 3062 186 156 3040 1052 906 830 1988 153 44 146 67 1835 49 109 89 47 97 1786 260 195 65
is_linear=0
shrinkage=0.05


Tree=218
num_leaves=31
num_cat=0
split_feature=8 4 0 13 9 11 11 12 14 0 13 0 11 11 0 8 8 13 13 13 12 10 12 14 13 11 12 12 11 11
split_gain=3.89798 7.81272 8.91475 6.88264 7.04984 10.2807 8.37557 6.43997 9.94589 15.5886 8.29843 7.75974 9.15261 17.0884 10.8573 7.45064 7.09317 9.26952 8.02018 7.77066 7.62559 6.89293 6.37661 6.6893 6.47814 6.28427 6.2081 6.12728 5.8315 5.95981
threshold=-0.88370937108993519 1.0000000180025095e-35 18.500000000000004 33.855607986450202 1.5000000000000002 34.766277313232429 28.040962219238285 47.822984695434577 114.1542320251465 29.500000000000004 48.661409378051765 8.5000000000000018 53.834787368774421 52.485607147216804 104.50000000000001 -0.92228758335113514 -0.98762470483779896 60.563463211059577 64.039031982421889 68.440422058105483 57.928794860839851 4.5000000000000009 34.270107269287116 180.40700531005862 32.328477859497077 49.569253921508796 51.28924751281739 35.88701248168946 39.583370208740241 49.273410797119148
decision_type=2 2 2 2 2 2 2 2 2 2 2 2 2 2 2 2 2 2 2 2 2 2 2 2 2 2 2 2 2 2
left_child=1 3 22 4 -1 6 -6 8 15 -10 -9 16 13 21 26 -5 17 -12 -18 -20 25 28 24 -24 -3 -21 -14 -17 -13 -30
right_child=-2 2 -4 7 5 -7 -8 10 9 -11 11 12 14 -15 -16 27 18 -19 19 20 -22 -23 23 -25 -26 -27 -28 -29 29 -31
leaf_value=1.1419230986020421 -0.0056656003132459888 -0.14683630597188815 -16.337454675390642 -0.199911401166189 -1.2720858145765079 -1.9924109816860054 4.8850653618347781 4.7126524558798684 -0.58633105981213118 -9.6717183027983769 -5.3075252840271849 0.52843804685476459 0.32941480303425125 -6.4718475275591949 -0.08718394935985857 3.8598448167936912 0.0054372739445835098 1.1648366442939193 -6.4597609291839522 -0.58796646143705267 0.19144604806571908 0.78264375741447623 -0.25251773730102151 0.21852972136912882 -1.4452345444113754 -3.8515494767966696 2.7961912792702082 -0.40452243248562836 -7.0907380784317446 -0.03369442489326531
leaf_weight=55 20645 46 32 866 29 76 62 63 102 29 48 168 99 36 33 140 224 128 67 37 21 687 118 52 36 21 53 106 59 87
leaf_count=55 20645 46 32 866 29 76 62 63 102 29 48 168 99 36 33 140 224 128 67 37 21 687 118 52 36 21 53 106 59 87
internal_value=9.70068e-05 0.00162007 -0.0063358 0.00230576 0.0108059 0.00568522 0.0170143 0.00169155 -0.00108599 -0.0141114 0.00357708 0.00294101 0.00515506 0.00332658 0.0153971 0.0004496 -0.00201428 0.00624645 -0.00594434 -0.0150582 -0.00442478 0.004545 -0.00317334 0.00235156 -0.0146163 -0.0137694 0.0210388 0.00812678 -0.00159185 -0.00889802
internal_weight=24225 3580 284 3296 222 167 91 3074 1243 131 1831 1768 1222 1037 185 1112 546 176 370 146 79 1001 252 170 82 58 152 246 314 146
internal_count=24225 3580 284 3296 222 167 91 3074 1243 131 1831 1768 1222 1037 185 1112 546 176 370 146 79 1001 252 170 82 58 152 246 314 146
is_linear=0
shrinkage=0.05


Tree=219
num_leaves=31
num_cat=0
split_feature=1 11 8 14 12 1 0 8 1 14 14 14 4 8 14 12 12 12 13 12 12 14 11 13 11 14 14 0 0 1
split_gain=3.691 3.76154 4.05286 4.05168 4.33087 3.59915 2.94428 2.75707 7.31163 7.12825 7.22098 8.56711 6.03522 9.86779 10.1923 7.04458 6.61063 6.21659 7.99297 5.92177 7.68647 9.40576 5.50372 11.6686 9.64309 9.29771 8.20718 7.92489 7.63062 7.60137
threshold=18.500000000000004 35.916648864746101 -0.89918255805969227 7.7905521392822275 48.007003784179695 34.500000000000007 2.5000000000000004 -1.0000000180025095e-35 12.500000000000002 1887.367370605469 279.88272094726568 258.90811157226568 1.0000000180025095e-35 -0.39943820238113398 127.42283248901369 34.766277313232429 51.595560073852546 49.537977218627937 55.668424606323249 26.799804687500004 34.270107269287116 900.73138427734386 53.075769424438484 39.326097488403327 49.101196289062507 143.11688995361331 7.6355199813842782 28.500000000000004 204.50000000000003 4.5000000000000009
decision_type=2 2 2 2 2 2 2 2 2 2 2 2 2 2 2 2 2 2 2 2 2 2 2 2 2 2 2 2 2 2
left_child=7 2 6 -3 5 -5 -2 8 9 10 11 12 22 17 15 -15 -17 -14 -19 -10 -21 -22 24 -24 28 -26 -25 -27 -1 -28
right_child=1 3 -4 4 -6 -7 -8 -9 19 -11 -12 -13 13 14 -16 16 -18 18 -20 20 21 -23 23 26 25 27 29 -29 -30 -31
leaf_value=0.24388223481304758 0.31443351095713246 -0.65324643485563161 -0.089805859130458299 1.0660868036592839 -1.0749232899702765 -0.72829918372624136 1.7454495731163839 -0.010983791313644888 -1.7482957666474226 -1.200827903866905 0.47168997671368662 -8.3087377529498028 -0.9852261400430955 -1.1285570023470228 -1.9491488607659648 3.7912979650870171 -3.9151008298174577 -7.2018172690380515 -0.23732413623083559 0.68128120687736282 -1.0889072536914135 0.72977286791566276 1.8563145264312326 -0.45889069472973748 -0.16100633546780757 1.9799887140275663 0.0069541024177908646 -10.22983025891638 1.1722944640951454 1.6330601054142904
leaf_weight=4502 26 46 20 77 24 21 39 15285 56 22 257 21 278 56 50 107 22 36 25 158 501 24 57 124 1247 22 317 49 430 326
leaf_count=4502 26 46 20 77 24 21 39 15285 56 22 257 21 278 56 50 107 22 36 25 158 501 24 57 124 1247 22 317 49 430 326
internal_value=0.000117647 0.00612406 0.0146886 0.00178465 0.00655201 0.011213 0.0207373 5.42297e-05 0.000765503 0.00120784 0.00128689 0.00101055 0.00109831 -0.00383209 0.00404083 0.00945435 0.0158792 -0.0092893 -0.0237316 -0.00399134 -0.00270824 -0.00561798 0.00149842 0.00533916 0.000991984 -0.00280707 0.00371529 -0.0203938 0.00200726 0.00598663
internal_weight=24225 253 85 168 122 98 65 23972 8687 7948 7926 7669 7648 574 235 185 129 339 61 739 683 525 7074 824 6250 1318 767 71 4932 643
internal_count=24225 253 85 168 122 98 65 23972 8687 7948 7926 7669 7648 574 235 185 129 339 61 739 683 525 7074 824 6250 1318 767 71 4932 643
is_linear=0
shrinkage=0.05


Tree=220
num_leaves=31
num_cat=0
split_feature=11 11 12 13 11 13 2 12 0 1 13 1 8 12 12 13 13 0 13 9 8 12 13 12 11 8 12 1 13 10
split_gain=3.38686 20.7273 10.4848 11.9886 9.76079 8.7131 7.25662 7.77315 6.58785 5.61218 5.26565 5.21131 6.77992 5.38595 9.85538 8.73337 9.5696 6.60848 5.83808 7.84794 5.61531 5.23941 13.7994 15.0605 13.6958 10.193 14.0593 12.4319 11.3727 8.53644
threshold=47.743755340576179 47.842693328857429 48.805830001831062 69.709499359130874 47.665960311889656 58.331195831298835 1.0000000180025095e-35 51.28924751281739 43.500000000000007 6.5000000000000009 42.91651916503907 14.500000000000002 0.42264957726001745 34.270107269287116 37.419174194335945 32.725118637084968 26.589126586914066 10.500000000000002 51.687604904174812 1.5000000000000002 -0.93042355775833119 47.488933563232429 47.998800277709968 47.758367538452156 34.688907623291023 -0.55314385890960682 47.926656723022468 9.5000000000000018 52.02202224731446 1.5000000000000002
decision_type=2 2 2 2 2 2 2 2 2 2 2 2 2 2 2 2 2 2 2 2 2 2 2 2 2 2 2 2 2 2
left_child=4 2 3 5 11 9 7 -4 10 -2 -6 21 13 15 -15 16 -13 -17 -16 -20 -21 -1 23 24 -23 26 28 -28 -24 -27
right_child=1 -3 6 -5 8 -7 -8 -9 -10 -11 -12 12 -14 14 18 17 -18 -19 19 20 -22 22 25 -25 -26 29 27 -29 -30 -31
leaf_value=-0.057271387299580215 3.1198028355025453 0.010402473661264367 -0.29998270544331795 -0.23512693136146084 0.45486906051944653 1.4358174504522339 -7.3500906419960685 1.8037663667198431 -0.87994172100826384 0.19901568541267523 -2.1327669236854545 1.0066677413434644 0.27052379009160749 -1.9807037494604067 1.8041085777211252 0.34368701209889291 -1.4628433855711183 2.7822785929451825 0.80491386158796985 0.35579160352909905 -1.4147796065369758 3.0141478669820083 6.6939701832104834 0.88682690218423721 14.852523292098699 -1.2286739571818115 1.1635819448347655 -0.36671786699831305 -0.91714506126109407 -0.052288371380727838
leaf_weight=5362 151 11913 30 37 23 54 47 26 279 47 80 22 26 38 31 31 28 25 22 70 38 65 26 868 48 71 971 306 384 3196
leaf_count=5362 151 11913 30 37 23 54 47 26 279 47 80 22 26 38 31 31 28 25 22 70 38 65 26 868 48 71 971 306 384 3196
internal_value=0.000347521 0.000930508 0.0122418 0.0171221 -0.00024979 0.0210234 -0.0014549 0.0106952 -0.00811306 0.0161535 -0.0189137 8.59986e-06 0.00619148 0.00409702 -0.00075339 0.0131951 -0.00199601 0.026738 0.00465549 0 -0.00555042 -0.000172611 0.00085087 0.00626847 0.0234306 -0.000222038 0.00293403 0.00552032 -0.0051207 -0.0018518
internal_weight=24315 12305 392 289 12010 252 103 56 382 198 103 11628 331 305 199 106 50 56 161 130 108 11297 5935 981 113 4954 1687 1277 410 3267
internal_count=24315 12305 392 289 12010 252 103 56 382 198 103 11628 331 305 199 106 50 56 161 130 108 11297 5935 981 113 4954 1687 1277 410 3267
is_linear=0
shrinkage=0.05


Tree=221
num_leaves=31
num_cat=0
split_feature=0 8 5 1 9 0 12 13 14 14 12 14 14 0 0 8 0 0 13 14 10 1 13 13 1 14 14 12 14 14
split_gain=3.12668 5.34851 16.6088 8.60089 4.86152 10.2753 6.31679 9.0116 7.79502 6.09299 6.92481 5.15174 6.31138 4.11577 3.78443 5.60754 7.17596 3.56414 3.4171 4.20089 3.40384 3.36901 14.2709 5.71213 7.23019 6.42622 5.03567 3.77754 3.24696 5.9349
threshold=806.50000000000011 0.58354482054710399 1.0000000180025095e-35 6.5000000000000009 3.5000000000000004 1169.5000000000002 48.992321014404304 46.735242843627937 201.7736740112305 36.219490051269538 47.488933563232429 30.726154327392582 26.27635478973389 1136.0000000000002 1669.0000000000002 -0.37911385297775263 984.50000000000011 984.50000000000011 39.599325180053718 112.47220993041994 4.5000000000000009 2.5000000000000004 69.284263610839858 66.61771392822267 4.5000000000000009 51.723720550537116 94.143215179443374 47.937917709350593 138.3481369018555 170.80017852783206
decision_type=2 2 2 2 2 2 2 2 2 2 2 2 2 2 2 2 2 2 2 2 2 2 2 2 2 2 2 2 2 2
left_child=-1 2 13 4 5 -3 7 8 18 -7 -11 12 -8 -2 15 17 -17 -4 -6 -20 -18 22 26 24 25 -23 -9 -27 -13 -30
right_child=1 3 14 -5 6 9 11 21 -10 10 -12 28 -14 -15 -16 16 20 -19 19 -21 -22 23 -24 -25 -26 27 -28 -29 29 -31
leaf_value=0.005786053167791661 -8.9464463337130837 5.9036971642998868 0.25847381493679367 7.8365991885434569 1.3922216416595121 2.7316551357135133 -0.28582229508879636 1.4219925558485274 -14.796601290945455 -26.699791927280003 1.9630466729458556 0.11711005640750045 -2.8700137866383901 -41.833794491011126 -2.2807708927683708 -0.032022816601492109 2.9663280964755545 -3.0431033596382493 -3.0058379499520171 3.0228141897645955 3.7543852043828352 3.6073499813547047 -0.87793590416073075 2.9299042091518857 4.0421099381222447 -8.101598567581167 1.484235865025761 0.88451705945119563 -0.67522739824569844 -0.014391400434290347
leaf_weight=22815 27 41 22 39 172 36 113 51 34 23 39 234 21 23 23 25 21 28 38 28 27 38 28 33 36 50 53 24 31 142
leaf_count=22815 27 41 22 39 172 36 113 51 34 23 39 234 21 23 23 25 21 28 38 28 27 38 28 33 36 50 53 24 31 142
internal_value=0.000388647 0.00259983 -0.00509944 0.00375738 0.00304324 0.011862 0.00195365 0.00555461 -0.00110254 0.0030581 -0.00644122 -0.00194049 -0.01044 -0.0299401 0.00342231 0.00690496 0.0157319 -0.00598802 0.00209996 -0.0075643 0.027027 0.0113382 0.0174111 0.00690226 0.00270088 -0.00356824 0.0259366 -0.0121457 0.00085974 -0.00433276
internal_weight=24315 1500 196 1304 1265 139 1126 585 272 98 62 541 134 50 146 123 73 50 238 66 48 313 132 181 148 112 104 74 407 173
internal_count=24315 1500 196 1304 1265 139 1126 585 272 98 62 541 134 50 146 123 73 50 238 66 48 313 132 181 148 112 104 74 407 173
is_linear=0
shrinkage=0.05


Tree=222
num_leaves=31
num_cat=0
split_feature=0 8 13 11 8 13 9 11 10 14 13 14 9 0 11 11 13 13 0 14 11 13 0 0 12 13 14 13 12 14
split_gain=3.47688 10.3409 7.33339 9.16327 7.05459 3.89161 7.75197 7.74379 7.13148 5.90269 5.23289 5.59954 5.03948 4.75337 4.69865 4.33137 4.22466 3.9532 3.75659 3.73297 3.98987 6.11107 4.27322 3.23734 10.7772 6.13597 6.83775 4.40026 4.2897 4.79974
threshold=1169.5000000000002 0.066946782171726241 69.477321624755874 57.123653411865241 1.0000000180025095e-35 24.12955474853516 4.5000000000000009 48.974559783935554 4.5000000000000009 170.80017852783206 66.61771392822267 86.649124145507827 4.5000000000000009 2440.0000000000005 35.98027420043946 47.826915740966804 42.463228225708015 57.065061569213874 2299.5000000000005 14.618633747100832 47.995935440063484 42.713558197021491 1669.0000000000002 2217.0000000000005 53.834787368774421 76.779842376708999 270.00656127929693 80.424057006835952 50.414625167846687 87.711357116699233
decision_type=2 2 2 2 2 2 2 2 2 2 2 2 2 2 2 2 2 2 2 2 2 2 2 2 2 2 2 2 2 2
left_child=-1 4 3 5 -2 12 8 13 9 19 11 18 -3 16 -10 -15 -8 -18 -9 -7 21 -21 -22 24 -4 28 -27 -26 -25 -30
right_child=1 2 23 -5 -6 6 7 10 14 -11 -12 -13 -14 15 -16 -17 17 -19 -20 20 22 -23 -24 25 27 26 -28 -29 29 -31
leaf_value=0.0054967505094020378 -1.264725025282516 4.2561179969670278 0.33926907657132477 6.5528116639366942 -35.642069503042919 -5.2098583898520809 -0.70965523286831567 -1.4045619911268916 -0.31146738914003724 -3.6106250644712627 1.6848436885578231 2.0554027357646247 -1.2980888239955506 1.1583370719315267 -9.766404595166021 1.2300277106221131 13.362210156431884 1.3508929280561006 -32.734809132099294 7.435174526113105 5.9287058679574214 -6.1958310593726473 2.1994908821974763 -0.50700935873327779 0.18619970508815842 -0.004397205754325029 0.74608867644995491 -0.2341403873974599 -7.1642560640754045 1.4161104410008321
leaf_weight=23318 37 24 62 38 21 22 28 29 24 33 24 55 39 37 26 37 26 31 20 25 21 31 43 50 32 68 28 20 34 32
leaf_count=23318 37 24 62 38 21 22 28 29 24 33 24 55 39 37 26 37 26 31 20 25 21 31 43 50 32 68 28 20 34 32
internal_value=0.000368084 0.00325945 0.00452561 0.00774751 -0.0172117 0.00617284 0.0076157 0.0130617 0.000666371 0.00542547 0.0039032 -0.000960615 -0.00554675 0.0204274 -0.0159681 0.0296896 0.0123384 0.0201401 -0.0132383 0.00985222 0.0133222 0.00356506 0.0218409 -0.00153327 0.00525855 -0.00518623 0.00416233 -0.0115163 -0.0129199 -0.00453858
internal_weight=24315 997 939 613 58 575 512 287 225 175 128 104 63 159 50 74 85 57 49 142 120 56 64 326 114 212 96 52 116 66
internal_count=24315 997 939 613 58 575 512 287 225 175 128 104 63 159 50 74 85 57 49 142 120 56 64 326 114 212 96 52 116 66
is_linear=0
shrinkage=0.05


Tree=223
num_leaves=31
num_cat=0
split_feature=0 8 12 8 14 11 11 14 11 11 0 14 10 11 12 1 11 7 12 12 14 5 14 12 14 0 11 14 0 0
split_gain=3.05741 10.1393 7.62045 7.05459 2.95083 3.82657 9.47148 8.69861 8.39291 5.91173 5.95253 5.95957 8.9865 5.54025 5.24782 5.45385 4.6431 4.64259 4.31353 4.08675 3.51364 3.39931 3.2037 2.88186 2.85007 2.57533 8.05747 5.72284 6.40591 5.7314
threshold=1169.5000000000002 0.066946782171726241 53.342002868652351 1.0000000180025095e-35 1217.7867431640627 38.051795959472663 47.842693328857429 25.258034706115726 47.995935440063484 48.20739936828614 2440.0000000000005 67.253444671630874 4.5000000000000009 32.883178710937507 47.438241958618171 2.5000000000000004 55.319793701171882 1.0000000180025095e-35 35.201740264892585 48.948131561279304 100.83376312255861 1.0000000180025095e-35 170.80017852783206 36.56059646606446 86.649124145507827 1584.5000000000002 47.995935440063484 97.010589599609389 2440.0000000000005 3011.5000000000005
decision_type=2 2 2 2 2 2 2 2 2 2 2 2 2 2 2 2 2 2 2 2 2 2 2 2 2 2 2 2 2 2
left_child=-1 3 4 -2 5 7 -7 19 -8 -10 14 16 22 23 18 20 -12 24 -11 -3 -16 -15 -13 -9 -17 26 -4 -27 -29 -30
right_child=1 2 25 -5 -6 6 8 13 9 10 11 12 -14 21 15 17 -18 -19 -20 -21 -22 -23 -24 -25 -26 27 -28 28 29 -31
leaf_value=0.0052219129839319763 -1.2014887740183895 9.7489730233801328 -0.31599354715742156 -33.859966027890771 -1.4761724589211895 1.6185246942200224 -5.6378445198882821 -0.84759215442153113 1.3357354922376914 1.5275023209469205 -7.8030036690493247 0.10467482912981368 1.2050467100672053 -0.30839529914640523 -0.023449822212066353 4.1359125771253336 0.08890587151220615 2.2394907933420227 -0.74002659532241144 0.26128298143336937 0.12975325484913186 -4.7829024810547116 -3.1330553909914993 4.7880981934381426 4.3583269025961169 -1.1329625208459362 3.6977811839472561 -0.2224333680275862 1.5372537561017283 -0.21967545659708351
leaf_weight=23318 37 22 20 21 23 81 27 28 33 36 33 20 47 41 33 33 29 24 40 20 32 51 22 29 20 85 20 30 25 35
leaf_count=23318 37 22 20 21 23 81 27 28 33 36 33 20 47 41 33 33 29 24 40 20 32 51 22 29 20 85 20 30 25 35
internal_value=0.000347521 0.00305887 0.00431264 -0.0172117 0.00676702 0.0073456 0.00960596 0.00130822 0.00664181 0.00845561 0.00663777 -0.00099272 0.00729517 -0.00435949 0.0119211 0.0175932 -0.0128824 0.0265888 0.00131406 0.0213777 0.00691244 -0.0119435 -0.00950119 0.00788091 0.0348399 -0.00395165 0.0074813 -0.00656768 0.00221976 0.0116473
internal_weight=24315 997 939 58 724 701 510 191 429 402 369 151 89 149 218 142 62 77 76 42 65 92 42 57 53 215 40 175 90 60
internal_count=24315 997 939 58 724 701 510 191 429 402 369 151 89 149 218 142 62 77 76 42 65 92 42 57 53 215 40 175 90 60
is_linear=0
shrinkage=0.05


Tree=224
num_leaves=31
num_cat=0
split_feature=0 8 13 13 13 0 13 12 12 14 14 10 14 13 11 0 13 11 14 13 13 13 14 14 12 11 11 11 1 8
split_gain=3.42133 9.56449 5.92464 5.18758 5.12954 4.67472 7.983 6.46791 5.17814 4.63467 9.60765 4.6243 8.70761 5.46733 5.13518 4.38147 4.25536 4.04532 3.5811 3.2098 4.9557 3.17871 11.9432 4.8201 5.74463 3.18473 19.6496 9.54933 8.83436 8.73723
threshold=1951.5000000000002 0.41080196201801306 65.142917633056655 66.61771392822267 69.477321624755874 2217.0000000000005 75.742309570312514 50.138500213623054 48.458393096923835 72.935737609863295 124.8871192932129 4.5000000000000009 36.66943550109864 36.43745422363282 47.937917709350593 3011.5000000000005 35.299472808837898 49.12916564941407 79.212776184082045 50.158519744873054 58.78742980957032 107.48803329467775 48.027349472045906 25.819300651550297 61.031497955322273 47.743755340576179 47.861955642700202 38.014425277709968 17.500000000000004 -0.95341250300407399
decision_type=2 2 2 2 2 2 2 2 2 2 2 2 2 2 2 2 2 2 2 2 2 2 2 2 2 2 2 2 2 2
left_child=21 -2 11 -4 17 -6 8 -8 -7 -9 -11 12 14 -14 -3 18 -13 -5 -10 -15 -21 25 23 24 -23 27 29 28 -1 -27
right_child=1 2 3 4 5 6 7 9 15 10 -12 16 13 19 -16 -17 -18 -19 -20 20 -22 22 -24 -25 -26 26 -28 -29 -30 -31
leaf_value=0.001850918766302101 -24.628828226501369 7.640668434965022 -8.9910841308252003 -4.6971272325685751 0.1895951962336227 -5.9762951013580619 0.32292664292787665 -0.21594394814443663 -1.4259199042558308 0.97760704540405508 -0.067527313533826572 -0.25474703584303049 1.7998889669089602 -5.5766135031701785 1.7997924540698769 -6.349913386012755 1.0400008187157341 1.8873117564346871 1.3124344092489353 1.0572363556451094 -4.5537502139052677 -0.003185817165762295 0.16367415006517705 -0.24347685473680925 -0.28003080462305036 2.2627484143652525 0.010950266424997324 -0.21763387457821892 0.32567742566089192 0.96558926434966319
leaf_weight=10511 20 22 27 20 31 24 27 23 20 20 36 22 36 32 32 41 76 29 20 21 24 87 36 37 21 31 11280 1196 121 392
leaf_count=10511 20 22 27 20 31 24 27 23 20 20 36 22 36 32 32 41 76 29 20 21 24 87 36 37 21 31 11280 1196 121 392
internal_value=0.000343408 0.00406234 0.00523066 0.000628733 0.00257643 -0.000413052 -0.00307911 0.00659755 -0.0128449 -0.000632111 0.00713012 0.0107507 0.00568522 -0.00221043 0.0221811 -0.00678175 0.019368 0.0173116 0.00498753 -0.00972763 -0.00110865 0.000248818 -0.00635008 -0.0127498 -0.00740056 0.000299604 0.000884381 -0.000278997 0.000197515 0.011463
internal_weight=24315 603 583 318 291 242 211 106 105 79 56 265 167 113 54 81 98 49 40 77 45 23712 181 145 108 23531 11703 11828 10632 423
internal_count=24315 603 583 318 291 242 211 106 105 79 56 265 167 113 54 81 98 49 40 77 45 23712 181 145 108 23531 11703 11828 10632 423
is_linear=0
shrinkage=0.05


Tree=225
num_leaves=31
num_cat=0
split_feature=10 0 9 3 14 14 12 11 11 14 14 14 0 8 12 12 10 0 14 0 1 11 12 13 10 8 14 0 8 0
split_gain=4.3824 14.83 17.9545 9.90327 11.0912 8.50636 8.02315 8.91561 5.71486 5.68006 5.05735 9.84908 3.17402 12.4704 6.45158 5.16066 4.45304 6.24578 4.96976 3.63528 10.7044 12.1033 10.3669 8.67359 6.04095 8.89482 12.9547 7.72076 6.03807 7.50888
threshold=1.5000000000000002 156.50000000000003 2.5000000000000004 1.0000000180025095e-35 15.372015953063967 16.667299270629886 40.618124008178718 49.09088325500489 38.147008895874031 1.8548100590705874 31.0545768737793 73.965454101562514 1951.5000000000002 0.41080196201801306 53.342002868652351 54.034259796142585 4.5000000000000009 2606.5000000000005 220.46801757812503 236.50000000000003 3.5000000000000004 51.735084533691413 60.742162704467781 37.034200668334968 3.5000000000000004 0.39433813095092779 65.719970703125014 615.50000000000011 -0.37911385297775263 806.50000000000011
decision_type=2 2 2 2 2 2 2 2 2 2 2 2 2 2 2 2 2 2 2 2 2 2 2 2 2 2 2 2 2 2
left_child=1 2 9 -4 6 8 -5 -8 -3 -1 -7 -12 19 -14 16 -16 17 -15 -19 -2 22 28 -21 -23 27 26 -26 -25 -22 -30
right_child=12 5 3 4 -6 10 7 -9 -10 -11 11 -13 13 14 15 -17 -18 18 -20 20 21 23 -24 24 25 -27 -28 -29 29 -31
leaf_value=0.024974845319431439 0.010623830753266939 4.5143438591249438 2.1346070001783826 0.13985760095600019 -1.2461768002047258 -0.99073141711302881 -0.13671527036509873 0.093358845703072471 12.073844900033396 -0.15090914499702246 3.8705311954362345 -1.8013649403425824 -32.985543946879993 2.1612410117935137 -10.035534267961697 8.7529002148301063e-05 0.73244981356110095 0.019191410997680694 -15.817629072177708 0.22805161264448942 0.96302363687576364 2.3518175297021657 -0.50249538045824449 2.5813493216856163 -1.5864524454276734 -1.4332695150986028 5.3689436317514945 -6.8310559230900258 -1.7330346557092484 0.46820983860070342
leaf_weight=26 18658 21 58 44 38 30 29 40 57 300 28 22 20 98 24 123 187 98 31 1855 168 115 28 37 28 193 30 22 1583 303
leaf_count=26 18658 21 58 44 38 30 29 40 57 300 28 22 20 98 24 123 187 98 31 1855 168 115 28 37 28 193 30 22 1583 303
internal_value=0.000337531 0.00425624 0.000280321 0.0117169 0.0049636 0.0177103 0.0128205 0.00217077 0.0294494 -0.00705305 0.0062422 0.0159681 0.000222447 0.00387197 0.00525753 -0.00373895 0.00845206 0.00374284 -0.00348567 0.000130321 -0.00116916 -0.00332782 0.00167277 0.00435192 0 -0.00338511 0.0137694 0.0143824 -0.004917 -0.0057261
internal_weight=24294 693 535 209 151 158 113 69 78 326 80 50 23601 581 561 147 414 227 129 23020 4362 2479 1883 425 310 251 58 59 2054 1886
internal_count=24294 693 535 209 151 158 113 69 78 326 80 50 23601 581 561 147 414 227 129 23020 4362 2479 1883 425 310 251 58 59 2054 1886
is_linear=0
shrinkage=0.05


Tree=226
num_leaves=31
num_cat=0
split_feature=0 8 12 12 12 0 13 11 10 13 11 0 0 1 13 0 13 0 13 11 8 0 13 14 13 11 10 1 11 0
split_gain=3.8581 9.69489 6.25098 5.33212 4.04532 7.57714 4.91913 7.58493 4.42251 7.10714 3.70905 3.36633 6.44834 8.0427 2.97648 4.39069 5.92092 4.2907 3.50173 3.82211 3.63152 5.25437 4.63921 6.46292 3.35725 6.89104 3.59995 3.73615 6.95153 5.11644
threshold=1951.5000000000002 0.41080196201801306 53.342002868652351 54.034259796142585 35.266717910766609 3283.0000000000005 45.161245346069343 47.842693328857429 4.5000000000000009 65.142917633056655 37.873378753662116 3847.5000000000005 2440.0000000000005 2.5000000000000004 15.0381236076355 446.50000000000006 13.382874965667726 239.50000000000003 8.1759228706359881 36.63423156738282 -0.72453445196151722 26.500000000000004 11.160147666931154 57.853176116943366 17.830595970153812 27.473635673522953 3.5000000000000004 5.5000000000000009 37.575902938842781 152.50000000000003
decision_type=2 2 2 2 2 2 2 2 2 2 2 2 2 2 2 2 2 2 2 2 2 2 2 2 2 2 2 2 2 2
left_child=14 -2 4 -4 5 -3 7 -6 10 -10 -8 12 -12 -14 15 17 -17 18 19 -1 -20 -22 -23 -24 25 -16 -27 28 -28 -29
right_child=1 2 3 -5 6 -7 8 -9 9 -11 11 -13 13 -15 24 16 -18 -19 20 -21 21 22 23 -25 -26 26 27 29 -30 -31
leaf_value=3.4694238768663257 -31.336266749535998 4.753051830996843 -9.5337575545636124 0.0031096623726533327 0.92853996472861722 -0.43251963975319258 -8.2909443353515488 -4.7833931222655695 1.1333454739179361 0.14263601475447416 2.4703184363381556 1.3086468247140439 0.050848244411159982 -7.9168494040293016 -3.3920649945809296 0.43610320304554295 12.46289628761108 -1.8364559285856332 4.5206189653057693 -0.26353114537962624 -2.7704658497832573 -1.7197792018024154 -0.50822931162985296 3.4007807805601886 0.0041754305898482613 3.675105587087748 3.7207249615244566 2.1562913455620163 -4.8318624920176916 -1.8105376525528518
leaf_weight=37 20 35 24 124 31 26 21 21 57 102 51 28 32 23 40 40 23 64 26 24 20 50 34 63 23138 26 26 37 28 23
leaf_count=37 20 35 24 124 31 26 21 21 57 102 51 28 32 23 40 40 23 64 26 24 20 50 34 63 23138 26 26 37 28 23
internal_value=0.000308717 0.00428499 0.00547731 -0.0033761 0.00854601 0.0204583 0.00655559 -0.00767754 0.00891436 0.0147706 0.00290135 0.0059657 0.00188501 -0.00998185 0.000208869 0.00459197 0.0166403 0.00220057 0.0051161 0.0155483 0.00181253 -0.000897666 0.00237933 0.00875386 0.000137232 -0.00666297 -0.00142755 -0.00525855 -0.0147874 0.00332779
internal_weight=24294 595 575 148 427 61 366 52 314 159 155 134 106 55 23699 381 63 318 254 61 193 167 147 97 23318 180 140 114 54 60
internal_count=24294 595 575 148 427 61 366 52 314 159 155 134 106 55 23699 381 63 318 254 61 193 167 147 97 23318 180 140 114 54 60
is_linear=0
shrinkage=0.05


Tree=227
num_leaves=31
num_cat=0
split_feature=10 0 11 14 12 13 12 14 14 13 11 14 0 13 12 12 14 0 13 13 11 14 12 8 0 8 14 12 10 14
split_gain=3.57504 13.0522 7.93354 6.73177 6.54454 6.81245 5.43212 5.05735 9.84908 4.84922 4.80919 4.14694 9.12196 4.87611 14.391 6.89066 6.58013 5.62152 4.64022 4.53729 10.3877 3.61671 2.81986 2.67607 2.67076 9.27763 7.45484 6.36174 5.89468 6.43119
threshold=1.5000000000000002 156.50000000000003 60.268186569213874 16.667299270629886 33.273139953613288 36.723337173461921 35.711551666259773 31.0545768737793 73.965454101562514 72.20270156860353 35.324541091918952 2.7543928623199467 20.500000000000004 59.739341735839851 52.542108535766609 50.647682189941413 4.544748306274415 26.500000000000004 56.072263717651374 49.232978820800788 47.730339050292976 7.6355199813842782 53.027666091918952 0.074271079152822508 1951.5000000000002 0.41080196201801306 1478.4567871093752 53.342002868652351 4.5000000000000009 177.8874435424805
decision_type=2 2 2 2 2 2 2 2 2 2 2 2 2 2 2 2 2 2 2 2 2 2 2 2 2 2 2 2 2 2
left_child=1 2 4 9 5 10 -6 -5 -9 -3 -1 12 23 14 19 16 -15 -17 -16 20 -13 -7 -4 -8 -2 -26 27 28 -27 -30
right_child=24 3 22 7 6 21 11 8 -10 -11 -12 13 -14 15 18 17 -18 -19 -20 -21 -22 -23 -24 -25 25 26 -28 -29 29 -31
leaf_value=0.60259757131789249 0.0023031424487825803 7.2492888251607157 0.84653419767315974 -0.82171440396548479 -0.22826913333870974 0.061726071492562443 0.021646388983078069 3.7228116481143192 -1.7115054648549457 11.684696785207658 -5.170839655628682 -2.3645163905467603 -1.2908708513927543 -0.16829372156464634 2.1215366143883858 -0.25869257867153911 0.055902654013874911 -0.95351385792420729 0.048044096445413589 -1.6984107694492694 1.5873163868672431 0.19067303636361146 0.0057184604129037813 0.11551096594341104 -29.7694534120592 0.14331880141817097 -1.4427417617142169 -0.13786197585961305 0.34705111603544198 1.5746933215132075
leaf_weight=24 23020 44 23 30 20 26 20 28 22 34 23 31 32 22 34 38 39 31 21 67 22 20 21 21 20 218 25 139 127 52
leaf_count=24 23020 44 23 30 20 26 20 28 22 34 23 31 32 22 34 38 39 31 21 67 22 20 21 21 20 218 25 139 127 52
internal_value=0.00028402 0.0038234 9.34405e-05 0.0164453 -0.00173081 0.0102041 -0.00452148 0.0062422 0.0159681 0.0268886 -0.00318471 -0.00317376 0.00752394 -0.00573582 -0.000285551 -0.0130669 -0.000818331 -0.0238784 0.0208711 -0.00999167 0.00094162 0.0238612 0.0204082 0.0231144 0.000180076 0.00352779 0.00472287 0.00596904 0.00919164 0.0159129
internal_weight=24294 693 535 158 491 93 398 80 50 78 47 378 73 305 175 130 61 69 55 120 53 46 44 41 23601 581 561 536 397 179
internal_count=24294 693 535 158 491 93 398 80 50 78 47 378 73 305 175 130 61 69 55 120 53 46 44 41 23601 581 561 536 397 179
is_linear=0
shrinkage=0.05


Tree=228
num_leaves=31
num_cat=0
split_feature=10 0 9 3 14 12 14 0 1 1 0 13 14 14 13 13 13 12 8 8 13 8 14 0 8 0 11 14 14 11
split_gain=5.09119 11.6028 13.0032 11.0132 9.86965 8.78524 6.73177 6.13248 8.63631 9.26835 5.65532 9.50842 5.05735 9.84908 4.84922 4.45615 14.7975 13.4639 5.23426 7.94736 7.43348 5.50438 3.96577 3.84945 9.66398 4.85209 3.98606 7.09608 6.88952 8.21695
threshold=1.5000000000000002 156.50000000000003 2.5000000000000004 1.0000000180025095e-35 15.372015953063967 37.773851394653327 16.667299270629886 12.500000000000002 4.5000000000000009 9.5000000000000018 35.500000000000007 96.76904678344728 31.0545768737793 73.965454101562514 72.20270156860353 69.709499359130874 62.248908996582038 56.160091400146491 0.077254641801118865 0.81397619843482982 47.421842575073249 0.035821216180920608 58.483251571655281 1951.5000000000002 0.41080196201801306 2086.5000000000005 49.392564773559577 29.739238739013675 89.364246368408217 37.765806198120124
decision_type=2 2 2 2 2 2 2 2 2 2 2 2 2 2 2 2 2 2 2 2 2 2 2 2 2 2 2 2 2 2
left_child=1 2 7 -4 5 -5 14 8 -1 -10 11 -7 -8 -14 -3 16 18 -17 21 -20 -21 -9 -22 -2 -25 -26 27 -27 -29 -30
right_child=23 6 3 4 -6 10 12 15 9 -11 -12 -13 13 -15 -16 17 -18 -19 19 20 22 -23 -24 24 25 26 -28 28 29 -31
leaf_value=0.099553885091230407 0.0021879853263431673 6.886824383902681 1.9791498553062035 0.14990970804630877 -1.1627798174295789 -0.15778825291062937 -0.7806286837672094 -2.6333102571139131 -0.83557565683525858 0.19572903707412356 1.1375729123603322 0.10279007038895537 3.5366710657086031 -1.6259301916121984 11.100461945947274 0.22293478497150032 -0.26969215730296353 -0.15360152456251178 -3.9875488868394799 0.93047866837986715 -1.981943939617796 1.2445797563585144 -0.30567271380519634 -28.28098074145624 2.2734735971003714 2.2186336821584081 -0.02125978696006996 -3.9862436424168353 -1.9132300790567371 0.77277516419476344
leaf_weight=52 23020 44 58 37 38 34 30 32 26 26 22 20 28 22 34 22 24 20 26 24 26 25 23 20 37 52 248 68 45 111
leaf_count=52 23020 44 58 37 38 34 30 32 26 26 22 20 28 22 34 22 24 20 26 24 26 25 23 20 37 52 248 68 45 111
internal_value=0.000321066 0.0045448 0.00102785 0.0107604 0.00363997 0.0110522 0.0164453 -0.00521312 0.00480307 -0.00959693 0.00131406 -0.00739372 0.0062422 0.0159681 0.0268886 -0.00990545 -0.0133259 0.00475059 -0.00768738 -0.0146317 -0.00615595 0.00437828 -0.0173116 0.000197025 0.00421614 0.00543575 0.00419767 0.00833032 0.00446229 0.0102498
internal_weight=24294 693 535 209 151 113 158 326 104 52 76 54 80 50 78 222 180 42 156 99 73 57 49 23601 581 561 524 276 224 156
internal_count=24294 693 535 209 151 113 158 326 104 52 76 54 80 50 78 222 180 42 156 99 73 57 49 23601 581 561 524 276 224 156
is_linear=0
shrinkage=0.05


Tree=229
num_leaves=31
num_cat=0
split_feature=10 0 9 2 12 11 12 0 1 1 13 14 14 11 13 12 13 12 13 12 11 11 12 13 8 0 9 13 11 14
split_gain=2.80544 12.6425 11.4368 10.7889 13.9848 7.593 7.07066 6.08203 9.82666 7.65754 6.00835 5.23616 4.94222 4.64564 7.6608 6.36934 4.56295 3.53753 3.50518 4.83216 3.19487 2.92526 2.64334 2.58693 13.2325 6.60494 8.76469 12.0243 8.04754 7.23124
threshold=1.5000000000000002 156.50000000000003 2.5000000000000004 1.0000000180025095e-35 40.618124008178718 47.714075088500984 54.857147216796882 12.500000000000002 4.5000000000000009 9.5000000000000018 51.48985671997071 270.00656127929693 16.667299270629886 48.756807327270515 49.232978820800788 36.56059646606446 43.105707168579109 50.369464874267585 58.105291366577156 51.993598937988288 51.518028259277351 38.147008895874031 37.867317199707038 100.89768600463869 0.19082633405923846 17.500000000000004 1.5000000000000002 107.48803329467775 52.842067718505866 44.218490600585945
decision_type=2 2 2 2 2 2 2 2 2 2 2 2 2 2 2 2 2 2 2 2 2 2 2 2 2 2 2 2 2 2
left_child=1 2 7 4 10 -6 12 8 22 -10 -4 13 21 15 -15 -9 -14 -16 -7 -20 -19 -3 -1 -2 25 -25 28 -28 -27 -29
right_child=23 6 3 -5 5 18 -8 11 9 -11 -12 -13 16 14 17 -17 -18 20 19 -21 -22 -23 -24 24 -26 26 27 29 -30 -31
leaf_value=0.013901366904702783 0.0057080689440546454 3.5816122341860339 0.4329831427475343 1.7564611634231875 -1.148039886603619 1.9997934225256928 10.141406116808705 -0.10116159200827646 -0.79379687399349574 0.1859425852204174 0.11562681215821176 0.38675261606063827 0.95535571414706055 1.5157786700073175 -0.0096645662587208758 -0.36039742154031096 -1.3482887771434151 -0.087999005182068227 0.090705219612222623 -0.024980188181588051 -1.0906477744780936 9.6567291915063382 0.18419621753631044 -0.067684697765821339 0.10292164649514622 0.39014597338794066 -0.10543843814859742 -0.036352631703930174 -0.0039910457633862252 0.21949287839210677
leaf_weight=23 23294 21 32 30 34 20 35 21 26 26 36 33 40 20 37 43 30 46 26 31 22 32 29 44 20 20 89 94 20 20
leaf_count=23 23294 21 32 30 34 20 35 21 26 26 36 33 40 20 37 43 30 46 26 31 22 32 29 44 20 20 89 94 20 20
internal_value=0.000255206 0.00339056 -0.000280321 0.00884744 0.0041876 -0.00675068 0.0158128 -0.00613309 0.00384246 -0.0115163 0.0220264 -0.0108059 0.0101543 -0.0140137 -0.00839329 -0.024961 0.00142653 -0.0137964 0.00194553 -0.00437828 -0.020558 0.0216573 0.0191939 0.000163128 -0.00439596 -0.00714037 -0.00390786 -0.00812408 0.0174564 0.00262927
internal_weight=24294 693 535 209 179 111 158 326 104 52 68 222 123 189 125 64 70 105 77 57 68 53 52 23601 307 287 243 203 40 114
internal_count=24294 693 535 209 179 111 158 326 104 52 68 222 123 189 125 64 70 105 77 57 68 53 52 23601 307 287 243 203 40 114
is_linear=0
shrinkage=0.05


Tree=230
num_leaves=31
num_cat=0
split_feature=0 12 13 2 12 5 13 12 12 1 1 13 13 11 11 12 12 12 11 1 14 13 0 12 12 8 11 13 12 11
split_gain=5.04938 3.88548 14.6069 13.0895 14.9585 13.0442 11.4168 10.8646 10.7759 9.69729 9.25036 8.70284 13.5594 16.249 13.7123 11.3729 9.29508 10.8132 9.19818 8.68146 8.61858 10.3616 8.55489 10.0683 10.733 8.44185 11.9466 10.1564 8.21636 8.88608
threshold=5396.0000000000009 47.438241958618171 51.835308074951179 1.0000000180025095e-35 47.842693328857429 1.0000000180025095e-35 58.331195831298835 36.073661804199226 35.916648864746101 11.500000000000002 14.500000000000002 48.855197906494148 61.177734375000007 25.250650405883793 31.291240692138675 25.235399246215824 35.112834930419929 35.364389419555671 36.734548568725593 18.500000000000004 7.4641220569610605 71.510334014892592 497.50000000000006 47.721446990966804 47.795911788940437 0.040169851854443557 29.481798171997074 55.013584136962898 33.592111587524421 34.367332458496101
decision_type=2 2 2 2 2 2 2 2 2 2 2 2 2 2 2 2 2 2 2 2 2 2 2 2 2 2 2 2 2 2
left_child=1 7 3 5 -5 22 9 8 11 -4 -6 -1 14 -14 25 -15 -16 18 -18 -8 21 -17 23 -3 -25 27 -27 -13 29 -22
right_child=-2 2 6 4 10 -7 19 -9 -10 -11 -12 12 13 15 16 20 17 -19 -20 -21 28 -23 -24 24 -26 26 -28 -29 -30 -31
leaf_value=-0.10249893593719391 0.76018622957941229 2.6411576195105981 -0.50946209597498737 7.8309636238330658 0.7528577696409422 -3.6098347000179829 0.015170451177020185 -0.18980467658976929 1.9117716389063177 -2.0328301774877882 2.407471940684792 -0.70895860956499712 1.3865086750233755 0.2659119180860911 0.35303138099190456 -0.32900169373808325 3.3241945347328254 0.10862922480149884 5.0192173835965015 0.40704016684162386 0.24369047364995 -0.00024556167260598728 -2.3510276825532874 -5.1552709409544084 0.42282515506851936 -0.18225927006607423 -0.70562680689466151 4.0072091569745245 -0.073482693270984584 -0.00097854642889432246
leaf_weight=6139 43 54 1555 145 772 143 8975 2613 70 142 20 104 24 39 1008 46 94 100 141 39 36 37 210 51 930 143 37 59 244 274
leaf_count=6139 43 54 1555 145 772 143 8975 2613 70 142 20 104 24 39 1008 46 94 100 141 39 36 37 210 51 930 143 37 59 244 274
internal_value=0.00030263 0.000272231 0.000859153 0.00445142 0.00901718 0.00136878 7.93569e-05 -0.000410417 0.00044793 -0.00368275 0.00631233 0.000287387 0.00284984 -0.00299957 0.00527845 -0.00443721 0.00755714 0.0147717 0.0206295 0.000787655 -0.00604301 -0.021059 0.00301181 0.00487876 0.00372031 -0.00364325 -0.0111049 0.00459841 -0.00378993 0.00161238
internal_weight=24287 24244 13036 2325 937 1388 10711 11208 8595 1697 792 8525 2386 700 1686 676 1343 335 235 9014 637 83 1245 1035 981 343 180 163 554 310
internal_count=24287 24244 13036 2325 937 1388 10711 11208 8595 1697 792 8525 2386 700 1686 676 1343 335 235 9014 637 83 1245 1035 981 343 180 163 554 310
is_linear=0
shrinkage=0.05


end of trees

feature_importances:
Column_13=1289
Column_12=1092
Column_11=905
Column_0=882
Column_14=719
Column_8=706
Column_1=396
Column_10=327
Column_9=281
Column_2=93
Column_3=73
Column_4=52
Column_7=52
Column_5=51
Column_6=12

parameters:
[boosting: gbdt]
[objective: regression_l1]
[metric: l1,rmse]
[tree_learner: serial]
[device_type: cpu]
[data_sample_strategy: bagging]
[data: ]
[valid: ]
[num_iterations: 600]
[learning_rate: 0.05]
[num_leaves: 31]
[num_threads: 0]
[seed: 0]
[deterministic: 1]
[force_col_wise: 0]
[force_row_wise: 0]
[histogram_pool_size: -1]
[max_depth: -1]
[min_data_in_leaf: 20]
[min_sum_hessian_in_leaf: 0.001]
[bagging_fraction: 0.9]
[pos_bagging_fraction: 1]
[neg_bagging_fraction: 1]
[bagging_freq: 5]
[bagging_seed: 3]
[bagging_by_query: 0]
[feature_fraction: 0.9]
[feature_fraction_bynode: 1]
[feature_fraction_seed: 2]
[extra_trees: 0]
[extra_seed: 6]
[early_stopping_round: 0]
[early_stopping_min_delta: 0]
[first_metric_only: 0]
[max_delta_step: 0]
[lambda_l1: 0]
[lambda_l2: 0.1]
[linear_lambda: 0]
[min_gain_to_split: 0]
[drop_rate: 0.1]
[max_drop: 50]
[skip_drop: 0.5]
[xgboost_dart_mode: 0]
[uniform_drop: 0]
[drop_seed: 4]
[top_rate: 0.2]
[other_rate: 0.1]
[min_data_per_group: 100]
[max_cat_threshold: 32]
[cat_l2: 10]
[cat_smooth: 10]
[max_cat_to_onehot: 4]
[top_k: 20]
[monotone_constraints: ]
[monotone_constraints_method: basic]
[monotone_penalty: 0]
[feature_contri: ]
[forcedsplits_filename: ]
[refit_decay_rate: 0.9]
[cegb_tradeoff: 1]
[cegb_penalty_split: 0]
[cegb_penalty_feature_lazy: ]
[cegb_penalty_feature_coupled: ]
[path_smooth: 0]
[interaction_constraints: ]
[verbosity: -1]
[saved_feature_importance_type: 0]
[use_quantized_grad: 0]
[num_grad_quant_bins: 4]
[quant_train_renew_leaf: 0]
[stochastic_rounding: 1]
[linear_tree: 0]
[max_bin: 255]
[max_bin_by_feature: ]
[min_data_in_bin: 3]
[bin_construct_sample_cnt: 200000]
[data_random_seed: 1]
[is_enable_sparse: 1]
[enable_bundle: 1]
[use_missing: 1]
[zero_as_missing: 0]
[feature_pre_filter: 1]
[pre_partition: 0]
[two_round: 0]
[header: 0]
[label_column: ]
[weight_column: ]
[group_column: ]
[ignore_column: ]
[categorical_feature: ]
[forcedbins_filename: ]
[precise_float_parser: 0]
[parser_config_file: ]
[objective_seed: 5]
[num_class: 1]
[is_unbalance: 0]
[scale_pos_weight: 1]
[sigmoid: 1]
[boost_from_average: 1]
[reg_sqrt: 0]
[alpha: 0.9]
[fair_c: 1]
[poisson_max_delta_step: 0.7]
[tweedie_variance_power: 1.5]
[lambdarank_truncation_level: 30]
[lambdarank_norm: 1]
[label_gain: ]
[lambdarank_position_bias_regularization: 0]
[eval_at: ]
[multi_error_top_k: 1]
[auc_mu_weights: ]
[num_machines: 1]
[local_listen_port: 12400]
[time_out: 120]
[machine_list_filename: ]
[machines: ]
[gpu_platform_id: -1]
[gpu_device_id: -1]
[gpu_use_dp: 0]
[num_gpu: 1]

end of parameters

pandas_categorical:null
